merchant_id,merchant_name,mcc,merchant_category,business_type,city,state,onboarding_date,settlement_account,merchant_status,declared_avg_ticket_size
MCH2849,"Bhavsar, Kota And Zacharia",7011,Hotels & Lodging,Private Limited,Ludhiana,Punjab,2025-09-23 00:00:00,,INACTIVE,2432.18
MCH4314,Deshmukh Ltd,5699,Apparel & Clothing,Private Limited,Jalandhar,Punjab,,3021439858,INACTIVE,986.05
MCH1986,"Bains, Chanda And Gh0Sh",5311,Department Stores,Individual,Jalandhar,Punjab,2026-10-01 00:00:00,,ACTIVE,1427.52
MCH3899,Goswami-Bath,4131,Transportation,Sole Proprietorship,Hyderabad,Telangana,2023-01-14 00:00:00,,ACTIVE,1271.48
MCH4859,Vasa-Raju,5812,Restaurants & Dining,Sole Proprietorship,Hyderabad,Telangana,2025-03-17 02:59:45,XXXX9523,ACTIVE,214.0
MCH6848,Dora Llc,5311,Department Stores,Partnership,Chennai,Tamil Nadu,2025-09-20 22:23:18,DUSD7272281625368,ACTIVE,1272.49
MCH9933,Bali-Zachariah,5411,Grocery Stores,Sole Proprietorship,Jaipur,Rajasthan,2023-07-06 00:00:00,TWPF4694358713410,ACTIVE,1549.0
MCH2637,Joshi Group,5999,Miscellaneous Retail,Partnership,Chennai,Tamil Nadu,2025-02-20 00:00:00,,ACTIVE,760.41
MCH8708,"Mukherjee, Sami And Purohit",5999,Miscellaneous Retail,Sole Proprietorship,Hyderabad,Telangana,2026-01-28 00:00:00,,SUSPENDED,2919.92
MCH2430,Bora Group,4814,Telecommunication Services,Individual,Amritsar,Punjab,2026-01-27 15:52:53,2955352677,ACTIVE,827.43
MCH8556,"Rout, Dhillon And Sinha",5942,Books & Stationery,Sole Proprietorship,Jaipur,Rajasthan,2023-04-05 17:49:00,,ACTIVE,
MCH9997,"Kalita, Dass And Balay",5999,Miscellaneous Retail,Individual,Ludhiana,Punjab,2023-07-12 00:00:00,XXXX2557,ACTIVE,2233.91
MCH7003,"Koshy, Samra And Chana",5942,Books & Stationery,Private Limited,Jalandhar,Punjab,2024-06-29 00:00:00,XXXX7569,ON_HOLD,776.99
MCH6945,Barad Llc,5311,Department Stores,Partnership,Ludhiana,Punjab,2025-09-13 06:55:00,,ACTIVE,3350.77
MCH4323,"Ben, Wagle And Shan",5812,Restaurants & Dining,Sole Proprietorship,Chennai,Tamil Nadu,2023-05-11 05:53:16,4367668757,SUSPENDED,
MCH1405,Sawhney-Naru1A,5912,Pharmacies & Healthcare,Sole Proprietorship,Lucknow,Uttar Pradesh,2024-12-31 00:00:00,,SUSPENDED,3091.86
MCH9459,Bala And Sons,5411,Grocery Stores,Partnership,Chennai,Tamil Nadu,2023-11-12 00:00:00,,ACTIVE,558.21
MCH7645,Majumdar-Nagarajan,5912,Pharmacies & Healthcare,Sole Proprietorship,Amritsar,Punjab,2024-09-21 00:00:00,7530870851,ACTIVE,1396.81
MCH9620,Chad Plc,5999,Miscellaneous Retail,Individual,Ludhiana,Punjab,2025-04-16 00:00:00,HEOY8360949899311,ACTIVE,786.55
MCH9815,"Narasimhan, Vasa And Goswami",5942,Books & Stationery,Individual,Delhi,Delhi,2025-10-11 04:53:00,MZNM1643262942719,ACTIVE,528.91
MCH5251,"Rana, Chandra And Tank",4131,Transportation,Partnership,Mumbai,Maharashtra,,,INACTIVE,3641.26
MCH2934,Warri0R-Siba1,5999,Miscellaneous Retail,Individual,Amritsar,Punjab,2025-04-07 00:00:00,,ACTIVE,
MCH3140,"Zachariah,Rajagopalandsamra",4814,Telecommunication Services,Private Limited,Amritsar,Punjab,2023-09-04 17:37:45,,ACTIVE,363.21
MCH2833,Kapoor-Shankar,7011,Hotels & Lodging,Sole Proprietorship,Jalandhar,Punjab,,VEQH1532066637768,ACTIVE,474.69
MCH6397,"Suri, Agrawal And Natarajan",5942,Books & Stationery,Partnership,Delhi,Delhi,2024-08-19 00:00:00,,ACTIVE,547.0
MCH2749,Issac And Sons,5912,Pharmacies & Healthcare,Sole Proprietorship,Mumbai,Maharashtra,2025-03-09 00:00:00,1616970087,ACTIVE,
MCH5089,Korpal-Parmer,5311,Department Stores,Private Limited,Jaipur,Rajasthan,2024-06-14 00:00:00,,ACTIVE,3730.0
MCH5112,Nigam-Chawla,4131,Transportation,Private Limited,Chennai,Tamil Nadu,2025-06-09 00:00:00,,INACTIVE,353.3
MCH9951,Natt Group,5912,Pharmacies & Healthcare,Partnership,Chennai,Tamil Nadu,2024-02-05 00:00:00,TSMH8783182679043,ACTIVE,1765.37
MCH4962,Venkataraman-Mannan,5942,Books & Stationery,Private Limited,Chennai,Tamil Nadu,2025-07-15 06:02:14,8238766790,ACTIVE,266.61
MCH1541,Bhattacharyya-Hans,7011,Hotels & Lodging,Private Limited,Kolkata,West Bengal,2024-03-24 00:00:00,XXXX2848,ACTIVE,621.01
MCH3442,Kuruvilla Ltd,5411,Grocery Stores,Partnership,Hyderabad,Telangana,2023-11-04 00:00:00,,INACTIVE,1281.68
MCH9993,Chadha-Tailor,5942,Books & Stationery,Private Limited,Ludhiana,Punjab,2026-01-05 00:00:00,,INACTIVE,2368.65
MCH8365,Som-Dhar,5999,Miscellaneous Retail,Individual,Pune,Maharashtra,2025-08-30 00:00:00,,ACTIVE,269.48
MCH2536,Divan-Radhakrishnan,4131,Transportation,Private Limited,Poona,Maharashtra,2025-07-09 00:00:00,NWSY9894058484946,ACTIVE,
MCH6777,Lall-Date,5411,Grocery Stores,Partnership,Lucknow,Uttar Pradesh,2023-12-20 14:05:11,XXXX6676,ACTIVE,1143.87
MCH8152,Chaudhari Plc,5912,Pharmacies & Healthcare,Sole Proprietorship,Jalandhar,Punjab,2023-07-24 20:56:00,,ACTIVE,1648.01
MCH2665,"Arora, Bir And Mahal",5311,Department Stores,Sole Proprietorship,Lucknow,Uttar Pradesh,2024-11-15 20:23:00,3459659161,INACTIVE,2101.74
MCH1384,Thakur-Ben,4814,Telecommunication Services,Individual,Hyderabad,Telangana,2023-11-04 00:00:00,,ACTIVE,1433.16
MCH4729,Parmer-Kulkarni,5311,Department Stores,Individual,Bengaluru,Karnataka,2023-03-09 15:34:00,,ACTIVE,1384.93
MCH6326,"Barad,Murtyandtella",5942,Books & Stationery,Private Limited,Chennai,Tamil Nadu,2024-06-22 18:08:00,LQXK9607455160094,ACTIVE,671.62
MCH5563,"Dubey, Wali And Yadav",5699,Apparel & Clothing,Sole Proprietorship,Kolkata,West Bengal,2024-01-28 00:00:00,5163059320,ACTIVE,2198.0
MCH3063,Bansal Inc,4131,Transportation,Individual,Jaipur,Rajasthan,2025-07-02 00:00:00,,INACTIVE,282.67
MCH7974,"Verma, Koshy And Bhardwaj",5411,Grocery Stores,Individual,Jaipur,Rajasthan,2023-10-04 00:00:00,7985944544,ACTIVE,460.5
MCH5575,Sandal Llc,5411,Grocery Stores,Partnership,Chennai,Tamil Nadu,2024-02-13 00:00:00,XXXX5528,ACTIVE,5255.72
MCH7433,"Sahota, Desai And Sarma",5999,Miscellaneous Retail,Individual,Pune,Maharashtra,2024-02-24 00:00:00,,ACTIVE,867.14
MCH1454,Wableinc,5999,Miscellaneous Retail,Individual,Lucknow,Uttar Pradesh,2025-06-18 00:00:00,7787448001,ACTIVE,2617.0
MCH1331,"Garg, Bobal And Jain",4131,Transportation,Individual,Kolkata,West Bengal,2024-06-29 00:00:00,,ACTIVE,3720.61
MCH1168,Sekhon Inc,5411,Grocery Stores,Sole Proprietorship,Hyderabad,Telangana,2025-07-26 21:06:00,,ACTIVE,6003.0
MCH5283,"Verma, Narasimhan And Balan",5912,Pharmacies & Healthcare,Individual,Delhi,Delhi,2026-02-05 00:00:00,,INACTIVE,1266.0
MCH2698,Kalallc,7011,Hotels & Lodging,Individual,Lucknow,Uttar Pradesh,2023-08-19 00:00:00,YXNF3515433387898,INACTIVE,3590.19
MCH6451,Chandran Group,5311,Department Stores,Individual,Jalandhar,Punjab,2025-10-07 00:00:00,5694147499,INACTIVE,165.95
MCH2255,Lal Ltd,5311,Department Stores,Individual,Jaipur,Rajasthan,2023-05-29 00:00:00,6674150314,ACTIVE,1404.67
MCH7312,Ramakrishnan-Banerjee,5311,Department Stores,Sole Proprietorship,Mumbai,Maharashtra,2024-02-24 11:03:00,CCCL8077324997121,ACTIVE,977.96
MCH8549,"Amb1E, Sangha And C0Mar",4814,Telecommunication Services,Individual,Ludhiana,Punjab,2026-01-12 00:00:00,XXXX7799,ACTIVE,1130.69
MCH9784,Lal Ltd,5812,Restaurants & Dining,Partnership,Chennai,Tamil Nadu,2024-12-28 05:21:00,XXXX3001,ACTIVE,1442.84
MCH5395,"Dada, Jani And Kaul",5942,Books & Stationery,Partnership,Chennai,Tamil Nadu,2025-03-06 00:00:00,,ACTIVE,698.53
MCH6067,Chaw1A-Gangu1Y,7011,Hotels & Lodging,Sole Proprietorship,Mumbai,Maharashtra,2025-12-03 00:00:00,FNQE1460028710860,INACTIVE,700.95
MCH4786,Edwin Plc,5699,Apparel & Clothing,Individual,Ludhiana,Punjab,2024-12-15 00:00:00,4903394968,ACTIVE,3435.22
MCH3559,Chokshi Inc,5812,Restaurants & Dining,Private Limited,Bengaluru,Karnataka,2024-12-23 00:00:00,XXXX5330,SUSPENDED,535.7
MCH3955,"Swamy, Dhingra And Sheth",5311,Department Stores,Individual,Chennai,Tamil Nadu,2024-11-25 00:00:00,,SUSPENDED,508.0
MCH3558,"Bhattacharyya, Mahal And Setty",4131,Transportation,Partnership,Jaipur,Rajasthan,2023-07-28 00:00:00,7325110455,ACTIVE,4448.97
MCH2879,"Pillay, Vora And Karnik",5812,Restaurants & Dining,Individual,Ldh,Punjab,2024-05-20 19:55:26,9486638654,ACTIVE,
MCH3340,Varty-Chokshi,5999,Miscellaneous Retail,Partnership,Chennai,Tamil Nadu,2023-04-07 03:02:50,,ACTIVE,311.76
MCH6403,"Sahni, Kapur And Ganesh",5699,Apparel & Clothing,Private Limited,Chennai,Tamil Nadu,2024-05-30 00:00:00,,ACTIVE,344.49
MCH3455,Singhal Llc,5311,Department Stores,Individual,Jalandhar,Punjab,2026-06-01 05:10:00,,ACTIVE,11222.95
MCH8578,Bhatt Llc,4131,Transportation,Sole Proprietorship,Poona,Maharashtra,2023-08-26 23:42:00,QYMF1422119480722,INACTIVE,2462.04
MCH4277,Chaudhry-Karpe,4131,Transportation,Private Limited,Ludhiana,Punjab,2023-11-09 07:01:01,,ACTIVE,3362.42
MCH8716,"Naik, Chada And Divan",5999,Miscellaneous Retail,Private Limited,Ldh,Punjab,2023-01-11 00:00:00,EDPS0799008597487,ACTIVE,225.43
MCH9697,Walla Ltd,4814,Telecommunication Services,Individual,Bengaluru,Karnataka,2025-07-21 00:00:00,,ACTIVE,1081.86
MCH1170,"Wali, Bala And Sanghvi",5311,Department Stores,Sole Proprietorship,Bengaluru,Karnataka,2023-01-04 15:30:00,,INACTIVE,1109.65
MCH8705,"Sahota, Kale And Patil",4131,Transportation,Private Limited,Delhi,Delhi,2024-11-10 00:00:00,XXXX9019,ACTIVE,1127.21
MCH6875,Buch Ltd,5912,Pharmacies & Healthcare,Individual,Lucknow,Uttar Pradesh,2023-02-07 00:00:00,,ACTIVE,2704.27
MCH5146,Wadhwa-Swamy,5311,Department Stores,Partnership,Jalandhar,Punjab,2023-05-11 00:00:00,,ACTIVE,
MCH7239,Tata-Hayer,7011,Hotels & Lodging,Individual,Chennai,Tamil Nadu,2025-06-09 00:00:00,MPZF9929757844428,ACTIVE,1929.61
MCH7925,Badami Group,7011,Hotels & Lodging,Sole Proprietorship,Hyderabad,Telangana,2023-07-01 00:00:00,IVGP0940394312057,ACTIVE,
MCH3625,Lall Inc,5699,Apparel & Clothing,Individual,Kolkata,West Bengal,2023-07-16 00:00:00,8363629876,INACTIVE,691.1
MCH6999,Srinivasan-Agate,5812,Restaurants & Dining,Partnership,Hyderabad,Telangana,2023-02-22 17:51:00,,ACTIVE,1015.19
MCH9868,"Bedi, Konda And Kant",5912,Pharmacies & Healthcare,Individual,Jaipur,Rajasthan,2023-02-01 06:58:00,XXXX9285,ACTIVE,444.97
MCH5356,"Solanki, Kala And Loke",4814,Telecommunication Services,Partnership,Hyderabad,Telangana,2023-03-01 00:00:00,TUAH3044152488223,ACTIVE,827.01
MCH3953,"Ray, Minhas And Yohannan",5411,Grocery Stores,Sole Proprietorship,Kolkata,West Bengal,2023-03-18 00:00:00,XXXX6303,ACTIVE,8126.93
MCH3697,Cherian Llc,7011,Hotels & Lodging,Individual,Chennai,Tamil Nadu,2023-04-11 13:30:00,,ACTIVE,2525.65
MCH6046,"Palla, Yadav And Bhatnagar",5999,Miscellaneous Retail,Individual,Bengaluru,Karnataka,2024-03-27 20:41:48,,ACTIVE,2396.76
MCH7759,"Sankaran, Patel And Narain",5699,Apparel & Clothing,Sole Proprietorship,Kolkata,West Bengal,2025-10-15 13:32:26,EADV1032511266518,ACTIVE,
MCH5657,Natt-Goel,5999,Miscellaneous Retail,Individual,Delhi,Delhi,,,ACTIVE,1355.0
MCH2432,Parmar-Parmer,4131,Transportation,Individual,Kolkata,West Bengal,,,ACTIVE,2557.63
MCH5705,Mukhopadhyay And Sons,5699,Apparel & Clothing,Sole Proprietorship,Jalandhar,Punjab,2025-02-25 00:00:00,,ACTIVE,716.31
MCH1358,"Chaudry, Baral And Modi",4131,Transportation,Individual,Ludhiana,Punjab,2025-07-06 00:00:00,3312553110,ACTIVE,2115.38
MCH7337,Nath-Narayan,5699,Apparel & Clothing,Individual,Hyderabad,Telangana,2024-07-28 00:00:00,,ACTIVE,3029.85
MCH9319,Ladinc,5699,Apparel & Clothing,Sole Proprietorship,Jalandhar,Punjab,2025-07-20 00:00:00,XXXX7774,ACTIVE,839.54
MCH5354,Khatri-De0,5942,Books & Stationery,Partnership,Jalandhar,Punjab,,WCZU4810286661084,ACTIVE,
MCH6329,Srinivas-Banerjee,5912,Pharmacies & Healthcare,Individual,Kolkata,West Bengal,2024-05-12 00:00:00,XXXX2718,ACTIVE,199.46
MCH3206,Ahuja-Din,5311,Department Stores,Sole Proprietorship,Hyderabad,Telangana,2026-01-11 13:50:54,XXXX4117,ACTIVE,1244.0
MCH5632,Tandon Ltd,5311,Department Stores,Sole Proprietorship,Bengaluru,Karnataka,2025-05-29 12:56:08,,ACTIVE,270.52
MCH8355,"Virk, Sarna And Sangha",5812,Restaurants & Dining,Individual,Mumbai,Maharashtra,2023-09-10 00:00:00,0702210119,ACTIVE,3279.0
MCH3281,Ranganathan And Sons,5311,Department Stores,Partnership,Kolkata,West Bengal,2024-03-01 00:00:00,XXXX9655,ACTIVE,649.49
MCH2978,Deshpande Llc,7011,Hotels & Lodging,Private Limited,Lucknow,Uttar Pradesh,2023-02-01 23:57:31,XXXX0228,ACTIVE,194.6
MCH3399,Rana-Talwar,5912,Pharmacies & Healthcare,Private Limited,Mumbai,Maharashtra,2024-03-30 09:48:22,6585786984,ACTIVE,575.9
MCH7219,Dhawan-Saha,7011,Hotels & Lodging,Individual,Delhi,Delhi,2026-01-06 00:00:00,HJFW5603026154965,INACTIVE,2354.94
MCH3757,Chokshi Plc,4814,Telecommunication Services,Private Limited,Jaipur,Rajasthan,2025-10-23 10:04:00,KUIQ2748561079701,ACTIVE,2492.69
MCH1214,Padmanabhan Gr0Up,4814,Telecommunication Services,Individual,Amritsar,Punjab,2025-08-24 00:00:00,,ACTIVE,362.46
MCH2249,Bahri-Nagarajan,7011,Hotels & Lodging,Sole Proprietorship,Ludhiana,Punjab,2024-11-17 00:00:00,0364290572,ACTIVE,590.8
MCH9098,Manda And Sons,5812,Restaurants & Dining,Partnership,Bengaluru,Karnataka,2024-03-03 16:14:27,XXXX2826,ACTIVE,870.0
MCH7932,Sethi Ltd,4814,Telecommunication Services,Private Limited,Bengaluru,Karnataka,2025-04-20 22:28:00,AUYT1495828220876,ACTIVE,4410.18
MCH1216,"Agarwal, Dave And Vala",7011,Hotels & Lodging,Sole Proprietorship,Chennai,Tamil Nadu,2024-10-18 00:00:00,,ACTIVE,2228.42
MCH3497,"Gokhale, Parmer And Contractor",4131,Transportation,Individual,Jalandhar,Punjab,2023-11-03 21:39:51,,ACTIVE,403.24
MCH8517,"Bandi, Bir And Buch",5912,Pharmacies & Healthcare,Individual,Delhi,Delhi,2025-05-12 00:00:00,XXXX8958,ACTIVE,2544.34
MCH3567,Kala Ltd,4814,Telecommunication Services,Sole Proprietorship,Amritsar,Punjab,2023-05-15 00:00:00,0120134197,ACTIVE,1794.62
MCH6890,Pandit-Narasimhan,7011,Hotels & Lodging,Private Limited,Kolkata,West Bengal,2024-04-21 00:00:00,XXXX8046,INACTIVE,525.87
MCH6632,"Om, Mall And Sandhu",4131,Transportation,Partnership,Lucknow,Uttar Pradesh,2023-07-28 00:00:00,XXXX3092,ON_HOLD,996.13
MCH7269,La11-Raman,4814,Telecommunication Services,Private Limited,Lucknow,Uttar Pradesh,2023-10-25 09:50:57,4846136502,ACTIVE,1031.92
MCH4180,Dave-Oza,5942,Books & Stationery,Sole Proprietorship,Delhi,Delhi,2024-01-08 00:00:00,,ACTIVE,394.99
MCH1492,"Panchal, Bail And Nadkarni",5912,Pharmacies & Healthcare,Sole Proprietorship,Jaipur,Rajasthan,2024-07-05 00:00:00,,ON_HOLD,6674.02
MCH5210,Natarajan Llc,4131,Transportation,Partnership,Lucknow,Uttar Pradesh,2023-08-25 00:00:00,,ACTIVE,2522.68
MCH6115,Padmanabhan-Chahal,5999,Miscellaneous Retail,Private Limited,Mumbai,Maharashtra,2024-01-03 00:00:00,XXXX5769,INACTIVE,266.65
MCH5950,Dey-Raj,5999,Miscellaneous Retail,Sole Proprietorship,Amritsar,Punjab,2025-11-29 00:00:00,0371217445,ACTIVE,3256.77
MCH3556,Andra-Nagar,5999,Miscellaneous Retail,Sole Proprietorship,Pune,Maharashtra,2025-05-04 18:43:19,,ACTIVE,1107.13
MCH4842,Pa11A Llc,5942,Books & Stationery,Individual,Kolkata,West Bengal,2024-12-19 00:00:00,XXXX0707,ACTIVE,3127.0
MCH6831,"Kothari, De And Arora",5999,Miscellaneous Retail,Individual,Kolkata,West Bengal,2025-11-17 16:43:00,FVLK6104664273261,SUSPENDED,
MCH2922,Chhabra-Jha,5999,Miscellaneous Retail,Sole Proprietorship,Mumbai,Maharashtra,2024-10-10 00:00:00,FAIS4263479017973,ACTIVE,1096.49
MCH8509,"Majumdar, Deshpande And Solanki",5311,Department Stores,Partnership,Bengaluru,Karnataka,2024-09-17 00:00:00,XXXX5135,INACTIVE,1098.85
MCH3604,"Shetty, Bali And Sama",5411,Grocery Stores,Partnership,Ludhiana,Punjab,2023-01-04 01:07:44,IQHJ3383226507557,ACTIVE,394.0
MCH9785,Nagarajan Plc,5699,Apparel & Clothing,Individual,Mumbai,Maharashtra,2025-06-08 00:00:00,,ACTIVE,2709.78
MCH1447,"Dara, Om And Chaudhry",5699,Apparel & Clothing,Private Limited,Bengaluru,Karnataka,2023-04-29 00:00:00,NJHB3866390601882,INACTIVE,373.0
MCH7659,"Pandya, Bakshi And Chaudhary",4131,Transportation,Private Limited,Chennai,Tamil Nadu,2023-04-16 18:19:00,FNTE9764699509957,ACTIVE,1564.19
MCH1600,"Warrior, Anand And Kata",5311,Department Stores,Individual,Chennai,Tamil Nadu,2025-07-10 00:00:00,DNAN6947992423478,ACTIVE,2937.03
MCH8561,Mahal-Talwar,5912,Pharmacies & Healthcare,Individual,Poona,Maharashtra,2024-11-21 00:00:00,XXXX1106,ACTIVE,892.64
MCH4029,Kuruvilla And Sons,5411,Grocery Stores,Private Limited,Pune,Maharashtra,,DGMS6783095939908,ACTIVE,55.43
MCH1392,Johal-Gaba,5912,Pharmacies & Healthcare,Private Limited,Pune,Maharashtra,2024-02-20 00:00:00,XXXX9354,INACTIVE,4352.7
MCH4985,Hayre And Sons,5942,Books & Stationery,Partnership,Lucknow,Uttar Pradesh,2023-08-01 00:00:00,PXAE0911368692866,ACTIVE,1981.89
MCH8808,"Kothari, Bansal And Gupta",5942,Books & Stationery,Individual,Bengaluru,Karnataka,2025-09-19 01:30:00,9868014892,ACTIVE,380.0
MCH7137,Krishna-Palan,4814,Telecommunication Services,Partnership,Ludhiana,Punjab,2025-09-29 00:00:00,GJTY8331565779502,ACTIVE,
MCH2813,"Sha, Bhatia And Vig",5311,Department Stores,Individual,Chennai,Tamil Nadu,2024-10-24 13:37:28,5399147177,ACTIVE,3821.16
MCH1375,Golla And Sons,5912,Pharmacies & Healthcare,Partnership,Bengaluru,Karnataka,2023-08-01 13:43:00,,ACTIVE,503.66
MCH2074,D’Alia Inc,5699,Apparel & Clothing,Partnership,Jaipur,Rajasthan,2025-10-22 19:54:55,VRCT7941741947399,ACTIVE,1616.2
MCH1256,Vala Inc,5912,Pharmacies & Healthcare,Sole Proprietorship,Kolkata,West Bengal,2025-01-17 00:00:00,,SUSPENDED,1415.24
MCH8440,"Chacko, Natarajan And Menon",5999,Miscellaneous Retail,Individual,Mumbai,Maharashtra,2025-01-19 00:00:00,,ACTIVE,775.41
MCH3060,Deep-Tata,5311,Department Stores,Individual,Amritsar,Punjab,2023-04-17 00:00:00,,ACTIVE,2601.81
MCH4025,Hegde-Sule,5311,Department Stores,Individual,Hyderabad,Telangana,,XXXX6804,INACTIVE,1108.29
MCH6970,Chopra-Loke,5311,Department Stores,Partnership,Jaipur,Rajasthan,2025-02-13 00:00:00,,ACTIVE,564.18
MCH2850,Reddy-Kara,4131,Transportation,Private Limited,Jaipur,Rajasthan,2024-04-22 00:00:00,XXXX7186,ACTIVE,953.86
MCH5117,"Parikh, Sengupta And Chander",7011,Hotels & Lodging,Partnership,Chennai,Tamil Nadu,2023-01-26 23:39:00,,SUSPENDED,266.62
MCH6651,"Mahajan, Vig And Balakrishnan",5411,Grocery Stores,Partnership,Delhi,Delhi,2023-02-17 00:00:00,ZZEW6214809734757,ACTIVE,1407.45
MCH6206,"Johal, Verma And Sane",5812,Restaurants & Dining,Private Limited,Jalandhar,Punjab,2024-04-26 14:53:55,,ACTIVE,765.75
MCH9755,"Mane, Dey And Nagy",7011,Hotels & Lodging,Individual,Lucknow,Uttar Pradesh,2023-09-05 00:00:00,,ACTIVE,2207.77
MCH3401,Chana Llc,5411,Grocery Stores,Individual,Chennai,Tamil Nadu,,XXXX4048,ACTIVE,3703.23
MCH7698,Sachdev And Sons,5812,Restaurants & Dining,Sole Proprietorship,Amritsar,Punjab,2023-07-23 00:00:00,,ACTIVE,
MCH2085,Loke Inc,7011,Hotels & Lodging,Individual,Hyderabad,Telangana,2023-05-12 00:00:00,CQUN5447672400868,SUSPENDED,
MCH1060,"Subramaniam, Rama And Contractor",4131,Transportation,Individual,Hyderabad,Telangana,2024-05-02 09:00:14,FXHY9362967598468,ACTIVE,480.0
MCH7876,"Deshpande, Nagar And Parsa",4814,Telecommunication Services,Individual,Jaipur,Rajasthan,2024-08-22 00:00:00,,ACTIVE,502.95
MCH9966,"Kara, Chanda And Hayre",4131,Transportation,Individual,Kolkata,West Bengal,2024-01-16 20:22:00,XXXX6108,ACTIVE,3566.37
MCH2710,"Ramanathan, Bandi And Edwin",5411,Grocery Stores,Sole Proprietorship,Delhi,Delhi,2024-11-07 00:00:00,9267399474,ACTIVE,5021.08
MCH2723,Purohit-Dani,5812,Restaurants & Dining,Individual,Amritsar,Punjab,2024-04-16 04:10:00,XXXX6527,ACTIVE,1384.67
MCH6084,Gera-Patla,4131,Transportation,Sole Proprietorship,Lucknow,Uttar Pradesh,2026-01-26 15:06:00,0059005491,ACTIVE,3360.46
MCH1457,Shetty Group,5999,Miscellaneous Retail,Individual,Jalandhar,Punjab,2025-11-07 00:00:00,7979475554,ACTIVE,1159.43
MCH7866,Bhattacharyya And Sons,5311,Department Stores,Partnership,Delhi,Delhi,2025-10-31 05:29:00,QKIU3712061004002,ACTIVE,2522.0
MCH9528,Kibe-Memon,5699,Apparel & Clothing,Sole Proprietorship,Delhi,Delhi,2025-07-12 00:00:00,XXXX9874,ACTIVE,5399.84
MCH3612,Vaidya-Arya,5311,Department Stores,Private Limited,Kolkata,West Bengal,2023-01-09 00:00:00,UOBK5661273202199,ACTIVE,695.7
MCH3971,Sura Plc,7011,Hotels & Lodging,Individual,Delhi,Delhi,2024-04-17 13:25:57,,ACTIVE,748.82
MCH6025,Rege-Bali,4131,Transportation,Individual,Bengaluru,Karnataka,2025-04-21 00:00:00,XXXX0320,INACTIVE,2516.42
MCH6507,Kadakia Plc,5812,Restaurants & Dining,Partnership,Chennai,Tamil Nadu,2023-05-01 00:00:00,XXXX3350,ACTIVE,740.55
MCH8031,Chokshi Ltd,7011,Hotels & Lodging,Individual,Hyderabad,Telangana,2025-07-26 00:00:00,3288481391,ACTIVE,2110.06
MCH8431,Bala Group,4131,Transportation,Individual,Ldh,Punjab,2025-05-02 00:00:00,XXXX7030,ACTIVE,964.23
MCH9718,Mammen And Sons,5411,Grocery Stores,Sole Proprietorship,Jalandhar,Punjab,2023-06-20 00:00:00,3331553891,ACTIVE,678.94
MCH3058,Patla-Padmanabhan,5942,Books & Stationery,Individual,Pune,Maharashtra,2024-10-18 00:00:00,OBXD4944464643223,ACTIVE,974.77
MCH8327,Men0N Ltd,5999,Miscellaneous Retail,Individual,Bengaluru,Karnataka,2023-06-18 18:05:34,,INACTIVE,1670.04
MCH9038,"Dara, Pai And Saxena",5699,Apparel & Clothing,Sole Proprietorship,Ldh,Punjab,2024-04-18 00:00:00,0739300438,ACTIVE,2740.86
MCH2412,Nadig Inc,5942,Books & Stationery,Individual,Hyderabad,Telangana,2024-12-08 07:03:51,XXXX9581,ACTIVE,144.12
MCH2904,Iyengar-Comar,5999,Miscellaneous Retail,Private Limited,Delhi,Delhi,2026-05-01 00:00:00,XXXX7160,ACTIVE,1147.91
MCH5405,Balan-Sabharwal,5812,Restaurants & Dining,Individual,Bengaluru,Karnataka,2023-04-07 06:56:55,,ACTIVE,2280.95
MCH1625,Handallc,5912,Pharmacies & Healthcare,Private Limited,Ludhiana,Punjab,2024-07-27 00:00:00,,INACTIVE,4123.17
MCH3926,Master-Sarin,5999,Miscellaneous Retail,Individual,Hyderabad,Telangana,2025-08-05 00:00:00,,ACTIVE,1913.5
MCH6979,Nadig Ltd,5912,Pharmacies & Healthcare,Sole Proprietorship,Chennai,Tamil Nadu,2023-05-18 00:42:04,SYHI9438066539953,INACTIVE,640.32
MCH1842,Bedi-Vohra,5411,Grocery Stores,Private Limited,Lucknow,Uttar Pradesh,,XXXX6666,ACTIVE,1241.96
MCH8130,"Kale, Kumer And Chand",5311,Department Stores,Partnership,Ludhiana,Punjab,2026-02-05 04:03:44,GYEV9276514828192,ACTIVE,419.61
MCH1571,"Rao, Viswanathan And Joshi",4131,Transportation,Sole Proprietorship,Chennai,Tamil Nadu,2023-08-03 04:40:51,,ACTIVE,866.2
MCH9626,Gu1Ati-Chhabra,4814,Telecommunication Services,Partnership,Lucknow,Uttar Pradesh,2025-02-21 13:12:50,,ACTIVE,880.0
MCH2099,"Tara, Date And Thakur",4131,Transportation,Sole Proprietorship,Chennai,Tamil Nadu,2023-06-28 00:00:00,BFBY2666613604973,ACTIVE,1054.15
MCH1841,Kadakia-Rao,7011,Hotels & Lodging,Sole Proprietorship,Kolkata,West Bengal,2025-07-01 00:00:00,7706295964,ACTIVE,532.17
MCH7901,Bala Group,5812,Restaurants & Dining,Partnership,Jaipur,Rajasthan,2023-03-02 12:07:59,VXJE9106968913579,ACTIVE,
MCH8607,"Wali,Maneandthakur",5699,Apparel & Clothing,Individual,Delhi,Delhi,2023-10-15 00:00:00,XXXX4911,ACTIVE,2981.0
MCH5570,"Sahni, Bala And Sharma",5999,Miscellaneous Retail,Individual,Delhi,Delhi,2025-11-28 06:01:37,,SUSPENDED,1506.33
MCH5328,Dhaliwal Inc,5812,Restaurants & Dining,Private Limited,Kolkata,West Bengal,2025-04-19 00:00:00,,ACTIVE,375.06
MCH2408,"Kumar, Din And Sule",5999,Miscellaneous Retail,Sole Proprietorship,Bengaluru,Karnataka,,,ACTIVE,2001.55
MCH9448,"Sant, Manda And Khurana",5699,Apparel & Clothing,Partnership,Jalandhar,Punjab,2023-10-08 00:00:00,XXXX3103,INACTIVE,522.0
MCH9463,Boase And Sons,5942,Books & Stationery,Private Limited,Amritsar,Punjab,2025-06-01 16:04:50,8867615299,ACTIVE,835.0
MCH5882,"Barad, Kara And Gokhale",4814,Telecommunication Services,Sole Proprietorship,Chennai,Tamil Nadu,2024-09-25 00:00:00,8200004171,INACTIVE,626.5
MCH5072,Shroff-Sangha,5999,Miscellaneous Retail,Private Limited,Jaipur,Rajasthan,2024-12-08 00:00:00,XXXX4443,ACTIVE,3955.29
MCH2817,Keer And Sons,5999,Miscellaneous Retail,Private Limited,Ludhiana,Punjab,2025-05-19 00:00:00,XXXX7166,INACTIVE,2074.28
MCH7403,"Naik, Badami And Raj",5311,Department Stores,Sole Proprietorship,Poona,Maharashtra,,,ACTIVE,1191.42
MCH8984,Sharma Group,5812,Restaurants & Dining,Private Limited,Ludhiana,Punjab,2023-06-21 00:00:00,,ACTIVE,590.58
MCH8915,Sur Ltd,5812,Restaurants & Dining,Individual,Mumbay,Maharashtra,2025-04-08 21:08:00,2079428373,INACTIVE,665.18
MCH6109,Sampath Ltd,4814,Telecommunication Services,Individual,Ldh,Punjab,2026-01-15 23:34:00,6737069990,ACTIVE,399.08
MCH9193,Shroff Inc,5411,Grocery Stores,Sole Proprietorship,Jalandhar,Punjab,2023-02-10 00:00:00,,ACTIVE,804.73
MCH7548,Kalla Llc,5411,Grocery Stores,Individual,Bengaluru,Karnataka,2024-05-26 00:00:00,JVRD8475866858020,ACTIVE,3106.71
MCH7196,Kurian-Trivedi,4814,Telecommunication Services,Partnership,Jaipur,Rajasthan,2023-06-09 00:00:00,,ACTIVE,1000.33
MCH5182,"Kadakia, Raman And Badal",4131,Transportation,Sole Proprietorship,Amritsar,Punjab,2023-07-15 00:00:00,5073008487,INACTIVE,932.0
MCH4839,Sura-Mall,4131,Transportation,Private Limited,Ludhiana,Punjab,2025-12-08 00:00:00,,ACTIVE,682.13
MCH4369,"Gupta,Maneandbhasin",5812,Restaurants & Dining,Individual,Hyderabad,Telangana,2025-03-03 00:00:00,,ACTIVE,950.76
MCH3333,Dada Plc,5999,Miscellaneous Retail,Private Limited,Mumbai,Maharashtra,2024-03-18 00:00:00,,ACTIVE,668.0
MCH9278,Pant Plc,5942,Books & Stationery,Partnership,Bengaluru,Karnataka,2024-06-25 23:31:00,MCZF8391507084286,ACTIVE,822.0
MCH6315,Prabhakar-Soman,5942,Books & Stationery,Partnership,Mumbai,Maharashtra,,XXXX3336,ON_HOLD,341.33
MCH7305,Iyer-Nagi,5699,Apparel & Clothing,Individual,Mumbai,Maharashtra,2023-08-23 00:00:00,,ACTIVE,1967.89
MCH6024,Thakkar-Kunda,5411,Grocery Stores,Sole Proprietorship,Chennai,Tamil Nadu,2025-05-14 00:00:00,,ACTIVE,1751.16
MCH7912,Sarma-Arya,5699,Apparel & Clothing,Private Limited,Lucknow,Uttar Pradesh,2025-01-01 00:00:00,ZNNS3870382152945,ACTIVE,1318.64
MCH6660,N0Ri Gr0Up,4814,Telecommunication Services,Sole Proprietorship,Chennai,Tamil Nadu,2023-05-26 00:00:00,XXXX4499,ACTIVE,3030.0
MCH8809,"Doshi, Ghose And Amble",5411,Grocery Stores,Individual,Mumbai,Maharashtra,,,ACTIVE,3965.67
MCH7600,Panchal Ltd,5912,Pharmacies & Healthcare,Individual,Lucknow,Uttar Pradesh,2023-10-13 00:00:00,,ACTIVE,1148.2
MCH5498,"Gera, Narayan And Sankaran",5311,Department Stores,Partnership,Kolkata,West Bengal,2025-10-11 00:00:00,8296349363,ACTIVE,849.49
MCH5923,"Banik, Yogi And Seth",4814,Telecommunication Services,Individual,Delhi,Delhi,,CKTY3945451387681,INACTIVE,378.2
MCH6450,"Goel, Madan And Gola",5942,Books & Stationery,Individual,Chennai,Tamil Nadu,2025-10-15 00:00:00,,SUSPENDED,855.0
MCH6822,"Sankar, Deol And Goswami",4814,Telecommunication Services,Sole Proprietorship,Jaipur,Rajasthan,2025-03-31 00:00:00,XXXX2270,INACTIVE,1194.99
MCH5995,Bassi Ltd,5812,Restaurants & Dining,Private Limited,Lucknow,Uttar Pradesh,2024-02-01 00:00:00,XXXX5294,ACTIVE,2631.68
MCH5879,"Sridhar, Sani And Ma11",4814,Telecommunication Services,Individual,Hyderabad,Telangana,2025-12-30 20:57:31,XXXX4907,ACTIVE,3624.48
MCH4682,Chaudry Llc,4131,Transportation,Individual,Hyderabad,Telangana,2024-01-28 10:50:34,,ACTIVE,1772.5
MCH1261,"Cheema, Savant And Bakshi",5311,Department Stores,Sole Proprietorship,Ludhiana,Punjab,2024-06-03 00:00:00,EXGQ1328686965867,INACTIVE,
MCH2964,Bala-Sarkar,4814,Telecommunication Services,Individual,Jalandhar,Punjab,2025-06-20 00:00:00,4343067882,ACTIVE,1298.45
MCH5362,"Kunda, Tiwari And Nagi",5912,Pharmacies & Healthcare,Private Limited,Jaipur,Rajasthan,2024-08-09 20:44:38,,INACTIVE,1922.99
MCH5285,"Yadav, Dhawan And Bahri",5311,Department Stores,Individual,Bengaluru,Karnataka,2025-08-03 00:00:00,XXXX3759,ACTIVE,220.0
MCH3998,"Krish, Tak And Peri",4814,Telecommunication Services,Partnership,Ludhiana,Punjab,2023-08-16 00:00:00,,ACTIVE,1019.25
MCH4926,Shankar Ltd,5812,Restaurants & Dining,Individual,Hyderabad,Telangana,2024-12-28 03:14:33,6804229881,ACTIVE,
MCH9424,Sur-Bajaj,5311,Department Stores,Sole Proprietorship,Bengaluru,Karnataka,2025-04-18 00:00:00,XXXX3219,ACTIVE,1902.79
MCH7504,Balay Plc,7011,Hotels & Lodging,Individual,Chennai,Tamil Nadu,2025-10-24 10:34:44,1818420938,ACTIVE,1030.01
MCH9769,"Kota, Dara And Sarin",4131,Transportation,Partnership,Ludhiana,Punjab,2025-05-22 00:00:00,XXXX8418,ACTIVE,2120.25
MCH2504,Mittal Ltd,5999,Miscellaneous Retail,Individual,Pune,Maharashtra,2024-12-29 00:00:00,XXXX5857,INACTIVE,1689.96
MCH8484,"Grover, Swamy And Johal",5912,Pharmacies & Healthcare,Private Limited,Kolkata,West Bengal,2023-08-17 22:00:16,,SUSPENDED,1273.08
MCH3023,Arora Llc,7011,Hotels & Lodging,Individual,Bengaluru,Karnataka,2025-03-02 00:00:00,,INACTIVE,1722.88
MCH4106,Dey And Sons,5411,Grocery Stores,Private Limited,Hyderabad,Telangana,2026-01-31 00:00:00,XXXX0072,ACTIVE,4216.77
MCH6059,Bhargava Plc,7011,Hotels & Lodging,Private Limited,Jaipur,Rajasthan,2025-07-16 00:00:00,XXXX7802,ON_HOLD,333.57
MCH4801,Bhargava-Basak,5311,Department Stores,Sole Proprietorship,Lucknow,Uttar Pradesh,2025-11-18 06:19:46,XXXX3111,ACTIVE,2920.36
MCH3418,Parsa-Parikh,5912,Pharmacies & Healthcare,Partnership,Hyderabad,Telangana,2024-07-15 00:00:00,CWGO5653761986608,ACTIVE,8725.31
MCH6448,Pal Llc,4814,Telecommunication Services,Partnership,Mumbai,Maharashtra,2024-09-07 00:00:00,XXXX5021,ACTIVE,1680.84
MCH6052,Nayak-Wadhwa,5912,Pharmacies & Healthcare,Private Limited,Jaipur,Rajasthan,2023-07-12 00:00:00,XXXX8602,ACTIVE,600.38
MCH6923,"Kumar, Hayre And Grover",5942,Books & Stationery,Partnership,Lucknow,Uttar Pradesh,2024-03-12 00:00:00,RIOW5493044350343,INACTIVE,937.24
MCH1075,Lala Plc,4814,Telecommunication Services,Individual,Pune,Maharashtra,2024-06-01 00:00:00,IPNE1576095102770,SUSPENDED,1162.41
MCH7749,"Dhaliwal, Chaudhari And Lad",4131,Transportation,Private Limited,Lucknow,Uttar Pradesh,2023-03-28 01:45:50,,ACTIVE,472.27
MCH7607,"Vyas, Ramakrishnan And Narayanan",5942,Books & Stationery,Sole Proprietorship,Amritsar,Punjab,2025-01-02 19:37:48,2925658717,ACTIVE,7039.03
MCH7832,More-Cherian,5311,Department Stores,Sole Proprietorship,Amritsar,Punjab,2024-12-21 00:00:00,,ACTIVE,1748.94
MCH4864,Date Ltd,5411,Grocery Stores,Private Limited,Bengaluru,Karnataka,2023-06-12 01:02:00,XXXX6587,ACTIVE,4042.64
MCH1843,Edwin And Sons,5999,Miscellaneous Retail,Sole Proprietorship,Delhi,Delhi,2024-09-19 00:00:00,,ACTIVE,
MCH2559,"Sastry, Dhar And Kibe",7011,Hotels & Lodging,Partnership,Pune,Maharashtra,2023-05-08 00:00:00,0777710681,ACTIVE,1827.84
MCH5927,"Hayer, Palla And Ganesh",5699,Apparel & Clothing,Private Limited,Lucknow,Uttar Pradesh,2024-06-16 00:00:00,,ACTIVE,3764.09
MCH6105,Upadhyay Plc,7011,Hotels & Lodging,Sole Proprietorship,Kolkata,West Bengal,2024-02-07 00:26:26,,ACTIVE,527.81
MCH8782,Swamy-Khurana,5699,Apparel & Clothing,Sole Proprietorship,Amritsar,Punjab,2025-04-29 00:00:00,,ACTIVE,1314.55
MCH7661,Mutti Group,5912,Pharmacies & Healthcare,Sole Proprietorship,Ludhiana,Punjab,2023-12-19 19:07:43,,ACTIVE,1349.43
MCH1772,Grover Group,5311,Department Stores,Partnership,Kolkata,West Bengal,2023-03-18 13:57:00,0665098924,ACTIVE,1962.32
MCH5793,Hayre And Sons,4131,Transportation,Individual,Amritsar,Punjab,2023-10-23 00:00:00,XXXX4734,ACTIVE,2411.65
MCH8019,Chaudhry-Naidu,5942,Books & Stationery,Private Limited,Jaipur,Rajasthan,,,ACTIVE,888.78
MCH6707,Chandra Group,4814,Telecommunication Services,Private Limited,Ldh,Punjab,2024-02-10 21:32:02,,ACTIVE,648.63
MCH4743,Ahluwalia-Bansal,5912,Pharmacies & Healthcare,Private Limited,Ludhiana,Punjab,2023-08-23 00:00:00,KIYE1462195754397,INACTIVE,486.29
MCH6765,Handa Plc,5912,Pharmacies & Healthcare,Individual,Kolkata,West Bengal,2023-10-30 00:00:00,,ACTIVE,2771.02
MCH4867,"Nath, Taneja And Dey",5812,Restaurants & Dining,Partnership,Bengaluru,Karnataka,2024-05-08 00:00:00,7096325090,ACTIVE,726.56
MCH6819,"Arya, Bassi And Kaur",5999,Miscellaneous Retail,Partnership,Amritsar,Punjab,2025-11-19 00:00:00,,ACTIVE,2433.05
MCH4282,Pingle Ltd,5311,Department Stores,Sole Proprietorship,Amritsar,Punjab,2023-05-26 08:14:58,,ACTIVE,816.0
MCH5737,"Chaudhary, Raghavan And Brahmbhatt",5912,Pharmacies & Healthcare,Individual,Amritsar,Punjab,2026-02-25 00:00:00,,ACTIVE,1419.52
MCH6519,Mane-Madan,5699,Apparel & Clothing,Partnership,Ludhiana,Punjab,2024-12-25 00:00:00,,ACTIVE,978.4
MCH2902,"Narang, Varghese And Sur",4131,Transportation,Individual,Amritsar,Punjab,2023-11-04 16:20:00,,ACTIVE,1675.0
MCH6692,"Mohan, Ravi And Sinha",7011,Hotels & Lodging,Partnership,Jalandhar,Punjab,2023-05-10 00:00:00,UFCM4399349836488,ACTIVE,641.51
MCH8374,"Kohli, Chakraborty And Wali",5942,Books & Stationery,Sole Proprietorship,Lucknow,Uttar Pradesh,2025-02-16 16:31:03,,ACTIVE,838.62
MCH2217,"Rai, Bala And Shenoy",5411,Grocery Stores,Individual,Mumbay,Maharashtra,2023-08-15 00:00:00,2506258510,ACTIVE,728.77
MCH4739,Karpe-Doshi,5411,Grocery Stores,Individual,Lucknow,Uttar Pradesh,2023-10-20 00:00:00,DQQT0527144866471,ACTIVE,1100.69
MCH1345,Bhat Inc,5311,Department Stores,Private Limited,Hyderabad,Telangana,2025-01-28 00:00:00,XXXX9759,ACTIVE,1702.79
MCH2493,"Tella, Lata And Tripathi",4814,Telecommunication Services,Individual,Jaipur,Rajasthan,2023-10-28 00:00:00,ROFA2679305641354,ACTIVE,4200.08
MCH2471,Das Group,5942,Books & Stationery,Individual,Jalandhar,Punjab,2024-05-30 00:00:00,SVRE3169162150744,ACTIVE,3177.16
MCH8854,Kohli-Aurora,4131,Transportation,Private Limited,Chennai,Tamil Nadu,2023-04-12 00:00:00,XXXX8113,ACTIVE,429.48
MCH5056,Subramaniam Plc,5411,Grocery Stores,Partnership,Bengaluru,Karnataka,,WHRV5412713701234,SUSPENDED,473.92
MCH3259,Deep And Sons,5912,Pharmacies & Healthcare,Partnership,Delhi,Delhi,,7747336061,ACTIVE,308.57
MCH8225,Bedi-Date,5999,Miscellaneous Retail,Private Limited,Poona,Maharashtra,2024-02-28 00:00:00,6820537783,ACTIVE,2289.3
MCH2118,Jani-Subramaniam,5942,Books & Stationery,Partnership,Ludhiana,Punjab,2024-05-30 00:00:00,TOPO3167206929855,ACTIVE,1546.09
MCH6738,"Jain, Kothari And Subramanian",4814,Telecommunication Services,Individual,Delhi,Delhi,2025-12-06 23:26:23,MCPW5267667383117,INACTIVE,1846.61
MCH7699,Chakraborty Llc,7011,Hotels & Lodging,Sole Proprietorship,Bengaluru,Karnataka,2023-01-29 00:00:00,,ACTIVE,145.86
MCH8299,Garde Plc,5812,Restaurants & Dining,Partnership,Jaipur,Rajasthan,2023-01-06 00:00:00,,ACTIVE,1496.13
MCH8401,Pandey Plc,7011,Hotels & Lodging,Partnership,Chennai,Tamil Nadu,2025-09-09 00:00:00,0328253862,INACTIVE,625.0
MCH4102,Pandya-Kapoor,5942,Books & Stationery,Sole Proprietorship,Amritsar,Punjab,2025-03-06 00:00:00,SZIE5520167745590,ACTIVE,1618.63
MCH8730,"Bhasin, Mall And Sarraf",5999,Miscellaneous Retail,Private Limited,Jalandhar,Punjab,2025-02-13 00:00:00,XXXX3406,ACTIVE,937.7
MCH3353,Bhardwaj And Sons,5912,Pharmacies & Healthcare,Partnership,Bengaluru,Karnataka,2023-02-23 13:02:00,,SUSPENDED,4012.28
MCH8755,Guha-Dara,5999,Miscellaneous Retail,Sole Proprietorship,Amritsar,Punjab,2023-08-07 00:00:00,,ACTIVE,3411.15
MCH2655,"Brahmbhatt, Desai And Sangha",4814,Telecommunication Services,Sole Proprietorship,Amritsar,Punjab,2026-01-04 00:00:00,4532869649,ACTIVE,3102.0
MCH5127,Sankar Group,7011,Hotels & Lodging,Partnership,Delhi,Delhi,2024-06-09 00:00:00,3303273399,ACTIVE,2034.47
MCH2676,Desai Ltd,4814,Telecommunication Services,Private Limited,Ludhiana,Punjab,2025-10-05 00:00:00,,ACTIVE,399.5
MCH9304,Char Ltd,4814,Telecommunication Services,Individual,Bengaluru,Karnataka,2024-05-01 00:00:00,,ACTIVE,531.14
MCH9888,"Majumdar, Sama And Narayanan",4814,Telecommunication Services,Sole Proprietorship,Kolkata,West Bengal,2025-08-13 00:00:00,XXXX3073,INACTIVE,444.72
MCH8051,"Saxena, Kamdar And Kannan",5942,Books & Stationery,Partnership,Delhi,Delhi,2024-10-17 00:00:00,,ACTIVE,598.72
MCH6016,Batta-Roy,5942,Books & Stationery,Private Limited,Jalandhar,Punjab,2023-02-07 00:00:00,,ACTIVE,3694.66
MCH5231,Varghese-Rattan,5411,Grocery Stores,Partnership,Delhi,Delhi,2026-05-02 00:00:00,,ACTIVE,692.04
MCH8453,Manne Llc,5699,Apparel & Clothing,Private Limited,Amritsar,Punjab,,,ACTIVE,397.0
MCH3674,Wason And Sons,5812,Restaurants & Dining,Individual,Delhi,Delhi,2025-07-19 21:11:25,6823891084,ACTIVE,582.77
MCH3662,Dalal-Arora,4814,Telecommunication Services,Sole Proprietorship,Kolkata,West Bengal,2024-09-01 00:00:00,,ACTIVE,4799.31
MCH7021,"Dewan, Banerjee And Purohit",7011,Hotels & Lodging,Sole Proprietorship,Bengaluru,Karnataka,2024-07-01 00:00:00,XXXX8572,ACTIVE,969.81
MCH7490,Datta Ltd,5912,Pharmacies & Healthcare,Sole Proprietorship,Kolkata,West Bengal,2023-11-12 16:38:03,,ACTIVE,1590.69
MCH7430,Pingle-Lata,5311,Department Stores,Individual,Lucknow,Uttar Pradesh,2024-09-07 13:29:37,XXXX3604,ACTIVE,2426.91
MCH4477,Edwin Group,5912,Pharmacies & Healthcare,Partnership,Poona,Maharashtra,2025-12-19 00:00:00,,ACTIVE,1145.96
MCH8724,"Ganesh, Sarin And Gera",5411,Grocery Stores,Partnership,Delhi,Delhi,2024-11-20 00:00:00,8119568584,ACTIVE,639.73
MCH1420,"Nath, Setty And Pai",7011,Hotels & Lodging,Partnership,Kolkata,West Bengal,2023-08-04 00:00:00,,INACTIVE,1986.0
MCH3070,"Patel, Sandal And Sinha",4814,Telecommunication Services,Individual,Hyderabad,Telangana,2025-09-18 00:00:00,XXXX6846,ACTIVE,1706.27
MCH3776,"Kapadia, Sathe And Shenoy",5311,Department Stores,Partnership,Delhi,Delhi,,2896927884,ACTIVE,1854.99
MCH4233,Parmar And Sons,5912,Pharmacies & Healthcare,Sole Proprietorship,Bengaluru,Karnataka,2024-07-30 22:30:00,4132683121,INACTIVE,3068.07
MCH3523,"Khare, Radhakrishnan And Gala",5812,Restaurants & Dining,Individual,Jaipur,Rajasthan,2025-12-04 00:00:00,,ACTIVE,577.79
MCH5712,Goda-Kashyap,5942,Books & Stationery,Private Limited,Amritsar,Punjab,2025-01-12 00:00:00,ILKC7960163227117,ACTIVE,
MCH6061,Nazareth Plc,4131,Transportation,Sole Proprietorship,Poona,Maharashtra,2025-02-02 12:44:57,,SUSPENDED,1189.87
MCH8197,Virk-Venkataraman,5912,Pharmacies & Healthcare,Sole Proprietorship,Kolkata,West Bengal,2024-01-03 00:00:00,,ACTIVE,964.03
MCH3085,"Sarkar, Memon And Mand",4131,Transportation,Individual,Poona,Maharashtra,2025-07-16 00:00:00,,ACTIVE,1826.45
MCH8756,Warrior Inc,5699,Apparel & Clothing,Private Limited,Jalandhar,Punjab,2023-10-04 00:00:00,9910438985,ACTIVE,1476.03
MCH1863,Sachar-Gokhale,5942,Books & Stationery,Private Limited,Hyderabad,Telangana,2024-03-24 16:08:37,XXXX8775,ACTIVE,760.42
MCH9494,"Wable, Warrior And Parmer",4814,Telecommunication Services,Individual,Pune,Maharashtra,2024-05-27 00:00:00,,ACTIVE,455.01
MCH1836,"Nazareth, Bahl And Manda",5411,Grocery Stores,Private Limited,Hyderabad,Telangana,2023-11-15 00:00:00,IUQT6934618863943,ACTIVE,
MCH9918,"Jha, Kumer And Srivastava",5699,Apparel & Clothing,Sole Proprietorship,Bengaluru,Karnataka,2024-01-16 02:34:09,UOAA2292690080709,INACTIVE,902.09
MCH7336,Krishnan And Sons,5812,Restaurants & Dining,Partnership,Jalandhar,Punjab,2024-09-03 00:09:50,2456383296,ACTIVE,1122.92
MCH9307,"Bajwa, Dhawan And Guha",5812,Restaurants & Dining,Sole Proprietorship,Jalandhar,Punjab,2024-03-07 00:00:00,,ACTIVE,468.19
MCH8233,Patel Ltd,5411,Grocery Stores,Partnership,Jalandhar,Punjab,2024-12-28 17:57:00,,ACTIVE,1942.94
MCH6671,Chandran-Dada,5699,Apparel & Clothing,Partnership,Amritsar,Punjab,2023-12-04 00:00:00,6648722960,ACTIVE,2579.5
MCH2769,Sehgal Plc,4814,Telecommunication Services,Private Limited,Amritsar,Punjab,2023-09-19 00:00:00,3613137952,ACTIVE,131.0
MCH3618,"Narang, Atwal And Merchant",5912,Pharmacies & Healthcare,Sole Proprietorship,Mumbai,Maharashtra,2023-07-25 00:00:00,LZII0053942814377,ACTIVE,1728.22
MCH9149,Bandi Inc,5999,Miscellaneous Retail,Partnership,Jaipur,Rajasthan,2025-03-15 00:00:00,,ACTIVE,2169.18
MCH2165,Venkataraman-Seshadri,5912,Pharmacies & Healthcare,Sole Proprietorship,Pune,Maharashtra,2024-06-26 00:00:00,,ACTIVE,137.68
MCH1832,Mistry-Chaudhary,5999,Miscellaneous Retail,Individual,Hyderabad,Telangana,2024-12-11 00:06:45,,INACTIVE,448.33
MCH1640,Trivedi-Agrawal,5411,Grocery Stores,Private Limited,Jalandhar,Punjab,2025-01-25 11:29:34,WQQD1666405545072,ACTIVE,2316.65
MCH7314,Mahajan-B0Rde,5999,Miscellaneous Retail,Partnership,Lucknow,Uttar Pradesh,2023-01-05 09:53:50,3772469001,ACTIVE,1003.0
MCH4688,Hora Plc,5912,Pharmacies & Healthcare,Individual,Ludhiana,Punjab,2024-05-18 00:00:00,XXXX6054,SUSPENDED,1146.0
MCH8612,Kurian-Goda,5812,Restaurants & Dining,Sole Proprietorship,Mumbai,Maharashtra,2023-07-18 06:11:37,XXXX5561,ACTIVE,1133.93
MCH7400,Chaudhari Ltd,5999,Miscellaneous Retail,Individual,Delhi,Delhi,2025-01-07 00:00:00,,SUSPENDED,1040.56
MCH4118,Upadhyay Llc,4131,Transportation,Private Limited,Kolkata,West Bengal,2024-03-16 00:00:00,,ACTIVE,
MCH1197,"Gaba, Wadhwa And Sahni",5411,Grocery Stores,Private Limited,Mumbai,Maharashtra,2024-01-08 00:00:00,8143796682,ACTIVE,488.96
MCH1718,Wason-Vaidya,5311,Department Stores,Private Limited,Jalandhar,Punjab,2025-04-04 17:19:00,,ACTIVE,705.66
MCH9800,Dasgupta-Sathe,7011,Hotels & Lodging,Partnership,Ludhiana,Punjab,2024-06-13 13:22:14,4290574632,ACTIVE,
MCH2198,"Arya, Dalal And Keer",5812,Restaurants & Dining,Private Limited,Jaipur,Rajasthan,2023-09-08 16:05:16,,ACTIVE,2776.31
MCH3395,"Boase, Dutt And Sami",5912,Pharmacies & Healthcare,Partnership,Jaipur,Rajasthan,2024-07-22 00:00:00,,INACTIVE,619.0
MCH3547,Ramanathan-Dada,5812,Restaurants & Dining,Private Limited,Delhi,Delhi,2025-02-03 00:00:00,,ACTIVE,5262.6
MCH7837,Wali Group,5999,Miscellaneous Retail,Individual,Kolkata,West Bengal,2023-06-03 00:00:00,,ACTIVE,803.03
MCH3890,Tata-Bal,5912,Pharmacies & Healthcare,Individual,Poona,Maharashtra,2026-02-22 00:00:00,,ACTIVE,668.0
MCH7218,Varghese-Arya,7011,Hotels & Lodging,Private Limited,Lucknow,Uttar Pradesh,2025-12-25 00:00:00,VAFX9362941506530,ACTIVE,2725.82
MCH2943,Kh0S1A Llc,5812,Restaurants & Dining,Private Limited,Mumbay,Maharashtra,2024-03-29 00:00:00,XXXX8006,ACTIVE,2741.64
MCH2083,Patla-Basak,5912,Pharmacies & Healthcare,Individual,Kolkata,West Bengal,2024-08-10 01:26:00,,SUSPENDED,556.93
MCH3361,Sabharwal-Shah,4131,Transportation,Partnership,Jalandhar,Punjab,2024-01-06 00:00:00,KQNB2621280715561,INACTIVE,887.23
MCH1195,Cherian-Rana,4131,Transportation,Sole Proprietorship,Jalandhar,Punjab,2025-09-09 00:00:00,,ACTIVE,364.17
MCH6131,"Dhar, Dada And Bakshi",5699,Apparel & Clothing,Partnership,Bengaluru,Karnataka,2024-03-10 19:58:24,4600930161,ACTIVE,1921.0
MCH9996,Kala-Nadkarni,5699,Apparel & Clothing,Private Limited,Delhi,Delhi,2023-03-01 00:00:00,XXXX7769,ACTIVE,628.11
MCH1164,Goda Plc,4131,Transportation,Partnership,Ludhiana,Punjab,2025-10-27 00:00:00,,ACTIVE,953.0
MCH2384,"Atwal, Sawhney And Magar",5999,Miscellaneous Retail,Sole Proprietorship,Lucknow,Uttar Pradesh,2023-01-20 23:37:00,,ACTIVE,638.0
MCH5186,"Iyer, Sarma And Issac",5311,Department Stores,Private Limited,Jaipur,Rajasthan,2023-03-27 20:46:00,WHOY9873117052427,INACTIVE,830.18
MCH1956,Sodhi Plc,5912,Pharmacies & Healthcare,Individual,Amritsar,Punjab,2025-09-28 15:41:51,TLKU2109519549509,INACTIVE,1459.74
MCH8136,Bora Inc,7011,Hotels & Lodging,Sole Proprietorship,Amritsar,Punjab,2025-10-27 00:00:00,XXXX8920,INACTIVE,635.0
MCH5366,Bali Ltd,5311,Department Stores,Private Limited,Lucknow,Uttar Pradesh,2024-02-25 00:00:00,XXXX6307,INACTIVE,1551.58
MCH2870,"Loyal, Buch And Ghose",5812,Restaurants & Dining,Sole Proprietorship,Delhi,Delhi,2025-05-27 02:11:43,,ACTIVE,2213.61
MCH5443,Loyal-Narasimhan,7011,Hotels & Lodging,Individual,Kolkata,West Bengal,2023-09-12 04:07:04,VCRF1570737200411,ACTIVE,1593.65
MCH1929,"Bahri,Daraandsaran",5942,Books & Stationery,Private Limited,Jaipur,Rajasthan,2025-12-26 09:06:43,XXXX4676,ACTIVE,2563.73
MCH7620,"Vaidya, Deshmukh And Cherian",5942,Books & Stationery,Individual,Pune,Maharashtra,2024-10-20 02:51:25,SIIG8824885521026,ON_HOLD,1771.87
MCH7851,"Warrior, Hora And Dayal",4814,Telecommunication Services,Individual,Jalandhar,Punjab,2024-07-02 00:00:00,6337984791,ACTIVE,
MCH8407,Dey Group,4131,Transportation,Individual,Lucknow,Uttar Pradesh,2024-07-10 00:00:00,,ACTIVE,2726.27
MCH4104,Sawhney-Suri,4814,Telecommunication Services,Individual,Hyderabad,Telangana,2023-12-15 00:00:00,8776394591,INACTIVE,295.0
MCH3907,"Andra, Chakrabarti And Khalsa",5311,Department Stores,Sole Proprietorship,Mumbai,Maharashtra,,OAMS4252276899430,ACTIVE,1320.29
MCH5549,Bahri Ltd,5812,Restaurants & Dining,Partnership,Chennai,Tamil Nadu,2023-10-06 00:00:00,XXXX0036,ACTIVE,1045.04
MCH5092,Dubey-Gade,4814,Telecommunication Services,Partnership,Kolkata,West Bengal,2023-07-01 00:00:00,,ACTIVE,730.73
MCH9492,Sahni-Ravel,5311,Department Stores,Individual,Lucknow,Uttar Pradesh,2024-03-01 00:00:00,1939900223,ACTIVE,3080.63
MCH4630,Modi And Sons,5699,Apparel & Clothing,Sole Proprietorship,Jalandhar,Punjab,2023-03-01 00:00:00,,ACTIVE,333.91
MCH4481,Nagi Inc,5699,Apparel & Clothing,Partnership,Poona,Maharashtra,2023-11-28 12:44:00,,ACTIVE,2759.79
MCH6783,"Deep, Pall And Suri",5912,Pharmacies & Healthcare,Individual,Lucknow,Uttar Pradesh,2025-11-28 13:45:00,,ACTIVE,1131.0
MCH7896,Samra Llc,7011,Hotels & Lodging,Private Limited,Kolkata,West Bengal,2023-10-16 00:00:00,SGTY6881761008390,ON_HOLD,2276.65
MCH8600,"Kalita, Bains And Gandhi",5812,Restaurants & Dining,Sole Proprietorship,Delhi,Delhi,2024-07-06 00:00:00,RRYJ6587686551997,ACTIVE,855.0
MCH9207,"Jani, Mittal And Narasimhan",5411,Grocery Stores,Partnership,Bengaluru,Karnataka,2025-01-15 11:22:00,XJLY4559421802745,INACTIVE,1049.45
MCH8725,Gala Group,7011,Hotels & Lodging,Private Limited,Jaipur,Rajasthan,2024-08-14 22:49:00,PIMP1040686768002,ACTIVE,7512.0
MCH2623,"Oak, Nadig And Doshi",5411,Grocery Stores,Sole Proprietorship,Jalandhar,Punjab,2025-03-18 11:32:41,SGLM9352062021997,ACTIVE,1380.47
MCH3280,"Vohra, Bora And Vasa",5411,Grocery Stores,Private Limited,Pune,Maharashtra,2023-10-16 16:01:00,,SUSPENDED,412.76
MCH6216,Agarwal Group,5812,Restaurants & Dining,Private Limited,Amritsar,Punjab,2024-03-28 00:00:00,XXXX1409,ACTIVE,1210.0
MCH4809,Viswanathan Plc,7011,Hotels & Lodging,Individual,Kolkata,West Bengal,2023-07-12 14:32:20,,ACTIVE,1713.6
MCH3327,Balay Ltd,5912,Pharmacies & Healthcare,Partnership,Amritsar,Punjab,2024-10-06 00:00:00,4132109142,ACTIVE,799.92
MCH1984,"Lala, Wagle And Bal",5699,Apparel & Clothing,Partnership,Chennai,Tamil Nadu,2025-08-01 00:00:00,,ACTIVE,5244.88
MCH5944,Jayaraman-Bhattacharyya,4131,Transportation,Private Limited,Hyderabad,Telangana,2023-09-04 00:00:00,BTLX3994335719192,ACTIVE,545.7
MCH3824,Chand-Sarna,5812,Restaurants & Dining,Sole Proprietorship,Kolkata,West Bengal,2025-08-24 00:00:00,,ACTIVE,733.85
MCH8598,Chanda-Parekh,5942,Books & Stationery,Partnership,Ludhiana,Punjab,,5300981765,ACTIVE,1205.19
MCH2846,"Sha, Ramanathan And Kota",5411,Grocery Stores,Individual,Jaipur,Rajasthan,2025-09-30 00:00:00,2763596998,INACTIVE,2995.95
MCH2576,"Shan,Semandpau",5311,Department Stores,Partnership,Hyderabad,Telangana,2023-12-03 00:00:00,3390811191,ACTIVE,472.21
MCH3841,"Sandhu, Khosla And Guha",5999,Miscellaneous Retail,Partnership,Bengaluru,Karnataka,2024-09-16 00:00:00,7616513593,INACTIVE,2207.18
MCH1952,Madan Inc,5942,Books & Stationery,Partnership,Chennai,Tamil Nadu,2024-06-28 00:00:00,7688662215,INACTIVE,1643.17
MCH4574,Cherian And Sons,5311,Department Stores,Individual,Lucknow,Uttar Pradesh,2024-08-31 00:00:00,XXXX0148,ACTIVE,789.16
MCH5841,Nori Group,5912,Pharmacies & Healthcare,Sole Proprietorship,Mumbai,Maharashtra,2023-11-01 06:18:00,,ACTIVE,466.44
MCH4530,"Bhandari, Ramakrishnan And Srinivasan",5812,Restaurants & Dining,Partnership,Pune,Maharashtra,2023-12-10 00:00:00,8219848716,ACTIVE,669.95
MCH5204,Sibal-Kanda,5942,Books & Stationery,Private Limited,Ludhiana,Punjab,2025-06-20 00:00:00,3994262713,ACTIVE,692.13
MCH5401,"Sama, Ar0Ra And Mem0N",5942,Books & Stationery,Private Limited,Kolkata,West Bengal,2023-07-23 00:00:00,,ACTIVE,571.93
MCH1213,Ray Llc,5912,Pharmacies & Healthcare,Partnership,Pune,Maharashtra,2024-01-07 18:33:52,1805958295,ACTIVE,1556.0
MCH4043,Sodhi Group,5942,Books & Stationery,Partnership,Ludhiana,Punjab,,QEIP6568462838668,INACTIVE,524.55
MCH5608,Raman-Behl,5812,Restaurants & Dining,Individual,Amritsar,Punjab,2023-05-10 00:00:00,,ACTIVE,251.88
MCH1159,Sabharwal-Gole,4814,Telecommunication Services,Partnership,Hyderabad,Telangana,,XXXX4659,INACTIVE,790.13
MCH6388,Pillai-Subramaniam,5699,Apparel & Clothing,Sole Proprietorship,Jalandhar,Punjab,2023-04-28 10:55:00,XXXX3833,INACTIVE,2418.46
MCH8876,Apte And Sons,5812,Restaurants & Dining,Partnership,Kolkata,West Bengal,2024-02-03 09:35:16,,ACTIVE,2620.0
MCH3755,Hayer And Sons,5812,Restaurants & Dining,Private Limited,Poona,Maharashtra,2025-08-02 17:59:03,1710186455,ACTIVE,1098.64
MCH4077,Din Llc,4131,Transportation,Sole Proprietorship,Jaipur,Rajasthan,2024-09-21 00:00:00,,ACTIVE,640.73
MCH2719,"Ranganathan, Mall And Aggarwal",5812,Restaurants & Dining,Partnership,Lucknow,Uttar Pradesh,2024-05-24 21:02:58,,ACTIVE,2283.24
MCH1004,Pillai-Mohan,4131,Transportation,Sole Proprietorship,Lucknow,Uttar Pradesh,2023-04-08 00:00:00,3448414449,ACTIVE,342.7
MCH1275,Kata Group,7011,Hotels & Lodging,Partnership,Lucknow,Uttar Pradesh,2025-11-09 07:33:00,XXXX0284,ACTIVE,252.53
MCH6165,"Luthra, Bala And Khurana",7011,Hotels & Lodging,Individual,Lucknow,Uttar Pradesh,2025-01-29 00:00:00,XXXX9557,ACTIVE,1785.07
MCH7432,Agate Plc,5812,Restaurants & Dining,Individual,Chennai,Tamil Nadu,2024-06-11 00:00:00,OKRJ7586561022456,ACTIVE,88.41
MCH9377,"Badal, Mitter And Mitter",5912,Pharmacies & Healthcare,Sole Proprietorship,Lucknow,Uttar Pradesh,2024-08-22 00:00:00,USJW2353874844902,ACTIVE,
MCH8132,Venkataraman-Yadav,5942,Books & Stationery,Partnership,Kolkata,West Bengal,2023-10-30 00:00:00,7864776232,INACTIVE,2105.69
MCH6039,Padmanabhan-Bora,4814,Telecommunication Services,Sole Proprietorship,Lucknow,Uttar Pradesh,,,ACTIVE,6727.69
MCH5249,Tak Inc,7011,Hotels & Lodging,Private Limited,Lucknow,Uttar Pradesh,2025-03-10 00:00:00,,ACTIVE,1525.16
MCH2592,"Mander, Goel And Soni",4131,Transportation,Individual,Mumbai,Maharashtra,2023-04-25 00:01:00,,ACTIVE,1371.19
MCH1725,"Narayanan, Thaker And Sandhu",5999,Miscellaneous Retail,Partnership,Jaipur,Rajasthan,2025-02-15 04:37:51,XXXX2721,ACTIVE,385.5
MCH6566,"Kala, Talwar And Keer",5311,Department Stores,Private Limited,Chennai,Tamil Nadu,2024-02-15 00:00:00,2935227590,ACTIVE,2110.86
MCH7331,Kala-Loyal,5311,Department Stores,Sole Proprietorship,Hyderabad,Telangana,2024-05-20 00:00:00,6553174901,ACTIVE,
MCH8537,Sunder Llc,4131,Transportation,Private Limited,Chennai,Tamil Nadu,2025-09-16 00:00:00,FNGX1491502830694,ACTIVE,1072.34
MCH6218,Chad-Bhakta,5411,Grocery Stores,Sole Proprietorship,Chennai,Tamil Nadu,2023-12-23 00:00:00,TDSR2442651102267,ACTIVE,218.0
MCH9543,Khanna-Som,5942,Books & Stationery,Sole Proprietorship,Bengaluru,Karnataka,2023-11-13 04:04:51,XXXX7044,ACTIVE,1143.19
MCH7050,Chand And Sons,5912,Pharmacies & Healthcare,Private Limited,Bengaluru,Karnataka,2025-02-04 15:33:07,XXXX7630,ACTIVE,781.34
MCH5701,"Lad, Thakkar And Nazareth",4131,Transportation,Private Limited,Kolkata,West Bengal,,XXXX7572,ACTIVE,1254.73
MCH4287,"Kuruvilla, Chanda And Sood",4131,Transportation,Individual,Jalandhar,Punjab,2025-04-01 00:00:00,,ACTIVE,1244.04
MCH2525,Narayan-Mallick,5912,Pharmacies & Healthcare,Sole Proprietorship,Amritsar,Punjab,2025-03-17 22:22:00,,ACTIVE,1084.48
MCH5842,"Dutt, Trivedi And Dhingra",5942,Books & Stationery,Partnership,Amritsar,Punjab,2024-01-21 11:32:28,XXXX5651,ACTIVE,182.55
MCH5213,Keer-Yadav,7011,Hotels & Lodging,Private Limited,Jalandhar,Punjab,2023-04-09 17:38:00,NHOQ3812159504524,ACTIVE,2157.19
MCH9332,Gupta Inc,5912,Pharmacies & Healthcare,Private Limited,Pune,Maharashtra,2023-09-24 00:00:00,,ACTIVE,1393.93
MCH7521,Boase Plc,4131,Transportation,Sole Proprietorship,Kolkata,West Bengal,2026-01-27 00:00:00,WKCL3458708850629,ACTIVE,880.0
MCH6240,"Dutta, Aggarwal And Devan",5812,Restaurants & Dining,Sole Proprietorship,Amritsar,Punjab,2025-09-04 19:02:29,,ACTIVE,905.07
MCH7096,Saxena-Kara,5942,Books & Stationery,Partnership,Jaipur,Rajasthan,2025-01-25 02:10:00,,ACTIVE,1167.73
MCH2851,Minhas Group,5311,Department Stores,Sole Proprietorship,Hyderabad,Telangana,2023-01-25 00:00:00,XXXX8636,ACTIVE,1535.83
MCH9546,"Mohan, Tak And Dhingra",5999,Miscellaneous Retail,Sole Proprietorship,Amritsar,Punjab,2024-11-20 10:50:24,XXXX5350,ACTIVE,1645.26
MCH7095,Soni-Dubey,5812,Restaurants & Dining,Individual,Mumbai,Maharashtra,2025-05-01 00:00:00,,ACTIVE,589.1
MCH8889,"Mahal, Edwin And Dasgupta",5699,Apparel & Clothing,Sole Proprietorship,Poona,Maharashtra,2023-03-26 00:00:00,,SUSPENDED,1329.62
MCH4847,Dhillon-Pillay,7011,Hotels & Lodging,Private Limited,Lucknow,Uttar Pradesh,2023-10-12 00:00:00,5738051147,ACTIVE,2178.15
MCH3237,Gaba Inc,5999,Miscellaneous Retail,Sole Proprietorship,Delhi,Delhi,2023-06-03 15:03:00,YPVB7296650386869,SUSPENDED,
MCH4319,"Chaudhry, Rajan And Lad",5812,Restaurants & Dining,Private Limited,Jaipur,Rajasthan,2025-07-13 00:00:00,,SUSPENDED,1128.44
MCH2137,Saran And Sons,5699,Apparel & Clothing,Private Limited,Delhi,Delhi,2023-10-11 00:00:00,,ACTIVE,2376.86
MCH1109,Sinha-Bumb,4131,Transportation,Private Limited,Amritsar,Punjab,2023-11-02 07:38:00,,ACTIVE,1745.05
MCH6939,"Memon, Gole And Pingle",5812,Restaurants & Dining,Private Limited,Lucknow,Uttar Pradesh,2023-09-13 00:00:00,VYGQ0383354923460,INACTIVE,1508.63
MCH6219,"Morar, Walla And Behl",5912,Pharmacies & Healthcare,Partnership,Delhi,Delhi,2024-06-24 00:00:00,,ACTIVE,4347.57
MCH9624,Brar-Chad,5311,Department Stores,Individual,Amritsar,Punjab,2025-02-04 00:00:00,XXXX6058,SUSPENDED,2595.66
MCH6299,Pathak-Mukherjee,5999,Miscellaneous Retail,Individual,Delhi,Delhi,2025-02-02 00:00:00,,ACTIVE,256.83
MCH6852,Swamy-Srinivas,4814,Telecommunication Services,Private Limited,Chennai,Tamil Nadu,,SOKG3294393943682,ACTIVE,449.44
MCH7614,Waliltd,5699,Apparel & Clothing,Individual,Mumbai,Maharashtra,2023-07-03 00:00:00,BEBD9243619313229,ACTIVE,969.0
MCH2757,Chhabra-Dugar,5699,Apparel & Clothing,Sole Proprietorship,Kolkata,West Bengal,2025-11-16 00:00:00,XXXX2280,ACTIVE,1214.2
MCH4667,Kapur-Gara,5812,Restaurants & Dining,Private Limited,Delhi,Delhi,2025-10-30 17:47:05,9822186565,ACTIVE,1043.72
MCH1014,"Raghavan, Barad And Bahl",5812,Restaurants & Dining,Partnership,Pune,Maharashtra,2024-03-23 00:00:00,PDTL9868386773357,ACTIVE,
MCH8715,"Raju,Lokeandvora",5999,Miscellaneous Retail,Partnership,Hyderabad,Telangana,2025-09-14 00:00:00,,ACTIVE,1332.26
MCH9964,Dua Inc,4131,Transportation,Sole Proprietorship,Mumbay,Maharashtra,2023-06-02 00:00:00,,INACTIVE,794.67
MCH9790,Ganesh-La1,5999,Miscellaneous Retail,Sole Proprietorship,Delhi,Delhi,2024-11-03 00:00:00,XCKU8726264646953,ACTIVE,914.14
MCH5892,Mangat-Dutta,5942,Books & Stationery,Sole Proprietorship,Jaipur,Rajasthan,2023-10-08 00:00:00,3873887194,INACTIVE,2243.17
MCH1774,"Chawla, Luthra And Kapur",4814,Telecommunication Services,Sole Proprietorship,Amritsar,Punjab,2024-08-09 00:00:00,MJXY1754643071882,ACTIVE,691.84
MCH5447,Chhabra-Bajaj,5411,Grocery Stores,Sole Proprietorship,Hyderabad,Telangana,2025-04-08 02:41:21,3031826064,ACTIVE,363.53
MCH4928,"Narang, Bedi And Sachar",5699,Apparel & Clothing,Private Limited,Jalandhar,Punjab,2025-09-25 00:00:00,,ACTIVE,3146.1
MCH4398,"Bose, Dhar And Oza",5812,Restaurants & Dining,Individual,Jalandhar,Punjab,2024-06-03 00:00:00,VPBZ3389716321736,ACTIVE,580.38
MCH2997,Mohanty Ltd,7011,Hotels & Lodging,Individual,Bengaluru,Karnataka,2024-10-16 00:00:00,AVZS8243524193975,ACTIVE,2948.35
MCH7098,Patla Plc,4131,Transportation,Individual,Jaipur,Rajasthan,2024-11-14 15:07:19,,ACTIVE,926.0
MCH2435,"Badal, Chada And Narang",5699,Apparel & Clothing,Private Limited,Ludhiana,Punjab,,0219895854,ACTIVE,2576.23
MCH6284,Grewal-Kulkarni,7011,Hotels & Lodging,Private Limited,Chennai,Tamil Nadu,2025-02-07 00:00:00,,ACTIVE,1068.79
MCH7360,Rajan-Sahni,4814,Telecommunication Services,Partnership,Kolkata,West Bengal,2023-11-05 00:00:00,HKWU3873449938871,INACTIVE,1218.43
MCH7790,Barman-Roy,5942,Books & Stationery,Sole Proprietorship,Chennai,Tamil Nadu,2025-05-28 00:00:00,3171421828,ACTIVE,1525.46
MCH1899,Subramaniam-Bedi,5942,Books & Stationery,Private Limited,Ludhiana,Punjab,2025-09-27 00:00:00,XXXX4698,ACTIVE,
MCH7258,"Om, Swaminathan And Ray",5699,Apparel & Clothing,Private Limited,Jaipur,Rajasthan,2024-07-16 08:10:14,ARZZ7929473227025,INACTIVE,472.89
MCH9180,Ramaswamyplc,5699,Apparel & Clothing,Individual,Pune,Maharashtra,2025-08-08 00:00:00,,ACTIVE,1761.26
MCH3659,Tandon Plc,5411,Grocery Stores,Individual,Lucknow,Uttar Pradesh,2024-01-30 00:00:00,,SUSPENDED,1421.27
MCH6756,Mangal Plc,5812,Restaurants & Dining,Individual,Kolkata,West Bengal,2024-12-21 00:00:00,XXXX7752,ACTIVE,689.85
MCH4066,Swaminathan And Sons,5311,Department Stores,Partnership,Hyderabad,Telangana,2025-05-24 14:56:00,,ACTIVE,972.63
MCH5972,Parmar-Ramanathan,4814,Telecommunication Services,Sole Proprietorship,Mumbai,Maharashtra,,,INACTIVE,3048.92
MCH5683,Subramanian Group,5311,Department Stores,Private Limited,Lucknow,Uttar Pradesh,2024-10-24 15:26:50,XUFZ9750077803623,ACTIVE,774.44
MCH3199,Deshmukh-Karnik,5311,Department Stores,Partnership,Jaipur,Rajasthan,2023-08-10 00:00:00,GHWA0359999214011,ACTIVE,2251.19
MCH8369,"Vyas, Dutt And Ganesan",5912,Pharmacies & Healthcare,Individual,Kolkata,West Bengal,2023-09-15 22:56:57,0639952317,ACTIVE,410.34
MCH5135,Kapoor Ltd,5699,Apparel & Clothing,Partnership,Chennai,Tamil Nadu,2024-02-25 00:00:00,XXXX2733,ACTIVE,1221.22
MCH1894,Setty-Doshi,5812,Restaurants & Dining,Partnership,Bengaluru,Karnataka,2025-08-11 00:00:00,1742153273,ACTIVE,2961.06
MCH9744,Walia Inc,5942,Books & Stationery,Sole Proprietorship,Bengaluru,Karnataka,2024-06-24 00:00:00,XXXX8765,SUSPENDED,574.28
MCH4325,Choudhry Llc,7011,Hotels & Lodging,Private Limited,Jaipur,Rajasthan,2023-06-07 00:00:00,,INACTIVE,
MCH3037,Gokhale Plc,5411,Grocery Stores,Partnership,Kolkata,West Bengal,2024-12-13 00:00:00,XXXX1304,ON_HOLD,1146.48
MCH1353,Chada And Sons,4131,Transportation,Partnership,Jaipur,Rajasthan,2023-11-25 07:19:00,,ACTIVE,2641.0
MCH6896,Padmanabhan-Purohit,4814,Telecommunication Services,Private Limited,Kolkata,West Bengal,2025-09-10 00:00:00,9931095643,ACTIVE,1862.46
MCH1106,"Narang, Wali And Aurora",5411,Grocery Stores,Sole Proprietorship,Jalandhar,Punjab,2023-10-04 00:00:00,XKBE4857491773438,ACTIVE,1853.84
MCH7953,Deep Group,5411,Grocery Stores,Sole Proprietorship,Mumbai,Maharashtra,2025-08-07 00:00:00,4208218333,ACTIVE,1668.75
MCH4248,"Bahl, Prashad And Reddy",5311,Department Stores,Sole Proprietorship,Lucknow,Uttar Pradesh,2025-06-30 00:00:00,,ACTIVE,4921.5
MCH3613,Lad-Chacko,4814,Telecommunication Services,Private Limited,Jaipur,Rajasthan,2025-04-02 00:00:00,XXXX9897,ACTIVE,466.16
MCH2981,"Parekh, Anand And Nagi",4131,Transportation,Individual,Amritsar,Punjab,,4706473579,ACTIVE,2350.58
MCH6188,"Batta, Choudhary And Bhalla",4131,Transportation,Private Limited,Kolkata,West Bengal,2026-09-01 00:00:00,3109651401,ACTIVE,163.0
MCH5110,"Anne, Nayak And Chada",5311,Department Stores,Private Limited,Amritsar,Punjab,2023-04-26 00:00:00,6381447674,ACTIVE,478.0
MCH3598,Kapur-Sahni,4814,Telecommunication Services,Private Limited,Bengaluru,Karnataka,2024-12-07 15:58:25,0759983753,ACTIVE,7252.05
MCH3255,"Shah, Kala And Sarraf",7011,Hotels & Lodging,Private Limited,Jalandhar,Punjab,2024-06-09 00:00:00,XXXX8773,ACTIVE,807.0
MCH3684,Chahal-Reddy,5411,Grocery Stores,Partnership,Delhi,Delhi,,,ACTIVE,629.48
MCH9858,"Memon, Mohanty And Ghosh",4131,Transportation,Sole Proprietorship,Mumbai,Maharashtra,2025-12-11 20:43:32,WBRG3053362542372,ACTIVE,911.0
MCH4023,"Dhaliwal, Dugar And Vasa",5942,Books & Stationery,Partnership,Chennai,Tamil Nadu,2023-01-02 00:00:00,7015726404,ACTIVE,2123.31
MCH5017,"Datta, Sinha And Pat1A",7011,Hotels & Lodging,Sole Proprietorship,Kolkata,West Bengal,2024-11-25 00:00:00,6167636642,ACTIVE,617.0
MCH9109,"Som, Mittal And Wable",5699,Apparel & Clothing,Partnership,Amritsar,Punjab,2024-11-08 00:00:00,XXXX6670,ACTIVE,553.0
MCH2063,Bhavsar Gr0Up,4131,Transportation,Private Limited,Chennai,Tamil Nadu,2025-10-10 15:34:00,,ACTIVE,2405.73
MCH7802,Venkatesh Llc,5912,Pharmacies & Healthcare,Partnership,Lucknow,Uttar Pradesh,2024-04-12 13:06:25,5184855438,ACTIVE,1493.43
MCH4022,Varughese-Taneja,5699,Apparel & Clothing,Individual,Bengaluru,Karnataka,2025-12-12 06:48:08,SVSY3016666927119,SUSPENDED,724.48
MCH6163,Mani Ltd,5942,Books & Stationery,Partnership,Hyderabad,Telangana,2025-10-30 00:00:00,RJUA0543412555773,ACTIVE,2298.3
MCH1438,"Memon, Chaudhuri And Choudhry",5812,Restaurants & Dining,Sole Proprietorship,Amritsar,Punjab,2024-05-17 00:00:00,,ACTIVE,2393.0
MCH3328,Jha-Chaha1,5311,Department Stores,Individual,Kolkata,West Bengal,2023-04-13 00:00:00,VIVF5640000542857,ACTIVE,
MCH7794,Kalita Plc,5912,Pharmacies & Healthcare,Partnership,Delhi,Delhi,2025-05-01 18:59:00,GLZI3360162189324,ACTIVE,622.63
MCH4947,M0Han-Sah0Ta,4131,Transportation,Individual,Mumbay,Maharashtra,2025-04-22 00:00:00,QAWO0072726316755,ACTIVE,1906.18
MCH1990,Mitra Plc,7011,Hotels & Lodging,Partnership,Amritsar,Punjab,2024-04-12 00:00:00,5026245001,ACTIVE,1251.23
MCH2748,"Banerjee, Wason And Dyal",5812,Restaurants & Dining,Private Limited,Pune,Maharashtra,2023-11-16 23:24:41,XXXX5034,ACTIVE,1037.44
MCH7651,Sur Inc,5912,Pharmacies & Healthcare,Sole Proprietorship,Jalandhar,Punjab,2025-07-24 13:48:53,VAPP7301302357942,ACTIVE,1138.07
MCH3093,"Dube, Venkatesh And Jha",5999,Miscellaneous Retail,Private Limited,Kolkata,West Bengal,2024-10-22 10:22:00,PHHT2563139884519,ACTIVE,1107.0
MCH1494,Joshi-Bala,5311,Department Stores,Sole Proprietorship,Mumbai,Maharashtra,2023-12-07 00:00:00,QLRF2864130155210,ACTIVE,997.33
MCH2548,Anne Llc,5812,Restaurants & Dining,Partnership,Kolkata,West Bengal,2024-03-28 00:00:00,,ACTIVE,2367.01
MCH7306,Devi-Narang,4131,Transportation,Individual,Delhi,Delhi,2024-10-20 05:44:44,XXXX6412,ACTIVE,539.76
MCH3983,"Magar, Tara And Gera",5912,Pharmacies & Healthcare,Sole Proprietorship,Amritsar,Punjab,2024-12-15 02:44:24,XXXX1963,ACTIVE,511.0
MCH4587,Karnik And Sons,5311,Department Stores,Partnership,Jaipur,Rajasthan,2025-02-07 00:00:00,,ACTIVE,2493.1
MCH3555,Chaudhari-Dutta,5311,Department Stores,Partnership,Kolkata,West Bengal,2023-03-31 00:00:00,FYRB6292482908836,ACTIVE,712.21
MCH7127,"Thakur, Hayre And Kalla",5912,Pharmacies & Healthcare,Individual,Chennai,Tamil Nadu,2023-07-15 00:00:00,,ACTIVE,1116.33
MCH8994,Shukla-Manne,4814,Telecommunication Services,Partnership,Kolkata,West Bengal,2025-11-22 15:26:14,AOKV6829664383303,ACTIVE,2951.22
MCH3240,"Roy, Dash And Bobal",5411,Grocery Stores,Partnership,Pune,Maharashtra,2023-11-13 00:00:00,CMDO7903517998811,ACTIVE,1077.02
MCH1417,"Sekhon, Parsa And Bandi",4814,Telecommunication Services,Sole Proprietorship,Mumbay,Maharashtra,2026-01-26 00:00:00,,ACTIVE,1501.66
MCH4322,Patla Plc,4814,Telecommunication Services,Private Limited,Pune,Maharashtra,2025-10-17 00:00:00,XXXX9948,ACTIVE,274.0
MCH1130,"K0Thari, Singh And Sura",5311,Department Stores,Sole Proprietorship,Ldh,Punjab,2025-09-20 00:31:00,,ACTIVE,3514.91
MCH5559,Muni-Raval,5411,Grocery Stores,Private Limited,Jalandhar,Punjab,2026-01-21 00:00:00,,ACTIVE,723.26
MCH5695,Divan Inc,5699,Apparel & Clothing,Individual,Hyderabad,Telangana,2025-08-20 19:03:23,6474425874,ACTIVE,
MCH4475,"Ray, Kulkarni And Suresh",5311,Department Stores,Private Limited,Ludhiana,Punjab,2024-03-03 00:00:00,XXXX5127,ACTIVE,3417.23
MCH8410,Kade Llc,5411,Grocery Stores,Partnership,Lucknow,Uttar Pradesh,2024-11-08 00:00:00,5959501337,ACTIVE,893.08
MCH5478,"Prashad, Tripathi And Bala",4814,Telecommunication Services,Private Limited,Jaipur,Rajasthan,2024-06-14 00:00:00,XXXX3083,ACTIVE,3789.33
MCH1616,"Suresh, Borra And Ganesh",4814,Telecommunication Services,Individual,Chennai,Tamil Nadu,2023-11-10 00:00:00,,ACTIVE,2818.0
MCH5237,Deep-Raja,5999,Miscellaneous Retail,Individual,Mumbai,Maharashtra,2025-02-13 16:43:39,XXXX0515,ACTIVE,986.24
MCH1263,Krishnan-Venkataraman,4814,Telecommunication Services,Partnership,Kolkata,West Bengal,,,ACTIVE,565.9
MCH4956,Kant-Setty,5411,Grocery Stores,Sole Proprietorship,Jaipur,Rajasthan,2025-01-22 00:00:00,DOXB7877644685999,ACTIVE,6450.59
MCH3966,Nath-Dixit,5411,Grocery Stores,Partnership,Pune,Maharashtra,2023-08-21 00:00:00,XXXX2614,ACTIVE,1005.47
MCH6331,Wagle-Sinha,5912,Pharmacies & Healthcare,Sole Proprietorship,Bengaluru,Karnataka,2024-10-05 06:43:00,IOKV1240109633121,ACTIVE,2605.3
MCH7185,Agarwal Plc,7011,Hotels & Lodging,Individual,Pune,Maharashtra,2025-08-26 00:00:00,,ACTIVE,1255.08
MCH9884,Sidhu Group,7011,Hotels & Lodging,Partnership,Chennai,Tamil Nadu,2023-10-27 00:00:00,PILQ9149941231060,ACTIVE,1570.58
MCH7321,"Krishna, Saraf And Pant",5999,Miscellaneous Retail,Partnership,Kolkata,West Bengal,2024-02-28 10:01:00,,ACTIVE,954.48
MCH6383,Shere-Mander,4131,Transportation,Private Limited,Delhi,Delhi,2024-05-20 00:00:00,,SUSPENDED,1196.32
MCH8673,Goswami And Sons,5812,Restaurants & Dining,Private Limited,Delhi,Delhi,2026-02-25 00:00:00,1774013903,ACTIVE,979.86
MCH6919,Mander Ltd,5999,Miscellaneous Retail,Partnership,Jalandhar,Punjab,2024-02-05 02:08:00,6597659461,ACTIVE,2549.85
MCH4092,"Badami, Prabhakar And Grover",5942,Books & Stationery,Individual,Chennai,Tamil Nadu,2024-10-30 07:51:00,KNKS3499549207785,ON_HOLD,5822.31
MCH3389,Korpal-Hegde,5912,Pharmacies & Healthcare,Individual,Ldh,Punjab,2023-04-11 00:37:00,,ACTIVE,877.98
MCH7323,Koshy-Comar,5311,Department Stores,Sole Proprietorship,Chennai,Tamil Nadu,2026-02-15 00:00:00,,ACTIVE,973.0
MCH8037,Hans Llc,7011,Hotels & Lodging,Sole Proprietorship,Kolkata,West Bengal,2024-08-09 00:00:00,CEOR0731906884915,ACTIVE,2212.52
MCH6837,Oommen-Thaker,5942,Books & Stationery,Individual,Jalandhar,Punjab,2025-11-10 16:08:00,6324216769,INACTIVE,1750.4
MCH2236,Yohannan-Chada,5311,Department Stores,Private Limited,Kolkata,West Bengal,2023-01-24 08:58:43,3926948531,INACTIVE,5340.64
MCH8212,Taneja Ltd,5311,Department Stores,Private Limited,Chennai,Tamil Nadu,2023-07-03 00:00:00,,INACTIVE,2159.07
MCH4912,Devi Group,5411,Grocery Stores,Sole Proprietorship,Kolkata,West Bengal,2025-07-07 01:25:23,DTHN1330740328006,ACTIVE,1738.86
MCH6291,"Bal, Divan And Natt",7011,Hotels & Lodging,Private Limited,Amritsar,Punjab,2023-01-18 00:00:00,9816350407,ACTIVE,908.0
MCH2580,Rajag0Pa1An-S0Man,5812,Restaurants & Dining,Private Limited,Jaipur,Rajasthan,2023-07-17 00:00:00,XXXX4205,ACTIVE,7864.69
MCH8306,Magar-Gaba,4131,Transportation,Private Limited,Delhi,Delhi,2025-11-22 00:00:00,,INACTIVE,840.15
MCH9973,"Parsa, Loyal And Pai",4814,Telecommunication Services,Partnership,Lucknow,Uttar Pradesh,2024-04-19 00:00:00,VRDN2962805644016,ACTIVE,1836.29
MCH6583,"Iyengar, Puri And Tiwari",5311,Department Stores,Partnership,Jalandhar,Punjab,2025-07-20 00:00:00,OTYU4679169024065,INACTIVE,4193.64
MCH1567,Samra Plc,5699,Apparel & Clothing,Individual,Mumbai,Maharashtra,2023-07-23 05:44:28,XXXX0316,INACTIVE,1417.9
MCH8125,Dar Plc,5311,Department Stores,Partnership,Ludhiana,Punjab,2025-09-16 00:00:00,VZMM0683609991755,INACTIVE,176.19
MCH6600,Raju Inc,7011,Hotels & Lodging,Individual,Bengaluru,Karnataka,2025-04-18 00:00:00,IHUG8298515768880,ACTIVE,484.58
MCH5626,"Borah, Bedi And Khalsa",7011,Hotels & Lodging,Sole Proprietorship,Hyderabad,Telangana,2026-02-25 00:00:00,,ON_HOLD,1422.38
MCH8570,Reddy Ltd,5942,Books & Stationery,Partnership,Hyderabad,Telangana,2023-03-28 00:00:00,4219980172,ACTIVE,528.1
MCH9693,"Babu, Murty And Rao",5942,Books & Stationery,Sole Proprietorship,Pune,Maharashtra,2023-07-25 19:48:00,SBLA0467817458024,ACTIVE,1260.07
MCH8744,Prashad Llc,5942,Books & Stationery,Individual,Jalandhar,Punjab,2025-03-31 16:57:30,WWJH8069949347893,ACTIVE,3282.54
MCH6033,"Sama, Basak And Majumdar",5999,Miscellaneous Retail,Private Limited,Hyderabad,Telangana,2025-03-05 00:00:00,0665928024,ACTIVE,365.0
MCH6989,Raju Llc,5699,Apparel & Clothing,Individual,Jaipur,Rajasthan,2023-11-03 00:00:00,4351608402,INACTIVE,1427.8
MCH7470,Venkatesh Ltd,5699,Apparel & Clothing,Sole Proprietorship,Lucknow,Uttar Pradesh,2025-04-29 13:49:33,DLXM0557851330372,ACTIVE,787.0
MCH6449,Chakraborty-Hans,5812,Restaurants & Dining,Sole Proprietorship,Hyderabad,Telangana,2024-03-01 00:00:00,XXXX5646,ACTIVE,1506.6
MCH2081,Swaminathan And Sons,7011,Hotels & Lodging,Individual,Jalandhar,Punjab,2026-02-24 00:00:00,,ACTIVE,515.0
MCH7256,Arora-Raman,4131,Transportation,Sole Proprietorship,Lucknow,Uttar Pradesh,2026-02-14 00:00:00,,ACTIVE,449.65
MCH3163,Dada-Kalita,5912,Pharmacies & Healthcare,Partnership,Hyderabad,Telangana,2026-01-16 00:00:00,,ACTIVE,963.91
MCH2589,Dhawan-Thaker,5311,Department Stores,Sole Proprietorship,Hyderabad,Telangana,2025-12-01 00:00:00,XXXX8775,INACTIVE,611.95
MCH5959,Nigam Group,5942,Books & Stationery,Private Limited,Mumbai,Maharashtra,2025-06-14 00:00:00,TOMC3445782175803,INACTIVE,2495.0
MCH4556,Parmar And S0Ns,7011,Hotels & Lodging,Private Limited,Jaipur,Rajasthan,2024-05-16 07:05:47,CXEA6616163600300,ACTIVE,933.34
MCH2899,Sampath-Mannan,5812,Restaurants & Dining,Individual,Bengaluru,Karnataka,2023-05-27 00:00:00,,ACTIVE,379.53
MCH1465,"Shah, Solanki And Rajagopalan",5699,Apparel & Clothing,Individual,Lucknow,Uttar Pradesh,2024-04-10 00:00:00,XXXX9396,SUSPENDED,725.72
MCH6377,"Sharma, Bedi And Pandya",5812,Restaurants & Dining,Partnership,Hyderabad,Telangana,2023-10-03 00:00:00,,SUSPENDED,531.47
MCH7618,Mutti-Mohan,5942,Books & Stationery,Individual,Hyderabad,Telangana,2023-03-14 00:00:00,XXXX5035,ACTIVE,664.0
MCH9824,Memon-Mistry,4814,Telecommunication Services,Partnership,Ludhiana,Punjab,2024-08-16 02:30:46,,ON_HOLD,837.47
MCH1828,Goel Plc,5699,Apparel & Clothing,Private Limited,Chennai,Tamil Nadu,2025-10-15 00:00:00,XXXX2989,ACTIVE,4227.93
MCH7748,Chhabra Group,5812,Restaurants & Dining,Individual,Poona,Maharashtra,2025-12-26 00:00:00,0225226630,ACTIVE,1602.16
MCH8058,Sem-Kapoor,5999,Miscellaneous Retail,Partnership,Kolkata,West Bengal,2024-06-05 00:00:00,XXXX0797,ACTIVE,8700.14
MCH1199,Chad-Grewal,5812,Restaurants & Dining,Sole Proprietorship,Hyderabad,Telangana,2024-11-22 00:00:00,8520358001,ACTIVE,187.18
MCH5767,Pandya Inc,4814,Telecommunication Services,Individual,Jaipur,Rajasthan,2024-01-09 00:00:00,6172553008,ACTIVE,793.79
MCH3535,"Mammen, Patla And Kala",4131,Transportation,Sole Proprietorship,Jaipur,Rajasthan,2025-08-08 00:00:00,,ACTIVE,1091.98
MCH2910,"Mall, Sankaran And Mittal",4131,Transportation,Private Limited,Delhi,Delhi,2025-09-28 00:00:00,XXXX0107,ACTIVE,3631.28
MCH6263,"Bahri, Bajaj And Mander",5942,Books & Stationery,Individual,Chennai,Tamil Nadu,2025-09-10 00:00:00,,INACTIVE,667.85
MCH1270,Tiwari And Sons,5311,Department Stores,Private Limited,Hyderabad,Telangana,2023-06-02 14:56:50,,ACTIVE,1107.02
MCH1913,"Sandal, Srinivas And Lata",5912,Pharmacies & Healthcare,Partnership,Lucknow,Uttar Pradesh,2023-09-06 00:00:00,3453698993,ACTIVE,468.17
MCH3765,Mohanty Llc,5311,Department Stores,Partnership,Hyderabad,Telangana,2023-06-20 05:11:20,0770998127,ACTIVE,1911.75
MCH7639,Guha And Sons,5699,Apparel & Clothing,Private Limited,Jalandhar,Punjab,2024-10-04 00:29:00,CBVL9950272702158,ACTIVE,2082.39
MCH6737,Kohli Inc,5942,Books & Stationery,Partnership,Ludhiana,Punjab,2023-06-07 00:00:00,7394942754,ACTIVE,675.29
MCH9749,"Vasa, Jha And Babu",7011,Hotels & Lodging,Sole Proprietorship,Chennai,Tamil Nadu,2025-04-08 00:00:00,KYLU7872860441516,ACTIVE,276.87
MCH3803,"Tara, Wali And Sachdev",5942,Books & Stationery,Individual,Lucknow,Uttar Pradesh,2025-10-14 23:06:00,,ACTIVE,2461.72
MCH1645,Savant-Singha1,5942,Books & Stationery,Sole Proprietorship,Chennai,Tamil Nadu,2024-04-19 00:00:00,GUUE6743967074534,ACTIVE,337.0
MCH6441,Bhatia And Sons,7011,Hotels & Lodging,Partnership,Lucknow,Uttar Pradesh,2025-12-20 07:37:00,,ACTIVE,995.16
MCH2650,Choudhary Ltd,5942,Books & Stationery,Individual,Delhi,Delhi,2024-09-22 00:00:00,,INACTIVE,1197.2
MCH9883,"K0Rpa1, Bera And Sachdeva",4814,Telecommunication Services,Partnership,Bengaluru,Karnataka,2025-08-07 00:00:00,,ACTIVE,1595.57
MCH8663,Khalsa Group,5942,Books & Stationery,Partnership,Jalandhar,Punjab,2023-05-04 00:00:00,CZSI5545012134696,INACTIVE,338.0
MCH1786,"Ganguly, Mammen And Babu",5411,Grocery Stores,Sole Proprietorship,Pune,Maharashtra,2025-05-22 00:00:00,YNDF5378176701295,ACTIVE,1212.0
MCH6164,"Bir, Patil And Chahal",5912,Pharmacies & Healthcare,Sole Proprietorship,Mumbay,Maharashtra,2023-01-03 18:39:00,4503250362,ACTIVE,1451.0
MCH3997,Bhatia Inc,4814,Telecommunication Services,Partnership,Kolkata,West Bengal,2025-01-19 14:57:11,XXXX8184,INACTIVE,702.23
MCH6860,Buch Plc,5699,Apparel & Clothing,Private Limited,Kolkata,West Bengal,2025-01-09 00:00:00,,ACTIVE,364.0
MCH8900,Nadkarni-Khare,5812,Restaurants & Dining,Individual,Lucknow,Uttar Pradesh,2025-06-11 00:00:00,ORVR2313413068698,INACTIVE,1349.0
MCH9554,Kale Ltd,4814,Telecommunication Services,Partnership,Kolkata,West Bengal,2025-07-12 00:00:00,,ON_HOLD,696.0
MCH4383,"Sabharwal, Patla And Nagy",5812,Restaurants & Dining,Individual,Jaipur,Rajasthan,2024-12-13 00:00:00,,ACTIVE,4027.8
MCH2800,Raja-Naik,5311,Department Stores,Private Limited,Bengaluru,Karnataka,2024-04-18 00:00:00,9493307388,INACTIVE,1096.85
MCH5921,Saraf-Saraf,7011,Hotels & Lodging,Individual,Jaipur,Rajasthan,2025-05-31 15:14:51,XXXX9547,INACTIVE,352.95
MCH3384,Gill-Bakshi,5999,Miscellaneous Retail,Partnership,Kolkata,West Bengal,2023-06-27 00:00:00,8993037640,ACTIVE,1223.35
MCH6960,Das-Dhawan,5812,Restaurants & Dining,Partnership,Jaipur,Rajasthan,2023-01-22 00:00:00,,ACTIVE,1832.0
MCH3325,Varty-Vig,5912,Pharmacies & Healthcare,Partnership,Kolkata,West Bengal,2023-10-29 00:00:00,XXXX1753,ACTIVE,4212.0
MCH2575,Rast0Gi-Verma,5912,Pharmacies & Healthcare,Individual,Pune,Maharashtra,2025-04-09 16:48:12,XXXX2986,ACTIVE,549.08
MCH3348,"Chauhan, Chowdhury And Dhillon",5942,Books & Stationery,Individual,Amritsar,Punjab,2023-12-16 00:00:00,MCSB8481417353125,ACTIVE,3038.21
MCH8842,"Bala, Pillai And Kala",5999,Miscellaneous Retail,Partnership,Amritsar,Punjab,2023-04-23 00:00:00,XXXX1658,SUSPENDED,
MCH1473,Lata-Khurana,5912,Pharmacies & Healthcare,Partnership,Hyderabad,Telangana,,,INACTIVE,326.76
MCH9995,Ben-Krish,5999,Miscellaneous Retail,Sole Proprietorship,Pune,Maharashtra,2025-11-09 20:22:00,FLBG6350605755281,ACTIVE,2919.94
MCH9398,"Soman, Murthy And Mangat",5411,Grocery Stores,Partnership,Bengaluru,Karnataka,2026-02-21 00:00:00,,ACTIVE,5429.9
MCH8505,Kamdar-Ghosh,5942,Books & Stationery,Private Limited,Jaipur,Rajasthan,2023-08-02 00:00:00,XXXX4333,ACTIVE,517.98
MCH3780,Hegde Group,5311,Department Stores,Private Limited,Lucknow,Uttar Pradesh,2026-02-27 20:38:00,XXXX3079,SUSPENDED,315.62
MCH5762,Hayre And Sons,5942,Books & Stationery,Sole Proprietorship,Kolkata,West Bengal,2024-01-05 06:19:29,XXXX2767,ACTIVE,823.98
MCH6200,"Sen, Walla And Bath",5999,Miscellaneous Retail,Private Limited,Delhi,Delhi,2024-01-29 20:38:00,,ACTIVE,
MCH7108,Krishnan Group,5411,Grocery Stores,Sole Proprietorship,Delhi,Delhi,2023-05-14 00:00:00,,ACTIVE,567.27
MCH6035,Radhakrishnan-Chad,5812,Restaurants & Dining,Partnership,Delhi,Delhi,2026-01-25 00:00:00,,ACTIVE,706.81
MCH4693,Dhingra-Bava,7011,Hotels & Lodging,Private Limited,Mumbai,Maharashtra,2024-12-28 01:09:00,,ACTIVE,3445.16
MCH9456,"Rajagopalan, Luthra And Singh",5999,Miscellaneous Retail,Individual,Delhi,Delhi,2025-09-22 04:16:00,XXXX4617,ACTIVE,
MCH8928,Deo Plc,4131,Transportation,Partnership,Chennai,Tamil Nadu,2024-10-18 05:30:00,XXXX5889,ACTIVE,1547.93
MCH2205,Mannan And Sons,5999,Miscellaneous Retail,Sole Proprietorship,Ludhiana,Punjab,2023-07-23 00:00:00,XXXX7174,INACTIVE,490.97
MCH4033,Kota Plc,5699,Apparel & Clothing,Individual,Ludhiana,Punjab,2025-02-23 00:33:29,5691989399,ACTIVE,1305.4
MCH3154,Bhardwaj Ltd,4131,Transportation,Individual,Mumbai,Maharashtra,2024-10-28 07:15:31,XXXX9089,INACTIVE,633.37
MCH3548,"Bhakta, Dhaliwal And Comar",4814,Telecommunication Services,Individual,Jaipur,Rajasthan,,VZDR7391504338268,ACTIVE,1931.09
MCH6354,"Gulati, Khosla And Peri",5812,Restaurants & Dining,Partnership,Lucknow,Uttar Pradesh,2025-08-14 00:00:00,,ACTIVE,122.8
MCH3611,"Ratti, Sunder And Kapoor",4131,Transportation,Private Limited,Bengaluru,Karnataka,,XXXX2260,ACTIVE,787.19
MCH3886,Gandhi Inc,5812,Restaurants & Dining,Sole Proprietorship,Kolkata,West Bengal,2025-12-18 00:00:00,XXXX0009,ACTIVE,3831.0
MCH8272,Bava And Sons,5311,Department Stores,Sole Proprietorship,Bengaluru,Karnataka,2024-08-08 15:02:00,1994793915,ACTIVE,946.17
MCH4382,"Bahl, Ratta And Mann",5912,Pharmacies & Healthcare,Individual,Mumbai,Maharashtra,2023-07-18 20:54:40,,ACTIVE,1094.0
MCH2357,Shan Ltd,5999,Miscellaneous Retail,Individual,Jalandhar,Punjab,2025-06-16 00:00:00,XXXX8144,ACTIVE,945.26
MCH1148,Deep-Manda,4131,Transportation,Individual,Amritsar,Punjab,2025-06-15 00:35:23,,ACTIVE,3461.0
MCH4026,Nagy Ltd,5812,Restaurants & Dining,Private Limited,Kolkata,West Bengal,,,ACTIVE,1027.0
MCH1522,Mody Inc,5912,Pharmacies & Healthcare,Sole Proprietorship,Jaipur,Rajasthan,2024-08-04 00:00:00,,ACTIVE,631.57
MCH6144,Ravi-Dhingra,5912,Pharmacies & Healthcare,Private Limited,Hyderabad,Telangana,2023-04-28 00:00:00,,ACTIVE,2686.0
MCH6062,Kata Plc,5699,Apparel & Clothing,Sole Proprietorship,Mumbai,Maharashtra,2025-09-10 00:00:00,3065314778,ACTIVE,9045.0
MCH8929,Suri-Toor,5999,Miscellaneous Retail,Individual,Hyderabad,Telangana,,,ACTIVE,447.0
MCH9506,"Savant, Bains And Bali",5912,Pharmacies & Healthcare,Partnership,Poona,Maharashtra,2025-12-01 00:00:00,XXXX0299,ACTIVE,353.01
MCH7605,Beh1-D’A1Ia,5311,Department Stores,Partnership,Chennai,Tamil Nadu,2023-05-03 00:00:00,,ACTIVE,6345.68
MCH6594,Varkey-Bhatti,5411,Grocery Stores,Partnership,Poona,Maharashtra,2025-01-24 23:13:22,7425361686,ACTIVE,1271.0
MCH1154,"Oommen, Tata And Randhawa",7011,Hotels & Lodging,Partnership,Kolkata,West Bengal,2025-04-18 00:00:00,RBFJ6015227406897,ACTIVE,655.3
MCH6013,Date Ltd,5699,Apparel & Clothing,Individual,Mumbai,Maharashtra,2025-11-12 09:48:09,9831248184,INACTIVE,138.89
MCH3122,Lala-Chaudhari,4814,Telecommunication Services,Sole Proprietorship,Ldh,Punjab,2024-12-09 00:00:00,XXXX8953,ACTIVE,380.73
MCH8297,Natarajan-Gill,4814,Telecommunication Services,Individual,Lucknow,Uttar Pradesh,2024-05-14 00:00:00,BYTE1111357515501,ACTIVE,558.71
MCH3388,"Chaudhary, Patel And Bhatti",7011,Hotels & Lodging,Partnership,Delhi,Delhi,2026-02-10 03:56:14,,INACTIVE,2198.14
MCH6155,Kari-Basu,5699,Apparel & Clothing,Sole Proprietorship,Hyderabad,Telangana,2023-06-20 00:00:00,,ACTIVE,705.71
MCH2382,Parsa-Mandal,4814,Telecommunication Services,Individual,Jalandhar,Punjab,2026-01-30 05:50:43,,SUSPENDED,16892.62
MCH9975,Nadkarni-Sane,5999,Miscellaneous Retail,Sole Proprietorship,Delhi,Delhi,2025-08-02 00:00:00,XXXX7415,ACTIVE,4465.19
MCH5316,Madan Ltd,5311,Department Stores,Individual,Kolkata,West Bengal,2023-05-11 17:42:55,,ACTIVE,706.61
MCH5881,"Bandi, Krishnamurthy And Saran",5411,Grocery Stores,Partnership,Amritsar,Punjab,2025-12-13 00:00:00,XXXX6576,ACTIVE,345.76
MCH3594,Khalsa Inc,5999,Miscellaneous Retail,Partnership,Chennai,Tamil Nadu,,7162144056,ACTIVE,381.0
MCH4583,Krish-Dar,5812,Restaurants & Dining,Sole Proprietorship,Mumbai,Maharashtra,2025-11-23 00:00:00,5472564311,ACTIVE,4726.0
MCH3292,Murthy Plc,5942,Books & Stationery,Individual,Chennai,Tamil Nadu,2023-06-21 00:00:00,XXXX2688,INACTIVE,2151.78
MCH4417,Nair-Bhavsar,5942,Books & Stationery,Private Limited,Jalandhar,Punjab,2024-10-26 00:00:00,XXXX2826,ACTIVE,291.65
MCH5375,"Zacharia, Krishnamurthy And Talwar",5699,Apparel & Clothing,Individual,Pune,Maharashtra,2023-02-04 11:37:21,6686840480,ACTIVE,872.85
MCH8896,Yadav-Padmanabhan,4131,Transportation,Private Limited,Hyderabad,Telangana,2024-02-05 00:00:00,XXXX8367,ACTIVE,1243.9
MCH7835,"Dugar, Dhawan And De",7011,Hotels & Lodging,Private Limited,Lucknow,Uttar Pradesh,2023-12-26 12:25:00,,SUSPENDED,1744.59
MCH8334,"Rai,Bandiandjayaraman",4131,Transportation,Partnership,Kolkata,West Bengal,2024-08-17 14:07:20,MJDT6229880746794,ACTIVE,3117.64
MCH3758,Dube Ltd,5999,Miscellaneous Retail,Sole Proprietorship,Delhi,Delhi,2023-09-10 22:18:52,7052831071,ACTIVE,1607.42
MCH9406,Randhawa And Sons,5812,Restaurants & Dining,Individual,Lucknow,Uttar Pradesh,2025-08-11 00:00:00,XXXX6795,ACTIVE,2159.94
MCH8412,Sachdeva-Mutti,5311,Department Stores,Private Limited,Bengaluru,Karnataka,2023-03-01 00:00:00,,ACTIVE,2327.41
MCH7582,Gola Ltd,4131,Transportation,Individual,Kolkata,West Bengal,2024-07-31 16:49:00,,ACTIVE,1056.25
MCH4815,"Karan, Bhattacharyya And Saran",5912,Pharmacies & Healthcare,Private Limited,Kolkata,West Bengal,2025-04-10 08:18:32,4505912973,ACTIVE,1152.86
MCH4875,"Sangha, Sodhi And Banik",5999,Miscellaneous Retail,Sole Proprietorship,Kolkata,West Bengal,2023-12-03 09:59:00,,INACTIVE,303.18
MCH3184,"Sane, Dhawan And Prabhakar",4814,Telecommunication Services,Individual,Mumbai,Maharashtra,2023-09-12 00:00:00,,ACTIVE,1192.54
MCH4930,Dasgupta-Dua,5812,Restaurants & Dining,Partnership,Jaipur,Rajasthan,2025-06-25 14:06:00,,ACTIVE,1023.36
MCH7078,"Vasa, Gade And Viswanathan",5699,Apparel & Clothing,Individual,Mumbai,Maharashtra,2025-08-17 00:00:00,XXXX5209,ACTIVE,660.73
MCH9226,Bhatnagar-Magar,5812,Restaurants & Dining,Partnership,Chennai,Tamil Nadu,2024-11-27 00:00:00,CSVM1025081118272,SUSPENDED,500.21
MCH3593,"Kara,Brarandapte",4814,Telecommunication Services,Private Limited,Mumbai,Maharashtra,2023-12-04 15:44:19,,ACTIVE,474.6
MCH8980,Sibal And Sons,5999,Miscellaneous Retail,Sole Proprietorship,Kolkata,West Bengal,,NSXF9069953614841,ACTIVE,972.53
MCH2605,Gera-Karpe,5699,Apparel & Clothing,Individual,Mumbai,Maharashtra,2026-02-25 00:00:00,ZUZI7142150561628,ACTIVE,1371.0
MCH8832,Gour Ltd,5942,Books & Stationery,Individual,Pune,Maharashtra,2024-10-19 08:26:23,9524602047,ACTIVE,
MCH4577,"Acharya, Apte And Bajwa",5999,Miscellaneous Retail,Sole Proprietorship,Chennai,Tamil Nadu,2025-09-14 00:00:00,XXXX2492,ACTIVE,461.44
MCH1035,Minhas-Khatri,5812,Restaurants & Dining,Sole Proprietorship,Mumbay,Maharashtra,2024-01-24 00:00:00,LDCT0604920639781,ACTIVE,5777.68
MCH1458,Chatterjee-Saran,5311,Department Stores,Sole Proprietorship,Jalandhar,Punjab,2025-09-05 00:00:00,XXXX1187,INACTIVE,658.54
MCH3075,Setty Ltd,5411,Grocery Stores,Private Limited,Mumbay,Maharashtra,,,ACTIVE,1370.51
MCH2108,Sankar-Desai,5912,Pharmacies & Healthcare,Sole Proprietorship,Ludhiana,Punjab,2023-10-30 00:00:00,9695114754,SUSPENDED,1535.43
MCH6726,Boase-Chatterjee,7011,Hotels & Lodging,Individual,Chennai,Tamil Nadu,2024-04-10 07:16:24,,SUSPENDED,1583.09
MCH6966,"Wali, Mand And Prabhakar",5942,Books & Stationery,Partnership,Amritsar,Punjab,2023-10-16 00:00:00,,ACTIVE,2789.87
MCH5370,Lala Llc,5311,Department Stores,Individual,Delhi,Delhi,2025-05-07 03:36:09,,ACTIVE,1448.94
MCH7199,Manda And Sons,5942,Books & Stationery,Sole Proprietorship,Delhi,Delhi,2026-10-02 11:11:00,,ACTIVE,1077.86
MCH2528,Cherian Ltd,5999,Miscellaneous Retail,Private Limited,Jalandhar,Punjab,2024-08-03 00:00:00,,ACTIVE,830.85
MCH9160,Som Ltd,4814,Telecommunication Services,Partnership,Ludhiana,Punjab,2025-01-29 00:00:00,9756179537,ACTIVE,722.22
MCH5776,Varma-Bahri,5699,Apparel & Clothing,Individual,Mumbai,Maharashtra,2025-04-10 00:00:00,0509545143,INACTIVE,807.85
MCH1854,"Sule, Prashad And Balay",7011,Hotels & Lodging,Partnership,Amritsar,Punjab,2023-09-21 00:00:00,XXXX8005,ACTIVE,5318.31
MCH1936,"Batra, Ramanathan And Din",5912,Pharmacies & Healthcare,Sole Proprietorship,Hyderabad,Telangana,2024-07-16 00:00:00,XXXX3173,ACTIVE,143.98
MCH4261,Swaminathan Ltd,7011,Hotels & Lodging,Private Limited,Lucknow,Uttar Pradesh,2025-06-08 20:07:40,XXXX1395,ACTIVE,965.51
MCH4486,"Bumb, Kibe And Saraf",4814,Telecommunication Services,Private Limited,Chennai,Tamil Nadu,2026-02-14 00:00:00,XXXX9655,ACTIVE,2112.84
MCH3078,"Gandhi, Rout And Sankaran",7011,Hotels & Lodging,Sole Proprietorship,Bengaluru,Karnataka,2023-07-10 04:10:18,,ACTIVE,752.09
MCH1234,Comar-Kari,4131,Transportation,Sole Proprietorship,Jalandhar,Punjab,,IUGP6821222732474,ACTIVE,1120.89
MCH8470,Munshi-Reddy,4131,Transportation,Sole Proprietorship,Pune,Maharashtra,2025-12-29 00:00:00,,ACTIVE,1203.0
MCH9228,Ram Inc,5999,Miscellaneous Retail,Individual,Hyderabad,Telangana,2025-10-19 16:20:00,XXXX4276,ACTIVE,1661.79
MCH4675,"Minhas, Narayan And Bandi",5942,Books & Stationery,Sole Proprietorship,Jalandhar,Punjab,2023-06-15 10:04:37,,ACTIVE,
MCH8603,Mane Ltd,5812,Restaurants & Dining,Sole Proprietorship,Ludhiana,Punjab,2023-04-01 16:26:07,9861979521,ACTIVE,258.46
MCH8245,"Dhillon, Saran And Kalita",7011,Hotels & Lodging,Partnership,Ludhiana,Punjab,2025-09-06 00:00:00,,ACTIVE,2778.0
MCH9780,"Kibe, Setty And Kaul",5942,Books & Stationery,Private Limited,Mumbai,Maharashtra,2024-07-14 00:00:00,EUVJ9352599503304,ACTIVE,3251.18
MCH1020,Garg-Kale,4131,Transportation,Sole Proprietorship,Amritsar,Punjab,2023-05-09 00:00:00,,ACTIVE,1015.68
MCH9814,Sekhon-Luthra,5411,Grocery Stores,Individual,Hyderabad,Telangana,2023-06-12 00:00:00,,ACTIVE,2338.35
MCH8177,Soman Inc,5812,Restaurants & Dining,Private Limited,Kolkata,West Bengal,2024-04-03 04:33:00,XXXX3095,ACTIVE,2423.6
MCH8726,Rast0Gi-Saini,5999,Miscellaneous Retail,Partnership,Ludhiana,Punjab,,5579571324,ACTIVE,4900.29
MCH1378,Patil-Deshmukh,5311,Department Stores,Private Limited,Chennai,Tamil Nadu,2023-09-10 00:00:00,HYZE0588457086111,ACTIVE,387.99
MCH5154,Bhargava-Dey,5912,Pharmacies & Healthcare,Partnership,Jalandhar,Punjab,2025-03-22 00:00:00,XPFJ2723277827453,ACTIVE,861.82
MCH4482,Sawhney-Raman,7011,Hotels & Lodging,Private Limited,Ludhiana,Punjab,,8584867343,ACTIVE,246.88
MCH4363,Bhagatinc,5912,Pharmacies & Healthcare,Private Limited,Jalandhar,Punjab,2023-07-22 00:00:00,2625500394,ACTIVE,1657.41
MCH1422,Merchant And Sons,5912,Pharmacies & Healthcare,Individual,Hyderabad,Telangana,2023-04-25 00:00:00,,ACTIVE,4074.0
MCH9251,"Venkatesh, Randhawa And Lal",4131,Transportation,Sole Proprietorship,Lucknow,Uttar Pradesh,2026-01-02 09:37:10,6838955230,ACTIVE,621.25
MCH5829,Batta Ltd,5812,Restaurants & Dining,Sole Proprietorship,Jalandhar,Punjab,2024-11-07 00:00:00,SFSR8195478520780,SUSPENDED,690.13
MCH6920,"Bhagat, Nadkarni And Dyal",5311,Department Stores,Individual,Kolkata,West Bengal,2026-01-01 00:00:00,JTIZ3629800274600,ACTIVE,410.54
MCH2078,Chada-Dubey,5311,Department Stores,Individual,Bengaluru,Karnataka,2025-03-14 00:00:00,,ACTIVE,1915.85
MCH7870,Vyas Inc,4814,Telecommunication Services,Individual,Amritsar,Punjab,2023-08-26 09:30:35,,ACTIVE,926.49
MCH7546,Koshy Llc,5912,Pharmacies & Healthcare,Individual,Delhi,Delhi,2024-11-17 00:00:00,XXXX1749,ACTIVE,356.0
MCH1904,Sandal Inc,4814,Telecommunication Services,Individual,Jalandhar,Punjab,2024-03-23 06:08:07,EZBT7024632751925,ACTIVE,1398.65
MCH7495,"Biswas, Mane And Hari",5311,Department Stores,Private Limited,Delhi,Delhi,,,ACTIVE,993.25
MCH4126,"Wali, Mahal And Prabhu",4131,Transportation,Individual,Hyderabad,Telangana,2023-09-12 15:51:00,RAIS4512083077234,ACTIVE,1593.0
MCH7222,Verma And Sons,4814,Telecommunication Services,Individual,Delhi,Delhi,2023-11-07 00:00:00,,INACTIVE,4154.85
MCH2327,"Ganguly, Grover And Mutti",5999,Miscellaneous Retail,Sole Proprietorship,Jaipur,Rajasthan,2025-01-24 00:00:00,XXXX8996,SUSPENDED,12565.25
MCH1977,Mukherjee-Menon,5311,Department Stores,Partnership,Hyderabad,Telangana,2025-04-29 03:02:42,XXXX1090,ACTIVE,4221.17
MCH5799,Nagar Inc,7011,Hotels & Lodging,Private Limited,Jalandhar,Punjab,2026-02-16 00:00:00,RWJB2008792112548,ACTIVE,209.08
MCH4943,Sawhney-Dugar,7011,Hotels & Lodging,Sole Proprietorship,Chennai,Tamil Nadu,2023-07-16 00:00:00,,INACTIVE,470.52
MCH9471,Sarma Ltd,5699,Apparel & Clothing,Partnership,Hyderabad,Telangana,2023-10-26 00:00:00,XXXX5808,ACTIVE,2136.82
MCH7978,K0Rpa1-Bassi,4814,Telecommunication Services,Private Limited,Jalandhar,Punjab,2025-10-26 14:25:48,,ACTIVE,4486.97
MCH9009,"Singhal, Patil And Brar",5311,Department Stores,Private Limited,Jalandhar,Punjab,2026-02-20 19:57:40,7365281036,INACTIVE,1016.03
MCH1947,"Batra, Kar And Sodhi",5699,Apparel & Clothing,Partnership,Bengaluru,Karnataka,2025-08-24 19:46:43,QPJE6965990436721,ACTIVE,3015.23
MCH9429,"Sachar, Borra And Raj",4814,Telecommunication Services,Private Limited,Bengaluru,Karnataka,,,ACTIVE,1031.66
MCH3742,"Mall, Sarma And Merchant",5999,Miscellaneous Retail,Partnership,Jalandhar,Punjab,2025-06-19 08:34:00,,ACTIVE,330.87
MCH4133,"Nayak, Prabhu And Som",4131,Transportation,Individual,Mumbay,Maharashtra,2023-12-20 07:08:02,,ACTIVE,570.23
MCH4581,"Tailor, Ganesh And Menon",5812,Restaurants & Dining,Partnership,Mumbai,Maharashtra,2025-11-02 00:00:00,,INACTIVE,1137.0
MCH9296,Bhakta-Sen,5699,Apparel & Clothing,Private Limited,Delhi,Delhi,2024-12-29 00:00:00,CFXN3327085441809,ACTIVE,453.57
MCH6818,"Bava, Badami And Sodhi",5311,Department Stores,Partnership,Mumbai,Maharashtra,2023-03-16 00:00:00,JOTB5244966377910,ACTIVE,3479.78
MCH3420,"Mani, Kota And Deol",4131,Transportation,Individual,Jaipur,Rajasthan,2024-01-18 11:43:00,,INACTIVE,453.43
MCH2451,"Halder, Kannan And Dixit",7011,Hotels & Lodging,Private Limited,Kolkata,West Bengal,2025-11-20 00:00:00,NIXX7228219214941,INACTIVE,610.7
MCH4419,Sankaran Inc,5912,Pharmacies & Healthcare,Partnership,Chennai,Tamil Nadu,2023-08-04 00:00:00,,ACTIVE,291.65
MCH8753,"Bhandari, Trivedi And Bora",4131,Transportation,Partnership,Hyderabad,Telangana,2024-12-27 13:54:54,,INACTIVE,718.79
MCH3048,Kala Group,7011,Hotels & Lodging,Private Limited,Jaipur,Rajasthan,2023-11-11 00:00:00,,ACTIVE,613.58
MCH2533,Khatri-Devi,5411,Grocery Stores,Sole Proprietorship,Jaipur,Rajasthan,2024-11-23 15:52:39,3534229147,ACTIVE,3147.37
MCH4080,Shenoy-Kashyap,4814,Telecommunication Services,Private Limited,Jaipur,Rajasthan,2025-10-04 03:56:06,YPYY3780350945436,ACTIVE,2043.03
MCH6770,Chaudhari-Dewan,5942,Books & Stationery,Sole Proprietorship,Jaipur,Rajasthan,,,ACTIVE,1139.41
MCH5547,Chander-Menon,5912,Pharmacies & Healthcare,Partnership,Poona,Maharashtra,2024-03-02 00:00:00,,SUSPENDED,1421.71
MCH5553,Sarna And Sons,5812,Restaurants & Dining,Private Limited,Mumbay,Maharashtra,2023-06-07 02:21:12,XXXX7273,INACTIVE,871.71
MCH3837,Bhat Group,5311,Department Stores,Individual,Delhi,Delhi,2026-01-17 00:00:00,XXXX7816,ACTIVE,2613.11
MCH4008,"Deep, Rajagopal And Tandon",4814,Telecommunication Services,Private Limited,Hyderabad,Telangana,2024-06-02 00:03:04,,ACTIVE,1196.0
MCH6764,Rama-Vora,4131,Transportation,Partnership,Hyderabad,Telangana,2025-08-22 07:58:18,XXXX1624,ACTIVE,892.82
MCH7681,Kala Plc,4814,Telecommunication Services,Private Limited,Hyderabad,Telangana,2023-12-04 14:59:00,,ACTIVE,2015.68
MCH2213,"Dash,Soniandpalla",7011,Hotels & Lodging,Individual,Kolkata,West Bengal,2023-04-30 00:00:00,,ACTIVE,4392.08
MCH6637,Sagar Group,5311,Department Stores,Sole Proprietorship,Jaipur,Rajasthan,2023-08-16 00:00:00,,ACTIVE,2926.37
MCH9388,"Mahajan, Dixit And Memon",7011,Hotels & Lodging,Partnership,Kolkata,West Bengal,2024-11-21 00:00:00,,ACTIVE,1507.31
MCH5077,"Chauhan, Thakur And Chacko",5411,Grocery Stores,Individual,Jaipur,Rajasthan,2023-11-12 01:16:55,9740262322,INACTIVE,250.88
MCH8364,Kataplc,5912,Pharmacies & Healthcare,Individual,Mumbai,Maharashtra,2023-11-21 12:44:00,,ACTIVE,753.31
MCH5438,"Krishna, Vohra And Ghose",5912,Pharmacies & Healthcare,Sole Proprietorship,Chennai,Tamil Nadu,2023-11-12 12:58:00,XXXX0401,ACTIVE,1326.9
MCH4427,Deshpande Llc,5812,Restaurants & Dining,Private Limited,Mumbai,Maharashtra,2023-02-05 00:00:00,0253333340,ACTIVE,1587.13
MCH4462,"Koshy, Badal And Nayar",5699,Apparel & Clothing,Individual,Hyderabad,Telangana,2025-01-17 00:00:00,XXXX9292,ACTIVE,937.0
MCH3845,Hora-Bath,4131,Transportation,Individual,Bengaluru,Karnataka,2024-08-16 14:46:25,8760940800,ACTIVE,2098.39
MCH8109,"Nadkarni, Sawhney And Singh",5912,Pharmacies & Healthcare,Partnership,Delhi,Delhi,2024-04-28 00:00:00,0836014923,ACTIVE,5729.0
MCH3487,Mutti Inc,5699,Apparel & Clothing,Sole Proprietorship,Kolkata,West Bengal,2023-07-24 00:00:00,,ACTIVE,1198.59
MCH8066,Sane-Shukla,5411,Grocery Stores,Partnership,Amritsar,Punjab,2023-08-03 00:00:00,0222417187,ACTIVE,665.07
MCH1226,Nadkarni Ltd,5912,Pharmacies & Healthcare,Sole Proprietorship,Ludhiana,Punjab,,,ACTIVE,602.21
MCH6386,Mahajan Inc,5311,Department Stores,Individual,Amritsar,Punjab,2025-02-03 00:00:00,,ACTIVE,
MCH8380,Gola-Bal,4814,Telecommunication Services,Individual,Hyderabad,Telangana,2025-10-14 05:29:06,XXXX2229,ACTIVE,3345.73
MCH6408,Gade And Sons,5942,Books & Stationery,Sole Proprietorship,Chennai,Tamil Nadu,2024-06-11 00:00:00,,ACTIVE,4374.58
MCH1055,Dhingra-Kapoor,5311,Department Stores,Partnership,Bengaluru,Karnataka,2024-12-30 03:08:34,6794786904,ACTIVE,770.74
MCH3788,"Divan, Kadakia And Kuruvilla",5311,Department Stores,Private Limited,Chennai,Tamil Nadu,2025-06-27 00:00:00,,ACTIVE,10161.82
MCH8512,Luthra-Bhasin,4131,Transportation,Sole Proprietorship,Lucknow,Uttar Pradesh,2025-07-22 00:00:00,,ACTIVE,2579.73
MCH6635,Sehgal Inc,5812,Restaurants & Dining,Private Limited,Bengaluru,Karnataka,,,ACTIVE,1810.23
MCH4355,Sur-Pandit,5699,Apparel & Clothing,Partnership,Lucknow,Uttar Pradesh,2023-04-18 00:00:00,0234156737,ACTIVE,
MCH3266,"Lalla, Baral And Pau",5311,Department Stores,Private Limited,Chennai,Tamil Nadu,2025-09-17 12:56:00,ZAAY3109374136824,ACTIVE,1627.34
MCH9745,"Datta, Kibe And Barad",5912,Pharmacies & Healthcare,Sole Proprietorship,Ludhiana,Punjab,2023-03-05 00:00:00,UQJV3362810389691,INACTIVE,1003.0
MCH7780,Jain Plc,5912,Pharmacies & Healthcare,Sole Proprietorship,Lucknow,Uttar Pradesh,2025-07-19 13:23:49,,INACTIVE,
MCH9051,"Gara, Keer And Padmanabhan",4814,Telecommunication Services,Sole Proprietorship,Bengaluru,Karnataka,2023-07-16 00:00:00,XXXX6304,ACTIVE,1715.14
MCH4681,"Raja, Ramanathan And Koshy",5942,Books & Stationery,Sole Proprietorship,Mumbai,Maharashtra,2023-09-13 00:00:00,,ACTIVE,554.63
MCH3296,Sampath-Chopra,5999,Miscellaneous Retail,Individual,Bengaluru,Karnataka,2025-11-18 00:00:00,XXXX2813,ACTIVE,1074.2
MCH4194,Srinivasan-Lala,4131,Transportation,Individual,Ldh,Punjab,2025-08-15 00:00:00,,ACTIVE,2059.54
MCH4708,Loke-Ganesan,5999,Miscellaneous Retail,Sole Proprietorship,Jalandhar,Punjab,2024-02-22 19:47:00,,ACTIVE,1266.56
MCH7027,"Vyas, Ghose And Narasimhan",5311,Department Stores,Sole Proprietorship,Hyderabad,Telangana,2023-04-05 00:00:00,GJGE7959201596190,ACTIVE,860.0
MCH7033,Mani And Sons,5699,Apparel & Clothing,Partnership,Mumbai,Maharashtra,2023-06-07 00:00:00,,ACTIVE,2767.54
MCH7731,Dalalplc,7011,Hotels & Lodging,Individual,Chennai,Tamil Nadu,2024-05-25 00:00:00,,ACTIVE,2899.19
MCH4459,Agate-Majumdar,4131,Transportation,Sole Proprietorship,Chennai,Tamil Nadu,2025-07-29 00:00:00,XXXX8386,ACTIVE,210.85
MCH6672,"Mittal, Bajwa And Guha",5812,Restaurants & Dining,Individual,Delhi,Delhi,2023-08-09 00:00:00,XXXX4811,ACTIVE,3663.66
MCH1321,Borah-Dhaliwal,7011,Hotels & Lodging,Sole Proprietorship,Amritsar,Punjab,2025-12-06 00:00:00,XXXX0908,ACTIVE,7973.89
MCH3030,"Sengupta, Bhagat And Kota",5942,Books & Stationery,Private Limited,Chennai,Tamil Nadu,2025-09-07 00:00:00,,ACTIVE,194.19
MCH2654,Saxena-Sarkar,4814,Telecommunication Services,Sole Proprietorship,Pune,Maharashtra,2026-01-10 00:00:00,,ACTIVE,3080.46
MCH5880,"Varty, Ratta And Venkataraman",5699,Apparel & Clothing,Sole Proprietorship,Amritsar,Punjab,2023-06-11 00:00:00,0620802937,ACTIVE,1913.84
MCH3987,"Dubey, Aggarwa1 And Mangat",5942,Books & Stationery,Individual,Hyderabad,Telangana,2024-04-20 00:00:00,OTRE9764440633575,ACTIVE,474.5
MCH7318,Keer-Rao,4814,Telecommunication Services,Partnership,Pune,Maharashtra,2023-11-27 00:00:00,RIME5549722708025,ACTIVE,502.45
MCH8729,"Chowdhury, Krishnamurthy And Parekh",5942,Books & Stationery,Private Limited,Kolkata,West Bengal,2024-02-07 00:00:00,7331970917,ACTIVE,870.42
MCH3737,Raval-Kurian,5812,Restaurants & Dining,Individual,Mumbai,Maharashtra,2026-01-23 00:00:00,,ACTIVE,352.99
MCH7885,Atwal-Jha,4131,Transportation,Private Limited,Jalandhar,Punjab,2023-08-15 00:00:00,XXXX1162,ON_HOLD,
MCH1227,"Nazareth, Zacharia And Swaminathan",5812,Restaurants & Dining,Private Limited,Ludhiana,Punjab,2023-03-21 16:36:39,MUJQ0020831226650,ACTIVE,870.36
MCH5984,Acharya-Badal,5999,Miscellaneous Retail,Sole Proprietorship,Kolkata,West Bengal,2023-03-01 00:00:00,,ACTIVE,515.0
MCH6639,Sandal Group,5812,Restaurants & Dining,Sole Proprietorship,Amritsar,Punjab,2024-05-29 07:36:20,7230745501,ACTIVE,3334.16
MCH3917,Chowdhury-Pandit,5699,Apparel & Clothing,Private Limited,Hyderabad,Telangana,2023-04-02 00:00:00,XXXX2174,ACTIVE,445.99
MCH9306,Zachariah-Anne,5942,Books & Stationery,Partnership,Mumbai,Maharashtra,2026-02-10 00:00:00,JLTB4031924458479,ACTIVE,1250.09
MCH3414,Sahota Ltd,4814,Telecommunication Services,Private Limited,Amritsar,Punjab,2025-12-29 00:00:00,4026065439,ACTIVE,1607.54
MCH2120,"Yohannan, Patla And Parmer",7011,Hotels & Lodging,Partnership,Delhi,Delhi,2024-01-01 00:00:00,XXXX7380,ACTIVE,3366.53
MCH9104,Goel Plc,5311,Department Stores,Private Limited,Bengaluru,Karnataka,2025-06-30 21:37:07,,ACTIVE,2640.29
MCH3313,Comar-Sidhu,5311,Department Stores,Sole Proprietorship,Lucknow,Uttar Pradesh,2023-07-30 00:00:00,GKCY1460435380907,INACTIVE,408.55
MCH8335,Bhatti-Keer,5999,Miscellaneous Retail,Sole Proprietorship,Hyderabad,Telangana,2024-06-03 00:00:00,,INACTIVE,1335.83
MCH2332,Toor Inc,7011,Hotels & Lodging,Individual,Ludhiana,Punjab,2023-04-20 08:12:00,PKCI7470482397105,ACTIVE,3555.73
MCH1592,Agateinc,5311,Department Stores,Private Limited,Hyderabad,Telangana,2025-01-30 02:00:41,GLPT6683638156046,SUSPENDED,1072.45
MCH7503,Dixit-Lala,7011,Hotels & Lodging,Individual,Mumbai,Maharashtra,2024-06-10 00:00:00,6328103560,ACTIVE,2699.2
MCH3805,Issac-Munshi,5999,Miscellaneous Retail,Private Limited,Bengaluru,Karnataka,2023-02-19 00:00:00,2364539164,ACTIVE,7651.0
MCH8562,Radhakrishnan-Apte,5812,Restaurants & Dining,Private Limited,Chennai,Tamil Nadu,2023-04-12 06:47:00,,ACTIVE,1647.0
MCH4099,"Dewan, Rastogi And Jayaraman",5999,Miscellaneous Retail,Individual,Ldh,Punjab,2025-08-06 12:15:48,,ACTIVE,1926.0
MCH5696,Mittal Group,5411,Grocery Stores,Private Limited,Chennai,Tamil Nadu,2024-05-18 00:00:00,,ACTIVE,2595.13
MCH5573,Vora-Natarajan,4814,Telecommunication Services,Individual,Delhi,Delhi,,,INACTIVE,2579.11
MCH2886,"Kurian, Dash And Walla",7011,Hotels & Lodging,Private Limited,Bengaluru,Karnataka,2023-05-25 01:14:00,XXXX6301,SUSPENDED,8233.35
MCH1793,Jaggi Plc,7011,Hotels & Lodging,Sole Proprietorship,Delhi,Delhi,2024-08-21 00:47:16,,ACTIVE,2705.89
MCH2135,"Singh, Talwar And Sur",5411,Grocery Stores,Private Limited,Jalandhar,Punjab,2025-01-15 00:00:00,,SUSPENDED,704.34
MCH7943,Chaudhary-Rana,5912,Pharmacies & Healthcare,Individual,Kolkata,West Bengal,2024-12-27 00:00:00,IEWV4741965388466,ACTIVE,3927.63
MCH5917,"Tara, Bhasin And Singh",5912,Pharmacies & Healthcare,Sole Proprietorship,Pune,Maharashtra,2023-08-26 00:00:00,6037353463,SUSPENDED,443.4
MCH4578,Khare-Warrior,5912,Pharmacies & Healthcare,Private Limited,Amritsar,Punjab,2023-11-01 00:00:00,4489355946,ACTIVE,504.9
MCH1474,"Sami, Sur And Tank",4131,Transportation,Private Limited,Pune,Maharashtra,,XXXX6224,ACTIVE,1645.61
MCH4893,Jani-Verma,4131,Transportation,Partnership,Jalandhar,Punjab,2023-08-11 22:02:04,,ACTIVE,1601.52
MCH9591,Bali Group,5999,Miscellaneous Retail,Sole Proprietorship,Ludhiana,Punjab,2026-01-14 00:00:00,,ACTIVE,3007.14
MCH4972,Seshadri-Dalal,5311,Department Stores,Partnership,Poona,Maharashtra,2025-10-03 00:00:00,8465114405,ACTIVE,1064.98
MCH1789,Loke-Chanda,5942,Books & Stationery,Partnership,Jaipur,Rajasthan,2023-02-25 00:00:00,,ACTIVE,15713.68
MCH2115,Modi-Kari,5912,Pharmacies & Healthcare,Sole Proprietorship,Delhi,Delhi,2023-04-10 10:56:00,XXXX4594,ACTIVE,1597.33
MCH5258,Kibe-Ramanathan,5942,Books & Stationery,Partnership,Delhi,Delhi,2024-08-15 00:00:00,IIKD1145736850427,ACTIVE,3143.33
MCH4805,Joshi Plc,5999,Miscellaneous Retail,Sole Proprietorship,Hyderabad,Telangana,2023-08-26 00:00:00,,ACTIVE,4206.25
MCH2861,Hayer Inc,5311,Department Stores,Private Limited,Pune,Maharashtra,2024-11-09 19:09:35,XXXX6916,ACTIVE,676.0
MCH8999,"Borde, Reddy And Mital",4131,Transportation,Sole Proprietorship,Jalandhar,Punjab,2024-06-30 00:00:00,JAYY6619396625712,ACTIVE,561.7
MCH3279,"Zachariah, Gill And Palla",5812,Restaurants & Dining,Individual,Pune,Maharashtra,2025-12-25 00:00:00,,ACTIVE,
MCH1293,"Kohli, Rajan And Nair",5699,Apparel & Clothing,Sole Proprietorship,Jaipur,Rajasthan,2023-04-09 06:47:00,XXXX7079,ACTIVE,915.17
MCH8912,Nagar Plc,5942,Books & Stationery,Private Limited,Mumbai,Maharashtra,2024-02-17 00:00:00,,ACTIVE,196.56
MCH9848,B0Rde Inc,5999,Miscellaneous Retail,Private Limited,Hyderabad,Telangana,2024-03-02 00:00:00,0308046800,ACTIVE,1173.29
MCH1296,Gaba-Rama,5912,Pharmacies & Healthcare,Individual,Delhi,Delhi,2023-01-16 00:00:00,6728414996,ACTIVE,2547.8
MCH9920,Oommen-Mitra,5411,Grocery Stores,Private Limited,Jaipur,Rajasthan,2024-01-17 00:00:00,7684049085,ACTIVE,767.57
MCH3438,Sodhi-Khosla,5311,Department Stores,Private Limited,Amritsar,Punjab,,XXXX2260,ACTIVE,
MCH8379,"B0Rah, Kaur And Gera",5912,Pharmacies & Healthcare,Individual,Jaipur,Rajasthan,,,ACTIVE,351.15
MCH8126,"Saxena, Mitra And Chada",5912,Pharmacies & Healthcare,Individual,Lucknow,Uttar Pradesh,2025-03-12 00:00:00,XXXX5937,SUSPENDED,844.44
MCH8990,Konda-Comar,4131,Transportation,Private Limited,Bengaluru,Karnataka,2023-05-12 14:14:04,,ACTIVE,273.69
MCH9952,Vig-Doctor,4131,Transportation,Private Limited,Lucknow,Uttar Pradesh,2024-10-27 00:00:00,XXXX8487,ACTIVE,856.86
MCH4936,Batra-Patla,4814,Telecommunication Services,Individual,Mumbai,Maharashtra,2023-02-05 00:00:00,9027629602,ACTIVE,2064.79
MCH6904,Master-Bhat,5311,Department Stores,Partnership,Mumbai,Maharashtra,2023-05-08 00:00:00,,ACTIVE,252.96
MCH2691,Pathak And Sons,7011,Hotels & Lodging,Private Limited,Lucknow,Uttar Pradesh,2024-09-06 00:00:00,,ACTIVE,5340.32
MCH5457,Deol Plc,5942,Books & Stationery,Sole Proprietorship,Jaipur,Rajasthan,2024-12-30 13:09:01,XXXX0292,ACTIVE,1085.1
MCH2187,Balan And Sons,5999,Miscellaneous Retail,Sole Proprietorship,Bengaluru,Karnataka,2024-10-22 00:00:00,,ACTIVE,1340.0
MCH7157,Bir Inc,4814,Telecommunication Services,Private Limited,Lucknow,Uttar Pradesh,2023-04-16 00:00:00,,ACTIVE,906.12
MCH2265,"Bail, Gopal And Khare",5912,Pharmacies & Healthcare,Partnership,Lucknow,Uttar Pradesh,2024-08-04 00:00:00,VZCP3787385327453,INACTIVE,785.4
MCH9287,Sathe Group,4814,Telecommunication Services,Private Limited,Jaipur,Rajasthan,2023-04-16 13:53:00,,INACTIVE,2266.77
MCH3539,"Korpal, Nair And Chana",5699,Apparel & Clothing,Sole Proprietorship,Mumbai,Maharashtra,2024-05-29 00:00:00,QRQK3185986773369,INACTIVE,2681.05
MCH5704,Ravel-Talwar,4131,Transportation,Sole Proprietorship,Chennai,Tamil Nadu,2025-09-25 08:00:41,7574908365,INACTIVE,4204.94
MCH4844,Trivedi-De01,7011,Hotels & Lodging,Individual,Bengaluru,Karnataka,2024-06-23 06:58:47,,ACTIVE,798.53
MCH7895,Pau Plc,5999,Miscellaneous Retail,Individual,Amritsar,Punjab,2023-08-06 09:45:00,,ACTIVE,583.0
MCH8159,Yogi Group,5699,Apparel & Clothing,Individual,Kolkata,West Bengal,,,SUSPENDED,8386.41
MCH4109,"Lal, Handa And Mammen",5942,Books & Stationery,Individual,Kolkata,West Bengal,2024-01-07 21:55:00,,ACTIVE,1181.07
MCH2201,"Date, Muni And Dasgupta",5999,Miscellaneous Retail,Individual,Kolkata,West Bengal,2023-12-07 00:00:00,EYWQ3550445400883,ACTIVE,238.32
MCH3682,"Dash, Kashyap And Goda",5311,Department Stores,Private Limited,Amritsar,Punjab,2025-01-12 18:10:00,UMOT0203540180050,INACTIVE,1702.0
MCH7933,Baradinc,5812,Restaurants & Dining,Individual,Amritsar,Punjab,2025-07-26 00:00:00,,INACTIVE,1177.0
MCH5176,"Samra,Sampathandchaudhuri",4131,Transportation,Individual,Jalandhar,Punjab,2025-03-18 00:00:00,,ACTIVE,905.0
MCH7105,"Banerjee, Kurian And Bhatt",5699,Apparel & Clothing,Sole Proprietorship,Amritsar,Punjab,2025-03-24 02:31:11,EDVM3800952600806,ACTIVE,265.52
MCH5389,Sem Llc,4131,Transportation,Partnership,Jaipur,Rajasthan,2024-06-16 06:06:18,XXXX3272,ACTIVE,342.38
MCH9956,Khatri Inc,7011,Hotels & Lodging,Sole Proprietorship,Poona,Maharashtra,2023-05-19 18:45:01,5037831406,SUSPENDED,2099.08
MCH1439,Chawla Ltd,4131,Transportation,Individual,Chennai,Tamil Nadu,2023-05-10 00:00:00,OYZO1535504454366,ACTIVE,6190.53
MCH6405,Jaggi Ltd,5411,Grocery Stores,Partnership,Delhi,Delhi,2024-01-26 06:23:00,XXXX6470,ACTIVE,4074.0
MCH4308,Natt Group,5912,Pharmacies & Healthcare,Partnership,Delhi,Delhi,2023-01-16 00:00:00,3010499558,ACTIVE,2114.37
MCH1876,"Deol, Sandal And Nagi",5999,Miscellaneous Retail,Partnership,Bengaluru,Karnataka,2024-04-29 00:00:00,KRVT6824787386581,ACTIVE,603.93
MCH1862,Puri Inc,4131,Transportation,Individual,Mumbay,Maharashtra,2024-11-15 12:30:15,6516098644,ACTIVE,1444.68
MCH8661,Kapoor And Sons,4131,Transportation,Partnership,Mumbai,Maharashtra,,,ACTIVE,1762.47
MCH9145,Chad-Karpe,5699,Apparel & Clothing,Partnership,Jaipur,Rajasthan,2024-08-11 19:13:00,XQWX8871352480351,ACTIVE,359.12
MCH6948,"Kala,Lokeandsinghal",4814,Telecommunication Services,Individual,Bengaluru,Karnataka,2025-07-16 00:00:00,,ACTIVE,752.55
MCH9063,"Bhatt, Sabharwal And Devi",5699,Apparel & Clothing,Sole Proprietorship,Kolkata,West Bengal,2023-09-10 00:00:00,XXXX6663,INACTIVE,
MCH3354,"Barad, Ahluwalia And Mahal",5942,Books & Stationery,Partnership,Lucknow,Uttar Pradesh,2026-02-06 09:23:45,XXXX7924,ACTIVE,906.14
MCH3440,"Sahni, Thakur And Kale",5411,Grocery Stores,Partnership,Hyderabad,Telangana,2024-10-14 11:53:00,SWXL8005196412661,ACTIVE,797.0
MCH6197,Virk-Verma,4131,Transportation,Partnership,Hyderabad,Telangana,,,ACTIVE,661.04
MCH9941,Bava And Sons,5999,Miscellaneous Retail,Private Limited,Hyderabad,Telangana,2024-02-12 03:24:00,8632655432,ACTIVE,2534.64
MCH1309,"Jhaveri, Dasgupta And Kata",5699,Apparel & Clothing,Individual,Mumbai,Maharashtra,2023-09-20 00:00:00,XXXX1715,ACTIVE,929.23
MCH5425,"Bora, Kibe And Yadav",4814,Telecommunication Services,Individual,Delhi,Delhi,,3599725292,SUSPENDED,810.1
MCH7379,"Doctor, Dyal And Vaidya",5912,Pharmacies & Healthcare,Partnership,Jalandhar,Punjab,2023-03-07 00:00:00,XXXX4037,ACTIVE,198.46
MCH9447,Singh And Sons,7011,Hotels & Lodging,Private Limited,Chennai,Tamil Nadu,2023-01-10 00:00:00,XXXX0990,ACTIVE,1158.32
MCH5787,Bassi Inc,7011,Hotels & Lodging,Sole Proprietorship,Mumbai,Maharashtra,2025-06-24 00:00:00,XXXX0298,ACTIVE,555.97
MCH6903,Sanghvi-Suresh,5912,Pharmacies & Healthcare,Sole Proprietorship,Pune,Maharashtra,2024-12-01 00:00:00,XXXX6921,ACTIVE,3930.65
MCH9521,"Soni, Bal And Thaman",5699,Apparel & Clothing,Partnership,Ludhiana,Punjab,2023-04-05 07:18:00,,INACTIVE,155.0
MCH8255,Sastry Group,5912,Pharmacies & Healthcare,Partnership,Ludhiana,Punjab,2023-08-13 22:30:59,,ACTIVE,1386.59
MCH7967,Datta Llc,4814,Telecommunication Services,Individual,Amritsar,Punjab,2025-04-09 00:00:00,,ACTIVE,
MCH7146,"Brar, Chadha And Choudhary",5311,Department Stores,Partnership,Hyderabad,Telangana,2024-09-05 00:00:00,,ACTIVE,573.35
MCH8409,"Dua, Naidu And Agate",4131,Transportation,Individual,Mumbay,Maharashtra,2024-09-05 14:57:07,,ACTIVE,1474.83
MCH2495,"Sibal, Shankar And Malhotra",5699,Apparel & Clothing,Individual,Bengaluru,Karnataka,2025-07-20 20:24:00,,ACTIVE,529.0
MCH8283,Nadkarni Llc,4131,Transportation,Private Limited,Kolkata,West Bengal,2023-10-26 00:00:00,XXXX9874,ACTIVE,731.97
MCH3051,Hora-Mahajan,5699,Apparel & Clothing,Private Limited,Jaipur,Rajasthan,2023-04-03 00:00:00,,ACTIVE,3699.21
MCH2463,Yogi-Dhar,4131,Transportation,Private Limited,Mumbay,Maharashtra,2023-10-20 20:24:00,2758552991,ACTIVE,4463.41
MCH8619,Salvi-Nazareth,5411,Grocery Stores,Sole Proprietorship,Delhi,Delhi,2024-07-25 00:00:00,,ACTIVE,860.21
MCH2494,Sane Ltd,5699,Apparel & Clothing,Partnership,Amritsar,Punjab,,8156434201,ACTIVE,582.0
MCH4963,Atwalltd,5912,Pharmacies & Healthcare,Sole Proprietorship,Hyderabad,Telangana,2024-09-17 15:34:47,,ACTIVE,
MCH2693,Tandon-Kaur,5311,Department Stores,Individual,Chennai,Tamil Nadu,2025-04-06 00:00:00,3068123352,ACTIVE,1966.59
MCH8885,"Dhawan,Devanandchokshi",5699,Apparel & Clothing,Individual,Delhi,Delhi,2025-09-12 04:35:13,,ACTIVE,
MCH8974,"Shukla, Gaba And Sani",5912,Pharmacies & Healthcare,Sole Proprietorship,Delhi,Delhi,2026-02-15 00:00:00,EPWM9547022186249,ACTIVE,438.78
MCH9992,Rajagopalan Plc,7011,Hotels & Lodging,Sole Proprietorship,Bengaluru,Karnataka,2024-02-07 00:00:00,5652803993,ACTIVE,577.93
MCH8450,Narayanan Llc,5912,Pharmacies & Healthcare,Sole Proprietorship,Ldh,Punjab,,XXXX4013,ACTIVE,1022.45
MCH5642,Ganguly-Kalla,5912,Pharmacies & Healthcare,Private Limited,Jalandhar,Punjab,2025-11-19 00:00:00,9623880565,ACTIVE,870.56
MCH6207,"Ganesan, Bajwa And Reddy",5912,Pharmacies & Healthcare,Partnership,Jaipur,Rajasthan,2023-03-21 00:00:00,1318873894,ACTIVE,391.96
MCH8855,"Rau, Dua And Nadkarni",5411,Grocery Stores,Private Limited,Ludhiana,Punjab,2025-06-06 02:15:00,5829674472,ACTIVE,2893.79
MCH3700,Nath-Chakrabarti,5812,Restaurants & Dining,Partnership,Chennai,Tamil Nadu,2025-03-25 03:11:06,,ACTIVE,1733.0
MCH7324,Grover-Murty,5942,Books & Stationery,Partnership,Jalandhar,Punjab,2025-02-12 00:00:00,,SUSPENDED,1077.62
MCH4552,"Palla, Mutti And Jayaraman",4131,Transportation,Sole Proprietorship,Jaipur,Rajasthan,2025-07-21 01:20:00,ZNQK3499547364876,ACTIVE,912.53
MCH7589,"Mangat, Din And Chatterjee",7011,Hotels & Lodging,Partnership,Mumbai,Maharashtra,2024-01-17 00:00:00,XXXX6278,ACTIVE,1692.13
MCH6918,Sant Ltd,4131,Transportation,Private Limited,Chennai,Tamil Nadu,2023-01-15 00:00:00,,ACTIVE,472.0
MCH6228,"Kar, Agarwal And Karpe",5812,Restaurants & Dining,Private Limited,Bengaluru,Karnataka,2024-08-05 00:00:00,,ACTIVE,1145.75
MCH9688,Choudhry Llc,5942,Books & Stationery,Sole Proprietorship,Bengaluru,Karnataka,2023-10-18 00:00:00,,ACTIVE,825.43
MCH1811,Varkey Inc,5311,Department Stores,Sole Proprietorship,Bengaluru,Karnataka,2026-02-25 00:00:00,,ACTIVE,592.0
MCH3501,Chandran-Tripathi,5999,Miscellaneous Retail,Private Limited,Mumbai,Maharashtra,,1873775978,ACTIVE,1658.21
MCH2218,"Upadhyay, Sharma And Kothari",7011,Hotels & Lodging,Partnership,Lucknow,Uttar Pradesh,2024-04-23 18:51:00,VZAG9844318169851,ACTIVE,341.57
MCH3587,Sagar-Raval,7011,Hotels & Lodging,Partnership,Jalandhar,Punjab,2024-07-31 00:00:00,,ACTIVE,1064.25
MCH5269,"Lala, Raval And Sahni",5942,Books & Stationery,Partnership,Jalandhar,Punjab,2024-10-21 00:00:00,1738664466,ACTIVE,873.0
MCH8750,"Bawa, Chatterjee And Sathe",7011,Hotels & Lodging,Individual,Ludhiana,Punjab,2025-11-30 21:13:53,2442042302,ACTIVE,3120.06
MCH6425,Pall-Kanda,5942,Books & Stationery,Sole Proprietorship,Delhi,Delhi,,,ACTIVE,1143.39
MCH8325,"Kaul, Bumb And Bal",5411,Grocery Stores,Sole Proprietorship,Amritsar,Punjab,2025-03-19 00:00:00,,INACTIVE,183.98
MCH5780,"Kumar, Bedi And Borah",5942,Books & Stationery,Individual,Bengaluru,Karnataka,2025-12-01 18:36:00,,INACTIVE,845.88
MCH7332,"Mutti, Reddy And Guha",5311,Department Stores,Private Limited,Kolkata,West Bengal,2025-05-04 00:00:00,XXXX9186,ACTIVE,1708.81
MCH6332,Shuk1A-Hayre,5311,Department Stores,Sole Proprietorship,Lucknow,Uttar Pradesh,2026-12-01 17:50:00,,ACTIVE,788.91
MCH1002,"Apte, Saha And Edwin",5812,Restaurants & Dining,Private Limited,Bengaluru,Karnataka,2026-07-01 09:01:00,XXXX8596,ACTIVE,1671.2
MCH8451,Setty Inc,4814,Telecommunication Services,Private Limited,Ludhiana,Punjab,2023-06-05 00:00:00,,ACTIVE,196.48
MCH9383,"Sekhon,Padmanabhanandrege",5942,Books & Stationery,Individual,Chennai,Tamil Nadu,2026-01-24 02:02:00,4786143604,SUSPENDED,2841.0
MCH3875,Natt Ltd,5812,Restaurants & Dining,Private Limited,Jalandhar,Punjab,2025-07-04 00:00:00,,ACTIVE,4372.03
MCH3654,Ganesan Ltd,5812,Restaurants & Dining,Sole Proprietorship,Jalandhar,Punjab,2024-02-11 00:00:00,XXXX6762,ACTIVE,286.1
MCH1073,"Dasgupta,Rayanddara",5912,Pharmacies & Healthcare,Partnership,Lucknow,Uttar Pradesh,2024-09-22 00:00:00,XXXX7293,SUSPENDED,1002.63
MCH4469,Mane And Sons,4131,Transportation,Partnership,Hyderabad,Telangana,2025-05-18 16:24:00,ZELA9978143221753,ACTIVE,1447.11
MCH7630,"Rama, Kalita And Jha",4131,Transportation,Individual,Mumbai,Maharashtra,2025-10-01 00:00:00,2315692507,ACTIVE,2393.0
MCH8761,Pal Llc,5999,Miscellaneous Retail,Private Limited,Ldh,Punjab,,,ACTIVE,759.79
MCH8672,"Ganguly, Sarin And Merchant",5311,Department Stores,Individual,Jalandhar,Punjab,2025-09-06 00:00:00,3398230728,INACTIVE,1816.05
MCH6302,Gour-Rattan,4131,Transportation,Individual,Hyderabad,Telangana,2024-09-29 00:00:00,HNZM4152862016158,ACTIVE,966.01
MCH1081,Mistry Group,5812,Restaurants & Dining,Private Limited,Mumbay,Maharashtra,2025-05-27 00:00:00,XXXX5682,ACTIVE,2299.04
MCH8941,Iyer Llc,5999,Miscellaneous Retail,Sole Proprietorship,Ludhiana,Punjab,2023-01-24 23:45:00,EATG9868970979253,ACTIVE,2580.56
MCH7843,Rastogi-Das,5812,Restaurants & Dining,Partnership,Amritsar,Punjab,2025-04-03 00:00:00,XXXX7401,ACTIVE,1274.89
MCH3311,"Agarwal, Bhandari And Varma",5699,Apparel & Clothing,Individual,Lucknow,Uttar Pradesh,2023-10-16 00:00:00,6820052693,ACTIVE,1187.8
MCH7063,"Garg, Bawa And Hans",4814,Telecommunication Services,Private Limited,Lucknow,Uttar Pradesh,2025-12-28 00:00:00,,ACTIVE,2717.9
MCH6325,"Sathe, Seth And Varghese",5311,Department Stores,Partnership,Delhi,Delhi,2025-04-03 00:00:00,,INACTIVE,422.65
MCH8863,Sastry Plc,4814,Telecommunication Services,Individual,Pune,Maharashtra,2024-03-08 00:00:00,,ACTIVE,
MCH5080,"Shere, Jha And Sarma",5912,Pharmacies & Healthcare,Sole Proprietorship,Kolkata,West Bengal,2025-02-22 20:56:00,,ACTIVE,2711.51
MCH6102,Andra-Sachar,5699,Apparel & Clothing,Sole Proprietorship,Jaipur,Rajasthan,2023-12-12 00:00:00,,ACTIVE,926.97
MCH5630,Srinivas-Doshi,7011,Hotels & Lodging,Sole Proprietorship,Amritsar,Punjab,2023-04-28 00:00:00,BCPS7283289501457,INACTIVE,2338.55
MCH2765,Buch Llc,4814,Telecommunication Services,Individual,Jaipur,Rajasthan,2024-12-27 22:16:28,,ACTIVE,132.32
MCH3533,Tiwari-Gulati,7011,Hotels & Lodging,Private Limited,Mumbai,Maharashtra,2025-10-07 00:00:00,SWEX6777199199579,ACTIVE,709.41
MCH1191,Raval Ltd,4814,Telecommunication Services,Individual,Kolkata,West Bengal,2023-01-19 00:18:56,,INACTIVE,1670.52
MCH1007,"Sunder, Wason And Pau",5812,Restaurants & Dining,Partnership,Jaipur,Rajasthan,2023-11-19 00:00:00,,ACTIVE,164.45
MCH7841,Manda Group,5942,Books & Stationery,Sole Proprietorship,Poona,Maharashtra,2024-10-01 00:00:00,8517196401,ACTIVE,14164.49
MCH7525,Char-Narayanan,5942,Books & Stationery,Individual,Lucknow,Uttar Pradesh,2025-03-31 00:00:00,,ACTIVE,424.34
MCH9963,Mahajan And S0Ns,5942,Books & Stationery,Partnership,Jaipur,Rajasthan,2025-01-19 07:33:36,7503956758,ACTIVE,7342.46
MCH2250,"Sachdev, Ma1H0Tra And Saraf",4131,Transportation,Individual,Ldh,Punjab,2023-12-17 00:00:00,XXXX4502,INACTIVE,4090.25
MCH7922,Dara Llc,5812,Restaurants & Dining,Partnership,Mumbai,Maharashtra,2024-05-13 00:00:00,4216494567,ACTIVE,1260.96
MCH8346,Sane-Ben,5999,Miscellaneous Retail,Private Limited,Kolkata,West Bengal,2024-04-03 00:00:00,IXCA8152224460445,ACTIVE,2955.96
MCH8460,Luthra Plc,5311,Department Stores,Private Limited,Jaipur,Rajasthan,2023-03-10 19:52:37,XXXX0930,ACTIVE,2927.81
MCH2926,Sule-Thaker,5942,Books & Stationery,Partnership,Bengaluru,Karnataka,2024-12-16 18:18:00,XXXX3557,ACTIVE,1590.53
MCH9839,Natarajan-Keer,5812,Restaurants & Dining,Individual,Delhi,Delhi,2025-03-03 12:00:05,XXXX6434,ACTIVE,2189.15
MCH1711,"Sastry, Kota And Merchant",5411,Grocery Stores,Sole Proprietorship,Ludhiana,Punjab,2023-12-17 08:04:00,NEUM7554192097058,ACTIVE,1991.22
MCH7479,"Wadhwa, Bhatia And Gade",5311,Department Stores,Partnership,Chennai,Tamil Nadu,2024-09-14 17:36:50,8868630340,ACTIVE,998.0
MCH5483,Khare Inc,5311,Department Stores,Sole Proprietorship,Jalandhar,Punjab,2025-04-28 14:52:17,5460112584,ACTIVE,827.39
MCH7476,Sundaram Ltd,5411,Grocery Stores,Sole Proprietorship,Ldh,Punjab,2025-07-09 15:30:17,MKAI7735339239141,ACTIVE,1389.53
MCH3690,Aurora Inc,4131,Transportation,Partnership,Bengaluru,Karnataka,2025-04-26 00:00:00,XXXX3060,ACTIVE,915.55
MCH8530,Chopra-Khanna,5311,Department Stores,Partnership,Hyderabad,Telangana,,,ACTIVE,442.28
MCH1134,"Sani, Uppal And Pillai",5912,Pharmacies & Healthcare,Partnership,Kolkata,West Bengal,2025-11-04 00:00:00,,ACTIVE,6246.52
MCH1704,"Shukla, Hari And Chopra",4131,Transportation,Sole Proprietorship,Lucknow,Uttar Pradesh,2023-08-04 00:00:00,,INACTIVE,2965.45
MCH3551,"Chaudry, Toor And Lala",4814,Telecommunication Services,Sole Proprietorship,Bengaluru,Karnataka,2023-12-15 17:19:51,,ACTIVE,941.64
MCH6118,"Radhakrishnan, Lala And Devi",5311,Department Stores,Sole Proprietorship,Delhi,Delhi,2024-06-01 00:00:00,6215610983,ACTIVE,11547.0
MCH3984,"Wadhwa, Sunder And Bobal",7011,Hotels & Lodging,Private Limited,Chennai,Tamil Nadu,2023-10-08 16:06:00,QUQR5120846966545,ACTIVE,1305.55
MCH1124,Andra Inc,7011,Hotels & Lodging,Partnership,Lucknow,Uttar Pradesh,2023-08-07 00:00:00,,ACTIVE,5664.0
MCH3723,Wagle-Dugar,5411,Grocery Stores,Individual,Bengaluru,Karnataka,2023-05-31 00:00:00,0970612973,ACTIVE,1906.51
MCH8903,Keer-Sagar,5411,Grocery Stores,Partnership,Lucknow,Uttar Pradesh,2024-09-16 00:00:00,,ACTIVE,841.61
MCH3581,"Chadha, Sankaran And Pau",5699,Apparel & Clothing,Partnership,Kolkata,West Bengal,2024-07-05 00:00:00,,ACTIVE,
MCH8215,"Brar, Ramesh And Kaul",5411,Grocery Stores,Partnership,Chennai,Tamil Nadu,2023-05-23 00:00:00,DOZI8655958280664,INACTIVE,1544.34
MCH6481,Kalita Inc,4131,Transportation,Private Limited,Mumbai,Maharashtra,2024-11-29 00:00:00,BFCN8370004846639,ACTIVE,1389.63
MCH2946,Divan Inc,4814,Telecommunication Services,Private Limited,Jaipur,Rajasthan,2024-09-22 00:00:00,XXXX7575,ACTIVE,1246.97
MCH6782,Basu Plc,5812,Restaurants & Dining,Private Limited,Delhi,Delhi,2025-08-30 00:00:00,,ACTIVE,406.96
MCH4168,"Jani, Khalsa And Minhas",5912,Pharmacies & Healthcare,Individual,Jaipur,Rajasthan,2023-05-28 00:00:00,,INACTIVE,358.74
MCH4808,Padmanabhan-Pathak,5699,Apparel & Clothing,Sole Proprietorship,Lucknow,Uttar Pradesh,2024-07-05 18:56:00,HSVX5052815662312,INACTIVE,262.16
MCH9029,Hayre And Sons,5311,Department Stores,Individual,Amritsar,Punjab,2025-11-19 00:00:00,,ACTIVE,
MCH2529,Sheth-Pal,5942,Books & Stationery,Individual,Lucknow,Uttar Pradesh,2023-08-23 00:00:00,2709901385,ACTIVE,1398.37
MCH5523,Behl Inc,5699,Apparel & Clothing,Individual,Lucknow,Uttar Pradesh,2025-06-15 00:02:44,GIRV9312114208892,ACTIVE,2946.06
MCH2264,"Sule, Sarma And Sur",5311,Department Stores,Individual,Delhi,Delhi,2025-10-21 00:00:00,HGHS4575612385959,SUSPENDED,4017.0
MCH3592,"Sem, Chandran And Dara",5999,Miscellaneous Retail,Sole Proprietorship,Delhi,Delhi,2023-11-15 09:32:00,8281028913,INACTIVE,1166.62
MCH6121,"More, Sandhu And Dugar",5699,Apparel & Clothing,Private Limited,Jalandhar,Punjab,2023-07-26 00:00:00,8169816022,ACTIVE,836.27
MCH2917,Gole-Rau,5812,Restaurants & Dining,Sole Proprietorship,Chennai,Tamil Nadu,2025-10-10 00:00:00,XXXX0356,INACTIVE,1917.48
MCH9566,Batra-Kaul,5311,Department Stores,Private Limited,Delhi,Delhi,2025-11-28 00:00:00,LYAO0984012362521,ACTIVE,1260.75
MCH8902,Sabharwal Ltd,5411,Grocery Stores,Sole Proprietorship,Amritsar,Punjab,2024-12-27 00:00:00,8958186574,ACTIVE,270.57
MCH7635,Karpe Inc,4814,Telecommunication Services,Partnership,Mumbai,Maharashtra,2023-05-11 12:34:38,4808643996,SUSPENDED,6027.41
MCH9349,Mahajan-Ghosh,5812,Restaurants & Dining,Individual,Chennai,Tamil Nadu,2023-02-21 00:00:00,,INACTIVE,3266.0
MCH4964,Sarkar-Goda,5311,Department Stores,Private Limited,Poona,Maharashtra,2025-07-14 00:00:00,,SUSPENDED,1517.0
MCH1769,"Sekhon, Goswami And Rajan",4814,Telecommunication Services,Sole Proprietorship,Lucknow,Uttar Pradesh,2025-06-28 07:25:18,DYOJ7653218721893,ACTIVE,1009.67
MCH9867,Loyal And Sons,5699,Apparel & Clothing,Partnership,Pune,Maharashtra,2023-05-16 14:57:33,,ACTIVE,1984.39
MCH9910,"Karan, Ram And Sengupta",5311,Department Stores,Individual,Delhi,Delhi,2025-10-14 00:00:00,IIRT4821012999661,ACTIVE,191.17
MCH3796,Mani-Saha,5812,Restaurants & Dining,Individual,Chennai,Tamil Nadu,2023-08-06 00:00:00,GQAE5409560780073,ACTIVE,860.72
MCH2346,Palla-Mannan,5699,Apparel & Clothing,Partnership,Chennai,Tamil Nadu,2025-04-29 00:00:00,XXXX3607,ACTIVE,468.76
MCH1016,"Reddy, Amble And Parmar",4814,Telecommunication Services,Partnership,Chennai,Tamil Nadu,2023-03-10 00:00:00,,ACTIVE,517.37
MCH9725,Shan Llc,5699,Apparel & Clothing,Individual,Lucknow,Uttar Pradesh,2024-12-20 00:00:00,4923079593,ACTIVE,2250.85
MCH8203,Lad-Suresh,5999,Miscellaneous Retail,Partnership,Ludhiana,Punjab,2024-10-16 00:00:00,YJQR4818378164787,ACTIVE,937.0
MCH2478,"Bala, Sane And Som",5699,Apparel & Clothing,Sole Proprietorship,Hyderabad,Telangana,2023-02-15 00:00:00,QRPZ8741280654685,ACTIVE,911.53
MCH3722,Upadhyay-Issac,5999,Miscellaneous Retail,Private Limited,Amritsar,Punjab,2024-01-13 00:00:00,8162918072,SUSPENDED,2279.6
MCH9921,"Datta, Chatterjee And Khalsa",4131,Transportation,Private Limited,Bengaluru,Karnataka,2024-02-22 00:00:00,XXXX9256,ACTIVE,2964.42
MCH8794,"Mandal, Dalal And Sane",4131,Transportation,Partnership,Pune,Maharashtra,2025-02-27 00:00:00,,INACTIVE,10132.54
MCH1005,Sagar And Sons,5912,Pharmacies & Healthcare,Partnership,Ludhiana,Punjab,2024-02-06 00:00:00,IPTY9767700049775,ACTIVE,967.53
MCH8820,"Sarkar, Arya And Chand",4131,Transportation,Private Limited,Ldh,Punjab,2024-07-12 00:00:00,XXXX8518,ACTIVE,3994.88
MCH1442,Wadhwa-Walla,7011,Hotels & Lodging,Private Limited,Pune,Maharashtra,2025-12-13 00:00:00,,ACTIVE,1483.74
MCH8660,"Ben, Guha And Sabharwa1",5812,Restaurants & Dining,Sole Proprietorship,Lucknow,Uttar Pradesh,2025-07-22 00:00:00,XXXX9591,ACTIVE,
MCH8091,"Kata, Mangat And Tiwari",5812,Restaurants & Dining,Partnership,Amritsar,Punjab,2023-09-18 00:00:00,XDJG1975759254930,INACTIVE,723.01
MCH9107,Apte-Pathak,5699,Apparel & Clothing,Private Limited,Jalandhar,Punjab,2023-05-25 21:09:31,,ACTIVE,4111.02
MCH4062,Rana Group,5999,Miscellaneous Retail,Individual,Mumbay,Maharashtra,2023-09-20 00:00:00,XXXX3317,INACTIVE,1544.23
MCH7880,Ben-Khare,4131,Transportation,Individual,Chennai,Tamil Nadu,2024-01-20 00:00:00,,ACTIVE,3857.41
MCH2791,"Rastogi, Mannan And Sabharwal",5912,Pharmacies & Healthcare,Sole Proprietorship,Delhi,Delhi,2025-08-21 00:00:00,,ACTIVE,
MCH2988,"Mangal, Gokhale And Malhotra",5812,Restaurants & Dining,Sole Proprietorship,Mumbay,Maharashtra,2023-10-10 10:11:05,,ACTIVE,3595.96
MCH7288,Sandhu Inc,5812,Restaurants & Dining,Partnership,Bengaluru,Karnataka,2025-02-16 00:00:00,,ACTIVE,1887.15
MCH1277,Deol-Nayak,4131,Transportation,Individual,Bengaluru,Karnataka,,,ACTIVE,1188.0
MCH7969,"Karan,Balandkhurana",4131,Transportation,Individual,Lucknow,Uttar Pradesh,2025-04-16 00:00:00,,ACTIVE,836.32
MCH4765,Baral Inc,4131,Transportation,Private Limited,Ludhiana,Punjab,,,INACTIVE,2514.87
MCH2475,Bains-Sahota,5411,Grocery Stores,Individual,Bengaluru,Karnataka,2023-08-16 00:00:00,XXXX6630,ACTIVE,619.32
MCH6429,Doshi Group,5699,Apparel & Clothing,Sole Proprietorship,Amritsar,Punjab,2025-10-15 00:00:00,YIYE8202990184325,ACTIVE,369.26
MCH9439,Dhingra Inc,5411,Grocery Stores,Individual,Mumbay,Maharashtra,2023-06-06 00:00:00,,INACTIVE,619.52
MCH7751,"Vig, Iyer And Andra",5311,Department Stores,Partnership,Pune,Maharashtra,2024-06-28 00:00:00,6513543497,SUSPENDED,590.58
MCH4605,Barad Plc,5942,Books & Stationery,Sole Proprietorship,Pune,Maharashtra,2025-06-02 22:03:20,XXXX1001,ACTIVE,5165.18
MCH2212,Parmar Group,4131,Transportation,Private Limited,Jalandhar,Punjab,2025-01-02 07:40:00,,ACTIVE,4432.56
MCH1530,"Suresh, Kadakia And Iyer",5912,Pharmacies & Healthcare,Private Limited,Jalandhar,Punjab,2024-08-23 14:54:00,,ACTIVE,158.58
MCH4511,"Walla, Kala And Devi",4131,Transportation,Sole Proprietorship,Hyderabad,Telangana,2025-03-12 00:00:00,8103217288,ACTIVE,1448.32
MCH2313,Gulati Llc,5999,Miscellaneous Retail,Private Limited,Kolkata,West Bengal,2024-06-09 00:00:00,PWIA0473863869043,INACTIVE,3231.31
MCH7394,Brahmbhatt Plc,5812,Restaurants & Dining,Private Limited,Delhi,Delhi,2024-07-29 00:00:00,IKKI3369443713209,ACTIVE,3620.77
MCH7653,Mishra Llc,5699,Apparel & Clothing,Individual,Jalandhar,Punjab,2025-04-30 00:00:00,CZKM6825233537936,ACTIVE,7064.16
MCH6017,"Loyal, Sidhu And Balay",4814,Telecommunication Services,Sole Proprietorship,Amritsar,Punjab,2025-01-08 01:30:00,,INACTIVE,985.33
MCH8950,Handa Inc,4131,Transportation,Partnership,Mumbai,Maharashtra,2024-07-31 11:02:32,XXXX9807,ACTIVE,3860.38
MCH5137,Bath-Keer,4814,Telecommunication Services,Private Limited,Bengaluru,Karnataka,2024-11-06 00:00:00,XXXX5840,SUSPENDED,634.0
MCH2019,Walla-Ranganathan,5999,Miscellaneous Retail,Partnership,Bengaluru,Karnataka,2024-05-22 00:00:00,,ACTIVE,1915.39
MCH1221,"Sastry, Kapoor And Varughese",5812,Restaurants & Dining,Partnership,Jalandhar,Punjab,2025-04-26 00:00:00,,INACTIVE,3430.0
MCH6161,Sura-Wadhwa,4814,Telecommunication Services,Individual,Bengaluru,Karnataka,2025-04-22 00:00:00,QWHT6526941757258,ACTIVE,490.18
MCH4906,Gaba Llc,5812,Restaurants & Dining,Private Limited,Jaipur,Rajasthan,2024-01-31 00:00:00,,ACTIVE,1902.8
MCH2022,Nagi-Gala,5999,Miscellaneous Retail,Individual,Chennai,Tamil Nadu,2024-04-08 00:00:00,,ACTIVE,3182.35
MCH5768,Brar Inc,5812,Restaurants & Dining,Sole Proprietorship,Hyderabad,Telangana,2023-04-04 00:00:00,PTPO3474925086916,ACTIVE,1354.3
MCH9100,Dey-Bandi,5999,Miscellaneous Retail,Sole Proprietorship,Mumbai,Maharashtra,2023-01-23 11:38:30,XLOL4843036264872,ACTIVE,707.08
MCH7563,Anne And Sons,7011,Hotels & Lodging,Private Limited,Amritsar,Punjab,2023-05-16 00:00:00,XXXX7430,ACTIVE,300.06
MCH4503,Sunder Plc,7011,Hotels & Lodging,Partnership,Mumbai,Maharashtra,2024-01-03 00:00:00,MTQA2966873504692,ACTIVE,540.93
MCH7316,Tak Ltd,5942,Books & Stationery,Sole Proprietorship,Jaipur,Rajasthan,2024-05-26 00:00:00,AICM4314076152252,ACTIVE,688.43
MCH7030,Shan Ltd,5311,Department Stores,Individual,Ludhiana,Punjab,,,SUSPENDED,466.83
MCH1813,Balan-Deo,5311,Department Stores,Partnership,Poona,Maharashtra,2024-08-28 00:00:00,UAJB1335544875863,ACTIVE,610.94
MCH9560,Kaul Plc,5942,Books & Stationery,Individual,Bengaluru,Karnataka,2024-10-24 00:00:00,XWSA3966243533864,INACTIVE,735.59
MCH9859,Mukherjee-Agate,5999,Miscellaneous Retail,Sole Proprietorship,Jalandhar,Punjab,,,ACTIVE,158.0
MCH3712,Narain-Vaidya,7011,Hotels & Lodging,Individual,Hyderabad,Telangana,2025-05-07 00:23:00,PUJI3728932216325,ACTIVE,333.0
MCH9242,"Kadakia, Yadav And Seshadri",7011,Hotels & Lodging,Partnership,Hyderabad,Telangana,2023-03-10 00:00:00,XXXX4049,SUSPENDED,1024.36
MCH1651,Kumar Inc,5942,Books & Stationery,Sole Proprietorship,Mumbai,Maharashtra,2024-03-09 00:00:00,XXXX7749,ACTIVE,1249.76
MCH7133,Dininc,5411,Grocery Stores,Private Limited,Pune,Maharashtra,2023-05-05 02:26:09,,INACTIVE,
MCH6404,Tailor Group,5999,Miscellaneous Retail,Private Limited,Jaipur,Rajasthan,2026-02-04 15:32:58,,SUSPENDED,792.4
MCH5884,Raman And Sons,4131,Transportation,Individual,Chennai,Tamil Nadu,,1966210053,ACTIVE,743.19
MCH4904,"Vohra, Lanka And Bumb",4814,Telecommunication Services,Partnership,Chennai,Tamil Nadu,2023-09-25 03:37:00,XXXX8030,ACTIVE,1946.13
MCH4236,"Sinha, Shukla And Lad",5699,Apparel & Clothing,Sole Proprietorship,Delhi,Delhi,2025-07-08 12:08:37,OZWZ6142696689139,ACTIVE,844.0
MCH9261,Gupta-Manne,5812,Restaurants & Dining,Individual,Jaipur,Rajasthan,2025-07-10 09:04:41,,ACTIVE,2734.0
MCH8643,"Kota, Aurora And Dugal",5699,Apparel & Clothing,Sole Proprietorship,Delhi,Delhi,2024-04-15 14:41:15,GITM5447907663864,ACTIVE,1011.23
MCH8286,"Chadha, Chaudhari And Edwin",5912,Pharmacies & Healthcare,Private Limited,Hyderabad,Telangana,2023-08-09 00:00:00,XXXX2952,ACTIVE,1828.46
MCH3398,Chaudhary Ltd,5699,Apparel & Clothing,Sole Proprietorship,Chennai,Tamil Nadu,2023-11-18 08:31:43,5865246306,INACTIVE,1864.25
MCH5648,Morar And Sons,7011,Hotels & Lodging,Individual,Pune,Maharashtra,2023-06-08 00:00:00,DHOL8937164342491,ACTIVE,972.68
MCH7644,Mital Plc,7011,Hotels & Lodging,Sole Proprietorship,Chennai,Tamil Nadu,2024-03-07 00:00:00,,ACTIVE,602.59
MCH5267,"Chandra, Som And Grewal",4131,Transportation,Individual,Hyderabad,Telangana,2025-11-30 22:52:00,2585843766,ACTIVE,999.83
MCH5288,"Thaman, Muni And Om",5999,Miscellaneous Retail,Sole Proprietorship,Pune,Maharashtra,2023-07-08 00:00:00,7391241084,ACTIVE,1015.84
MCH7075,D’Alia Group,7011,Hotels & Lodging,Partnership,Chennai,Tamil Nadu,2024-05-03 20:19:30,1415999033,INACTIVE,1262.21
MCH8423,Balasubramanian And Sons,5411,Grocery Stores,Private Limited,Mumbai,Maharashtra,2025-01-26 00:00:00,5080169849,ACTIVE,1838.16
MCH7229,"Salvi, Kale And Sunder",4814,Telecommunication Services,Private Limited,Pune,Maharashtra,2025-12-23 00:00:00,,ACTIVE,606.62
MCH4127,Subramaniam-Jhaveri,4131,Transportation,Sole Proprietorship,Jaipur,Rajasthan,2024-05-22 00:00:00,XXXX1628,SUSPENDED,5333.88
MCH8721,Bera-Chhabra,4131,Transportation,Sole Proprietorship,Lucknow,Uttar Pradesh,2024-08-09 00:00:00,,ACTIVE,2543.82
MCH8211,Parekh-Atwal,5411,Grocery Stores,Private Limited,Jaipur,Rajasthan,2025-05-22 00:00:00,9728363988,ACTIVE,
MCH8095,Saxena Llc,5699,Apparel & Clothing,Private Limited,Jaipur,Rajasthan,2024-08-16 00:00:00,7415423811,ACTIVE,304.22
MCH3656,"Sani, Rajagopalan And Sachar",5411,Grocery Stores,Individual,Chennai,Tamil Nadu,2024-11-26 00:00:00,EFFS9159320721097,ACTIVE,901.19
MCH3324,Char-Gera,5699,Apparel & Clothing,Partnership,Pune,Maharashtra,2026-02-20 00:00:00,DLMI3626046968894,SUSPENDED,2076.73
MCH3927,Basak-Shukla,4814,Telecommunication Services,Private Limited,Jalandhar,Punjab,2023-03-18 00:00:00,KBJY1537538735375,INACTIVE,980.64
MCH2459,Gala And Sons,4131,Transportation,Sole Proprietorship,Jaipur,Rajasthan,2025-04-16 00:00:00,OKFD4897091413997,ACTIVE,789.05
MCH9804,Bhasin-Peri,5311,Department Stores,Sole Proprietorship,Chennai,Tamil Nadu,2023-12-21 00:24:00,,SUSPENDED,962.52
MCH9632,Kade-Shere,5311,Department Stores,Sole Proprietorship,Delhi,Delhi,2025-11-28 00:00:00,,ACTIVE,895.55
MCH5896,Kale Group,5942,Books & Stationery,Individual,Hyderabad,Telangana,2023-07-21 00:00:00,3922466271,ACTIVE,533.74
MCH9583,"Borra, Mutti And Chaudhary",5812,Restaurants & Dining,Private Limited,Ldh,Punjab,2023-05-13 01:02:41,3322589465,ACTIVE,1408.6
MCH6548,"Kaur, Puri And Agate",4814,Telecommunication Services,Partnership,Hyderabad,Telangana,2023-09-24 18:14:00,0487365346,ACTIVE,1154.74
MCH4776,Bobal-Dutta,5411,Grocery Stores,Individual,Hyderabad,Telangana,2026-02-26 11:47:00,1427903652,ACTIVE,831.82
MCH2726,"Shukla, Trivedi And Balan",5411,Grocery Stores,Private Limited,Amritsar,Punjab,2023-04-04 00:00:00,DPXX2201328447445,ACTIVE,7491.26
MCH2628,Muni Plc,5311,Department Stores,Individual,Pune,Maharashtra,2024-07-13 00:00:00,1524505804,ACTIVE,1382.04
MCH5518,Mannan Inc,5999,Miscellaneous Retail,Partnership,Hyderabad,Telangana,2024-03-28 22:25:18,,ACTIVE,1107.87
MCH3804,"Pingle, Choudhry And Sastry",5942,Books & Stationery,Sole Proprietorship,Delhi,Delhi,2025-10-13 00:00:00,,ACTIVE,729.5
MCH8421,"Kannan, Nath And Kala",4131,Transportation,Private Limited,Amritsar,Punjab,2024-01-31 00:00:00,,SUSPENDED,612.51
MCH8427,"Hegde, Bajaj And Sura",5699,Apparel & Clothing,Partnership,Jalandhar,Punjab,2024-10-07 00:00:00,,ACTIVE,557.6
MCH9165,"Iyengar, Raja And Bhasin",5411,Grocery Stores,Private Limited,Lucknow,Uttar Pradesh,2024-03-01 00:00:00,XXXX0194,ACTIVE,1898.13
MCH6545,"Chanda, Mittal And Venkatesh",5912,Pharmacies & Healthcare,Individual,Kolkata,West Bengal,,0281511993,ACTIVE,909.37
MCH6870,Basak Group,4814,Telecommunication Services,Sole Proprietorship,Poona,Maharashtra,2025-04-03 00:00:00,5001363774,ACTIVE,2497.95
MCH7206,Srivastava And Sons,5411,Grocery Stores,Private Limited,Lucknow,Uttar Pradesh,2025-08-18 00:00:00,1550287427,ACTIVE,1434.41
MCH5734,Balan Inc,5311,Department Stores,Private Limited,Jalandhar,Punjab,2025-05-20 00:00:00,,ACTIVE,2000.53
MCH4227,Panchal Plc,5999,Miscellaneous Retail,Sole Proprietorship,Kolkata,West Bengal,2025-01-09 00:00:00,,ACTIVE,1533.36
MCH3301,Reddy And Sons,5942,Books & Stationery,Partnership,Jaipur,Rajasthan,2023-06-25 03:39:00,5060880178,ACTIVE,2571.65
MCH6314,Tella-Sachdeva,4131,Transportation,Sole Proprietorship,Lucknow,Uttar Pradesh,2023-01-22 00:00:00,,ACTIVE,2661.98
MCH1294,Rajagopalan Group,5912,Pharmacies & Healthcare,Individual,Amritsar,Punjab,2024-08-29 05:38:00,XXXX1888,ACTIVE,539.82
MCH1383,Dubey Group,5411,Grocery Stores,Individual,Hyderabad,Telangana,2023-03-09 16:33:00,JDGO5125225131187,ACTIVE,
MCH3214,Dubey Inc,4131,Transportation,Individual,Bengaluru,Karnataka,2024-07-24 00:45:00,1238686450,ACTIVE,2052.0
MCH3641,"Khurana, Barman And Suresh",5699,Apparel & Clothing,Individual,Delhi,Delhi,2025-06-08 08:41:00,XXXX0826,ACTIVE,2224.44
MCH6273,"Dubey, Narula And Jhaveri",5311,Department Stores,Private Limited,Pune,Maharashtra,2025-05-06 00:00:00,,ACTIVE,754.63
MCH8400,Banerjee Inc,5812,Restaurants & Dining,Sole Proprietorship,Lucknow,Uttar Pradesh,,,ACTIVE,
MCH5745,"Bahri, Dutta And Narang",4131,Transportation,Individual,Bengaluru,Karnataka,2024-03-27 07:33:00,GWGG2673614762721,ACTIVE,955.1
MCH4246,Rama-Dasgupta,5311,Department Stores,Individual,Amritsar,Punjab,2025-05-01 00:00:00,,ACTIVE,2336.28
MCH6806,Badal-Bhasin,5411,Grocery Stores,Individual,Hyderabad,Telangana,2025-12-05 00:00:00,,ACTIVE,23208.4
MCH5378,Chaudhari Inc,7011,Hotels & Lodging,Individual,Bengaluru,Karnataka,2023-12-12 00:00:00,XXXX0207,ACTIVE,
MCH3561,Kumar Llc,5812,Restaurants & Dining,Partnership,Chennai,Tamil Nadu,2025-10-18 00:00:00,9204267445,ACTIVE,715.0
MCH2945,Agarwa1-Cherian,4814,Telecommunication Services,Sole Proprietorship,Jalandhar,Punjab,2025-10-06 00:00:00,XXXX2889,INACTIVE,1759.15
MCH8656,Singh Plc,5942,Books & Stationery,Individual,Bengaluru,Karnataka,2024-06-09 00:00:00,RQTA6882310547982,ACTIVE,9885.11
MCH4733,Sankar Inc,5411,Grocery Stores,Sole Proprietorship,Jaipur,Rajasthan,2023-01-25 00:00:00,XXXX7201,ACTIVE,1176.53
MCH5303,Walla Inc,5311,Department Stores,Private Limited,Chennai,Tamil Nadu,,,ACTIVE,1019.0
MCH8536,Boase Plc,4814,Telecommunication Services,Partnership,Mumbai,Maharashtra,2024-10-23 00:00:00,,ACTIVE,3149.45
MCH5410,Ganesh Llc,7011,Hotels & Lodging,Partnership,Delhi,Delhi,2023-01-13 16:09:00,,ACTIVE,1114.19
MCH1138,"Shan,Buchandtank",5942,Books & Stationery,Sole Proprietorship,Bengaluru,Karnataka,2024-03-07 21:25:00,XXXX0724,ACTIVE,1369.64
MCH1652,Tripathi-Vasa,5311,Department Stores,Private Limited,Amritsar,Punjab,2025-03-08 00:00:00,7462856821,INACTIVE,1419.63
MCH4604,"Som, Kalla And Dada",5699,Apparel & Clothing,Sole Proprietorship,Chennai,Tamil Nadu,2024-07-02 15:25:30,,ACTIVE,1478.97
MCH9380,Chakrabarti Group,5812,Restaurants & Dining,Private Limited,Ludhiana,Punjab,2023-11-23 00:00:00,ECMM7078142170981,ACTIVE,199.0
MCH1015,Mannan-Subramaniam,7011,Hotels & Lodging,Individual,Hyderabad,Telangana,2024-05-19 00:00:00,,ACTIVE,1116.83
MCH8053,Chhabra Inc,4814,Telecommunication Services,Individual,Hyderabad,Telangana,2023-03-29 01:53:59,XXXX7777,ACTIVE,1235.44
MCH8033,"Kala, Mahal And Dash",5311,Department Stores,Individual,Hyderabad,Telangana,2025-02-12 00:00:00,XXXX2251,SUSPENDED,1390.13
MCH7260,Kunda Inc,7011,Hotels & Lodging,Private Limited,Jalandhar,Punjab,2024-06-20 00:00:00,,ACTIVE,391.11
MCH8713,"Shere, Loke And Butala",4814,Telecommunication Services,Private Limited,Delhi,Delhi,,,INACTIVE,1029.16
MCH6001,Murthy-Batra,7011,Hotels & Lodging,Sole Proprietorship,Jalandhar,Punjab,2024-08-31 00:00:00,DRAQ5734718978671,ACTIVE,1116.47
MCH1792,Palan-Naidu,5699,Apparel & Clothing,Partnership,Bengaluru,Karnataka,2023-01-28 00:00:00,JXLM1363091809821,ACTIVE,443.5
MCH8129,"Devan, Ramesh And 0Ak",5311,Department Stores,Individual,Kolkata,West Bengal,2025-03-22 13:11:16,XXXX5824,ACTIVE,2940.0
MCH1775,Karnik Inc,5411,Grocery Stores,Private Limited,Lucknow,Uttar Pradesh,2023-04-13 08:51:51,MCRQ9864671908344,ACTIVE,313.0
MCH6593,"Thakur, V0Hra And Kar",5411,Grocery Stores,Private Limited,Hyderabad,Telangana,2025-05-26 00:00:00,,ACTIVE,5861.0
MCH5556,Pau-Kale,5912,Pharmacies & Healthcare,Private Limited,Mumbai,Maharashtra,2023-10-31 04:23:01,FLTM9160494360696,ACTIVE,513.95
MCH2024,"Ram, Manda And Chopra",4131,Transportation,Sole Proprietorship,Pune,Maharashtra,2025-07-24 00:00:00,,ACTIVE,1122.98
MCH8932,"Venkatesh, Nayak And Ravel",5999,Miscellaneous Retail,Private Limited,Lucknow,Uttar Pradesh,2023-01-01 00:00:00,STLO0893921270298,ACTIVE,1585.03
MCH5856,"Wason, Savant And Bahl",5999,Miscellaneous Retail,Individual,Mumbai,Maharashtra,2026-11-02 00:00:00,,ACTIVE,944.06
MCH4433,"Patil, Subramanian And Madan",7011,Hotels & Lodging,Partnership,Kolkata,West Bengal,2023-01-23 00:00:00,KNSD2742017347383,ACTIVE,830.16
MCH9401,Ravi Llc,7011,Hotels & Lodging,Sole Proprietorship,Pune,Maharashtra,2025-11-14 00:00:00,1215375647,ACTIVE,1824.72
MCH8098,"Babu, Gupta And Bir",5812,Restaurants & Dining,Partnership,Lucknow,Uttar Pradesh,,FYXA2708849715447,ACTIVE,320.71
MCH7564,"Mahal, Thaman And Dani",5942,Books & Stationery,Sole Proprietorship,Jalandhar,Punjab,2023-12-23 00:00:00,7935535958,ACTIVE,503.13
MCH3040,"Dhar, Kunda And Desai",5411,Grocery Stores,Partnership,Jaipur,Rajasthan,2025-03-05 00:00:00,,ACTIVE,267.0
MCH1237,Agarwal-Kibe,7011,Hotels & Lodging,Partnership,Mumbay,Maharashtra,2023-03-30 00:00:00,CKEI2680343648784,ACTIVE,750.84
MCH2014,Bali-Mani,7011,Hotels & Lodging,Individual,Pune,Maharashtra,2023-08-01 09:32:25,ARLE1914445816062,ACTIVE,8107.98
MCH8967,Kade-Sama,5699,Apparel & Clothing,Partnership,Delhi,Delhi,2023-02-18 00:00:00,,ACTIVE,
MCH2350,Tata-Palla,5699,Apparel & Clothing,Private Limited,Jaipur,Rajasthan,2025-01-29 00:00:00,,ACTIVE,1391.95
MCH8331,Yogi Inc,5999,Miscellaneous Retail,Sole Proprietorship,Bengaluru,Karnataka,2025-05-07 00:00:00,,INACTIVE,1372.86
MCH3005,"Saxena, Narain And Mander",5699,Apparel & Clothing,Private Limited,Kolkata,West Bengal,2024-03-25 00:00:00,RIGO9314848159457,INACTIVE,1149.79
MCH5957,Bose Plc,5942,Books & Stationery,Partnership,Jaipur,Rajasthan,2023-09-22 00:00:00,,INACTIVE,1309.17
MCH1320,Babu-Khatri,5699,Apparel & Clothing,Individual,Kolkata,West Bengal,2023-11-24 10:52:12,XXXX8923,SUSPENDED,
MCH9984,"Dash, Radhakrishnan And Singh",4131,Transportation,Sole Proprietorship,Amritsar,Punjab,2025-11-01 00:00:00,4065235597,ACTIVE,956.87
MCH5293,Pingle Plc,5999,Miscellaneous Retail,Individual,Delhi,Delhi,2023-03-09 16:02:00,XXXX2228,ACTIVE,1088.29
MCH2133,Bose-Saraf,5999,Miscellaneous Retail,Sole Proprietorship,Mumbai,Maharashtra,2024-09-19 00:00:00,6035698626,ACTIVE,434.11
MCH3470,Chopra-Garde,4814,Telecommunication Services,Individual,Bengaluru,Karnataka,2025-03-02 00:00:00,,ACTIVE,509.62
MCH1340,Pingle-Lad,5999,Miscellaneous Retail,Individual,Chennai,Tamil Nadu,2023-02-09 00:00:00,,ACTIVE,
MCH5671,Bava-Arya,5699,Apparel & Clothing,Private Limited,Hyderabad,Telangana,2023-11-18 22:06:00,SNRX5730951285773,ACTIVE,2123.47
MCH2681,Upadhyay-Bava,7011,Hotels & Lodging,Individual,Pune,Maharashtra,2024-02-16 00:00:00,YHMW6591611383032,ACTIVE,230.72
MCH6745,Chaudry Plc,7011,Hotels & Lodging,Individual,Lucknow,Uttar Pradesh,2023-05-16 00:00:00,,INACTIVE,2605.91
MCH1647,Narula Llc,5699,Apparel & Clothing,Individual,Ludhiana,Punjab,2024-10-05 18:51:00,5628842369,SUSPENDED,1898.14
MCH3341,Ramesh Inc,5912,Pharmacies & Healthcare,Individual,Mumbay,Maharashtra,2024-11-15 02:33:00,,ACTIVE,1745.15
MCH1333,Sastry Plc,4814,Telecommunication Services,Individual,Amritsar,Punjab,2025-09-18 18:25:49,DIOZ5944277163234,INACTIVE,1548.51
MCH1174,Mander-Kari,5411,Grocery Stores,Partnership,Jalandhar,Punjab,2023-01-05 00:00:00,,ACTIVE,1013.97
MCH8784,"Iyengar, Savant And Sehgal",4131,Transportation,Private Limited,Mumbai,Maharashtra,2024-01-12 00:00:00,,ACTIVE,575.0
MCH9763,Bhatnagar-Ramesh,5699,Apparel & Clothing,Individual,Bengaluru,Karnataka,2023-03-24 10:13:00,FAWR8699456284349,ACTIVE,2954.71
MCH4909,"Sharaf, Lalla And Rattan",5942,Books & Stationery,Sole Proprietorship,Kolkata,West Bengal,2025-02-16 20:04:00,5725440715,SUSPENDED,650.04
MCH6982,Manda And Sons,4814,Telecommunication Services,Partnership,Delhi,Delhi,2024-01-30 20:46:00,UKBI1493589511002,INACTIVE,474.53
MCH4221,"Rastogi, Goda And Naidu",5999,Miscellaneous Retail,Individual,Jalandhar,Punjab,,,ACTIVE,745.75
MCH1934,"Deol,Dugarandparmer",5942,Books & Stationery,Private Limited,Chennai,Tamil Nadu,2025-06-26 13:50:54,,ACTIVE,2520.96
MCH4421,Natarajan-Borah,5999,Miscellaneous Retail,Sole Proprietorship,Mumbai,Maharashtra,2024-11-21 00:00:00,,ACTIVE,1261.07
MCH3490,Sachdev-Din,5411,Grocery Stores,Individual,Delhi,Delhi,2023-02-21 00:00:00,VNMY8994386086089,SUSPENDED,570.0
MCH8264,"Hayer, Pant And Suresh",4131,Transportation,Private Limited,Jaipur,Rajasthan,2025-03-01 00:00:00,WKHI8476650778332,ACTIVE,2906.17
MCH7567,Badal-Tripathi,5699,Apparel & Clothing,Partnership,Delhi,Delhi,2023-01-23 14:11:00,,ACTIVE,581.85
MCH6419,"Bhalla, Dubey And Salvi",5912,Pharmacies & Healthcare,Sole Proprietorship,Jaipur,Rajasthan,2024-01-15 01:23:00,,ACTIVE,3881.01
MCH6143,"Murthy, Kala And Mangat",5812,Restaurants & Dining,Individual,Hyderabad,Telangana,2023-03-26 16:00:36,3144502115,ACTIVE,618.37
MCH4141,Sarkar And Sons,4814,Telecommunication Services,Partnership,Bengaluru,Karnataka,2023-10-06 00:00:00,,ACTIVE,1485.34
MCH8571,"Sahni, Arya And Guha",4131,Transportation,Private Limited,Kolkata,West Bengal,,XXXX6085,ACTIVE,1192.48
MCH6697,"Chanda, Chakraborty And Mand",4814,Telecommunication Services,Individual,Pune,Maharashtra,2025-09-29 15:02:00,4744924569,ACTIVE,706.35
MCH1881,"Bawa, Ganesan And Oak",5912,Pharmacies & Healthcare,Partnership,Chennai,Tamil Nadu,2023-12-14 00:00:00,,ON_HOLD,1349.05
MCH7586,Randhawainc,5812,Restaurants & Dining,Partnership,Chennai,Tamil Nadu,2025-06-21 00:00:00,,INACTIVE,629.75
MCH1553,Basu-Varma,5942,Books & Stationery,Sole Proprietorship,Kolkata,West Bengal,,,ACTIVE,1630.0
MCH7957,Keer-Khalsa,5999,Miscellaneous Retail,Sole Proprietorship,Amritsar,Punjab,2025-11-21 00:00:00,,ACTIVE,1690.94
MCH7023,Mannan-Mallick,5999,Miscellaneous Retail,Individual,Hyderabad,Telangana,,BQNS1502974429250,ACTIVE,1891.27
MCH5546,B0Rde Inc,5311,Department Stores,Individual,Ludhiana,Punjab,2024-09-27 00:00:00,JPIE0555435223526,ACTIVE,1430.97
MCH5494,Raja Ltd,5942,Books & Stationery,Partnership,Ludhiana,Punjab,2025-07-19 00:00:00,XXXX2189,ACTIVE,209.91
MCH9714,Issac-Pall,5912,Pharmacies & Healthcare,Private Limited,Chennai,Tamil Nadu,2024-07-06 12:33:24,,INACTIVE,925.43
MCH2532,Chad Inc,5999,Miscellaneous Retail,Partnership,Jaipur,Rajasthan,2023-11-01 00:00:00,SDKV0929160095786,INACTIVE,351.38
MCH6776,"Khanna, Kadakia And Hans",5942,Books & Stationery,Partnership,Jalandhar,Punjab,2024-12-16 14:27:00,,ACTIVE,7527.28
MCH9208,Lala-Tiwari,5942,Books & Stationery,Partnership,Amritsar,Punjab,2023-05-17 00:00:00,,INACTIVE,338.09
MCH3930,Kashyap-Rastogi,5699,Apparel & Clothing,Individual,Lucknow,Uttar Pradesh,,XXXX4709,ACTIVE,510.04
MCH7621,"Sankaran, Sur And Panchal",5812,Restaurants & Dining,Individual,Jaipur,Rajasthan,2023-01-03 00:00:00,XXXX7790,ACTIVE,1992.6
MCH4589,"Sathe, Bumb And Shankar",5699,Apparel & Clothing,Sole Proprietorship,Amritsar,Punjab,2024-10-27 01:28:39,XXXX1983,ACTIVE,76.99
MCH2191,"Choudhry, Rai And Chokshi",5942,Books & Stationery,Private Limited,Chennai,Tamil Nadu,2025-04-14 00:00:00,,ACTIVE,3020.11
MCH8955,"Gade, Venkatesh And Bedi",5999,Miscellaneous Retail,Sole Proprietorship,Bengaluru,Karnataka,2023-05-13 13:02:00,LWFG7573237346886,ACTIVE,455.69
MCH3591,"Panchal, Balasubramanian And Dey",5942,Books & Stationery,Private Limited,Kolkata,West Bengal,2025-03-15 00:00:00,9832386733,ACTIVE,2193.61
MCH8221,Kala-Bajaj,5942,Books & Stationery,Sole Proprietorship,Bengaluru,Karnataka,,5133526509,INACTIVE,1133.63
MCH2552,"Saran, Dyal And Wable",4814,Telecommunication Services,Partnership,Hyderabad,Telangana,2023-10-19 00:00:00,XXXX2290,ACTIVE,1588.96
MCH7784,Dave-Babu,5912,Pharmacies & Healthcare,Partnership,Ludhiana,Punjab,2023-03-16 00:00:00,XXXX3111,ACTIVE,643.0
MCH1853,Narayanan-Chander,4131,Transportation,Sole Proprietorship,Amritsar,Punjab,2023-10-10 00:20:00,GGYD8312524893538,ACTIVE,13872.38
MCH9201,Ramachandran Plc,4814,Telecommunication Services,Private Limited,Jaipur,Rajasthan,2024-10-02 18:21:00,,ACTIVE,1064.13
MCH3439,"Palan, Bora And Puri",5411,Grocery Stores,Private Limited,Ludhiana,Punjab,2024-05-03 00:36:00,AHWJ3061043363701,ACTIVE,1840.58
MCH8163,"Sama, Pant And Tara",5942,Books & Stationery,Private Limited,Lucknow,Uttar Pradesh,2025-06-13 00:00:00,,ACTIVE,1638.28
MCH4090,Dubegroup,5311,Department Stores,Individual,Jaipur,Rajasthan,2024-12-06 00:00:00,NPEH3410333318653,ACTIVE,5497.54
MCH6751,Jhaveri-Rege,5942,Books & Stationery,Private Limited,Jalandhar,Punjab,2023-07-30 00:00:00,,ACTIVE,1649.91
MCH2770,Nagi Plc,5999,Miscellaneous Retail,Individual,Jaipur,Rajasthan,2024-05-06 13:56:02,,SUSPENDED,4171.07
MCH2274,Kade-Wadhwa,5699,Apparel & Clothing,Partnership,Delhi,Delhi,,,ACTIVE,
MCH4275,Raval-Bora,5812,Restaurants & Dining,Sole Proprietorship,Jaipur,Rajasthan,2024-04-18 04:43:05,3945076989,ACTIVE,1335.0
MCH5458,"Korpal, Venkatesh And Choudhary",7011,Hotels & Lodging,Individual,Jaipur,Rajasthan,2024-03-17 02:49:02,,ACTIVE,
MCH5997,"Kothari,Basuandkothari",5912,Pharmacies & Healthcare,Sole Proprietorship,Delhi,Delhi,2025-09-07 16:46:16,4059468429,INACTIVE,2459.46
MCH2675,Venkataraman-Rastogi,5942,Books & Stationery,Private Limited,Amritsar,Punjab,2025-06-23 00:00:00,YXGI4135701284971,ACTIVE,877.85
MCH5239,Saha Inc,5999,Miscellaneous Retail,Individual,Lucknow,Uttar Pradesh,2025-09-29 00:00:00,,ACTIVE,6907.0
MCH6009,"Nagar, Chowdhury And Raghavan",5942,Books & Stationery,Private Limited,Pune,Maharashtra,,XXXX6864,ACTIVE,1266.03
MCH8861,Prashad And Sons,5999,Miscellaneous Retail,Individual,Chennai,Tamil Nadu,,XXXX5366,ACTIVE,
MCH2383,Dewan-Misra,4814,Telecommunication Services,Sole Proprietorship,Ldh,Punjab,2023-09-05 17:41:00,,ACTIVE,923.06
MCH5141,Sinha Ltd,5699,Apparel & Clothing,Sole Proprietorship,Jaipur,Rajasthan,2025-07-27 00:03:05,XXXX0376,INACTIVE,764.85
MCH5037,"Sekhon, Dhillon And Bath",5812,Restaurants & Dining,Partnership,Delhi,Delhi,2024-01-10 00:00:00,8639611595,SUSPENDED,
MCH7074,Lalla-Iyengar,5912,Pharmacies & Healthcare,Individual,Jalandhar,Punjab,2026-01-10 00:00:00,9351816139,ACTIVE,732.21
MCH6137,"Sidhu, Ahuja And Kumar",5812,Restaurants & Dining,Partnership,Bengaluru,Karnataka,,0510702134,ACTIVE,1574.67
MCH1973,Sastry Ltd,5699,Apparel & Clothing,Sole Proprietorship,Chennai,Tamil Nadu,2024-12-23 00:00:00,,ACTIVE,1479.74
MCH7544,Narayan-Oommen,4814,Telecommunication Services,Individual,Jalandhar,Punjab,2023-06-29 00:00:00,RSLP3867431498538,INACTIVE,1478.06
MCH8393,Salvi Llc,7011,Hotels & Lodging,Partnership,Jalandhar,Punjab,2024-10-18 00:00:00,XXXX4953,ACTIVE,1230.0
MCH9393,"Sehgal, Chawla And Korpal",5812,Restaurants & Dining,Individual,Amritsar,Punjab,2025-03-09 17:19:00,XXXX8440,ACTIVE,896.96
MCH3908,Kanda Llc,5999,Miscellaneous Retail,Sole Proprietorship,Pune,Maharashtra,2024-07-05 00:00:00,2653904246,ACTIVE,7690.26
MCH4560,Shankar Ltd,4814,Telecommunication Services,Individual,Bengaluru,Karnataka,2025-12-06 14:36:00,,ACTIVE,1403.88
MCH7311,Jhaveri-Hans,7011,Hotels & Lodging,Sole Proprietorship,Mumbai,Maharashtra,2025-05-12 00:00:00,RZUE2319491323812,ACTIVE,1009.0
MCH5472,Dua Group,5942,Books & Stationery,Private Limited,Ludhiana,Punjab,2024-09-23 00:00:00,2328427852,ACTIVE,778.0
MCH8851,"Kanda, Kohli And Thaman",5812,Restaurants & Dining,Sole Proprietorship,Jalandhar,Punjab,,,SUSPENDED,5573.07
MCH9681,Bawa Plc,5699,Apparel & Clothing,Private Limited,Pune,Maharashtra,2024-01-09 03:45:47,,ACTIVE,1913.04
MCH8641,Rai And Sons,4131,Transportation,Individual,Ldh,Punjab,2024-10-01 00:00:00,,ACTIVE,
MCH6468,Golla-Murty,4131,Transportation,Partnership,Hyderabad,Telangana,2024-06-20 00:00:00,,ACTIVE,
MCH8995,Mahajan Group,5999,Miscellaneous Retail,Partnership,Jalandhar,Punjab,2023-09-12 00:00:00,XXXX2606,ACTIVE,2967.0
MCH1827,Saha Ltd,5999,Miscellaneous Retail,Partnership,Pune,Maharashtra,2026-01-12 00:00:00,GFSK2439344528128,ACTIVE,790.89
MCH1529,"Sangha,Banerjeeandsengupta",7011,Hotels & Lodging,Private Limited,Ludhiana,Punjab,2023-02-06 00:00:00,,INACTIVE,1257.59
MCH8923,Raja-Sur,4131,Transportation,Individual,Hyderabad,Telangana,2023-05-29 00:00:00,,ACTIVE,1033.58
MCH8464,"Kapadia, Sarin And Bhargava",5411,Grocery Stores,Sole Proprietorship,Ludhiana,Punjab,2024-07-19 17:44:00,,ACTIVE,1536.1
MCH8749,"Tara, Parmer And Walla",4131,Transportation,Private Limited,Kolkata,West Bengal,2025-06-19 00:00:00,BWRP8229942592433,INACTIVE,584.1
MCH4298,Jain Group,4814,Telecommunication Services,Private Limited,Delhi,Delhi,2024-01-06 00:00:00,6571920723,INACTIVE,316.99
MCH8552,"Manne, Manda And Toor",4131,Transportation,Sole Proprietorship,Pune,Maharashtra,2023-08-19 00:00:00,,ACTIVE,
MCH5227,Gala Plc,7011,Hotels & Lodging,Partnership,Kolkata,West Bengal,2026-01-21 00:00:00,,ACTIVE,
MCH3323,Dey Plc,4814,Telecommunication Services,Sole Proprietorship,Jaipur,Rajasthan,2024-12-24 05:37:48,XXXX2284,INACTIVE,559.08
MCH9199,Goda-Patel,4814,Telecommunication Services,Partnership,Lucknow,Uttar Pradesh,2024-12-23 00:00:00,3404405124,ACTIVE,992.24
MCH4745,Divan-Rao,5311,Department Stores,Sole Proprietorship,Jalandhar,Punjab,2023-12-05 00:00:00,9446528330,ACTIVE,778.92
MCH4463,"Kant, Varma And Madan",5411,Grocery Stores,Individual,Amritsar,Punjab,2023-01-26 00:00:00,XXXX8058,INACTIVE,703.89
MCH8296,D’Alia-Kannan,5999,Miscellaneous Retail,Partnership,Mumbai,Maharashtra,2023-07-29 00:00:00,,ACTIVE,659.86
MCH2585,Roy Llc,5411,Grocery Stores,Sole Proprietorship,Jaipur,Rajasthan,2025-10-13 00:00:00,2320667701,ACTIVE,2233.97
MCH6427,Bose Inc,5999,Miscellaneous Retail,Private Limited,Ludhiana,Punjab,2025-07-02 00:00:00,UHFS8061607261976,INACTIVE,1949.7
MCH7176,"Sachar, Wali And Saha",4131,Transportation,Individual,Kolkata,West Bengal,2026-02-13 00:00:00,7683191787,ACTIVE,980.72
MCH7679,Sodhi-Dugal,5411,Grocery Stores,Individual,Jalandhar,Punjab,2023-01-23 00:00:00,8562313994,ACTIVE,975.38
MCH6829,"Natarajan, Thaker And Aggarwal",5912,Pharmacies & Healthcare,Sole Proprietorship,Mumbai,Maharashtra,2024-01-24 00:00:00,,ACTIVE,1746.05
MCH2639,Sunder-Keer,5411,Grocery Stores,Partnership,Jaipur,Rajasthan,2025-04-19 00:00:00,,ACTIVE,853.1
MCH6643,"Bala, Palla And Srinivas",5942,Books & Stationery,Private Limited,Jalandhar,Punjab,2023-06-13 10:35:36,3868687292,ACTIVE,1698.35
MCH6208,Tak-Parmar,4814,Telecommunication Services,Private Limited,Lucknow,Uttar Pradesh,2024-03-16 00:00:00,XXXX8227,SUSPENDED,
MCH8639,"Sodhi, Kala And Ramaswamy",5411,Grocery Stores,Partnership,Pune,Maharashtra,2023-09-18 00:00:00,,ACTIVE,1544.0
MCH6574,"Thaman, Gupta And Barad",4814,Telecommunication Services,Private Limited,Pune,Maharashtra,2024-03-03 13:31:25,2887690427,ACTIVE,1371.71
MCH4980,Batra Llc,5411,Grocery Stores,Individual,Pune,Maharashtra,,XXXX6176,ACTIVE,2806.42
MCH8046,Muni Llc,5912,Pharmacies & Healthcare,Partnership,Mumbai,Maharashtra,2024-11-12 00:00:00,GNMM4947998232253,ACTIVE,401.9
MCH5190,"Saini,Ranaandaggarwal",5411,Grocery Stores,Sole Proprietorship,Mumbai,Maharashtra,,4016367368,ACTIVE,1844.01
MCH2577,Dua Inc,5812,Restaurants & Dining,Sole Proprietorship,Bengaluru,Karnataka,2023-11-23 00:00:00,,ACTIVE,23536.65
MCH6034,Sane Inc,5912,Pharmacies & Healthcare,Private Limited,Jaipur,Rajasthan,2025-10-18 00:00:00,5791425986,ACTIVE,1353.34
MCH4083,"Loyal, Dara And Sharaf",4814,Telecommunication Services,Individual,Chennai,Tamil Nadu,2024-02-15 01:01:36,,ACTIVE,1752.1
MCH8390,"Thakkar, Babu And Nagi",4131,Transportation,Private Limited,Hyderabad,Telangana,2024-03-25 00:00:00,XXXX7354,ACTIVE,2159.57
MCH9016,Upadhyay-Sethi,4814,Telecommunication Services,Partnership,Mumbay,Maharashtra,2025-07-27 08:59:26,XXXX7823,ACTIVE,764.46
MCH6780,"Bhatia, Dalal And Kapur",5999,Miscellaneous Retail,Private Limited,Jalandhar,Punjab,2025-05-24 00:31:32,,ACTIVE,10952.74
MCH3201,Bahl And Sons,5942,Books & Stationery,Sole Proprietorship,Amritsar,Punjab,2024-05-27 00:00:00,4264935431,ACTIVE,576.96
MCH9352,Chaudhary-Munshi,7011,Hotels & Lodging,Sole Proprietorship,Hyderabad,Telangana,2025-12-27 00:00:00,1982708228,INACTIVE,295.19
MCH6091,Ratti-Kalita,5942,Books & Stationery,Sole Proprietorship,Ludhiana,Punjab,2023-06-09 00:00:00,XXXX4886,ACTIVE,458.92
MCH3491,"Chawla, Tella And Madan",4814,Telecommunication Services,Sole Proprietorship,Lucknow,Uttar Pradesh,2025-05-23 00:00:00,,ACTIVE,1044.7
MCH3426,"Morar, Dar And Raja",5311,Department Stores,Individual,Jalandhar,Punjab,2023-10-25 00:00:00,XXXX0393,INACTIVE,1252.0
MCH2395,Sathe-Dixit,4131,Transportation,Private Limited,Chennai,Tamil Nadu,2023-12-24 00:00:00,,ACTIVE,941.52
MCH8330,Trivedi-Shan,5812,Restaurants & Dining,Partnership,Hyderabad,Telangana,2024-05-11 18:16:00,2548494928,ACTIVE,4115.86
MCH8826,Mallick-Dasgupta,5311,Department Stores,Private Limited,Jalandhar,Punjab,2023-02-09 07:13:10,2382228031,ACTIVE,1719.24
MCH3371,Bath Plc,4814,Telecommunication Services,Private Limited,Chennai,Tamil Nadu,2024-06-16 00:00:00,XXXX9871,ACTIVE,1557.07
MCH1909,Murthy And Sons,5942,Books & Stationery,Sole Proprietorship,Poona,Maharashtra,2023-11-25 00:00:00,6570869272,ACTIVE,823.0
MCH6152,Dasgupta-Das,5942,Books & Stationery,Private Limited,Jaipur,Rajasthan,2024-10-26 00:00:00,XXXX8744,ACTIVE,344.11
MCH4375,"Mani, Pillai And Soman",5311,Department Stores,Sole Proprietorship,Lucknow,Uttar Pradesh,2024-03-08 02:25:00,,ACTIVE,1050.41
MCH7380,"Gour, Jani And Mital",5999,Miscellaneous Retail,Individual,Chennai,Tamil Nadu,2024-11-06 00:00:00,,INACTIVE,688.41
MCH4305,Padmanabhan-Thaker,4131,Transportation,Individual,Ludhiana,Punjab,2024-10-17 00:00:00,,ACTIVE,572.69
MCH7198,Rama And Sons,5912,Pharmacies & Healthcare,Partnership,Jaipur,Rajasthan,2023-02-15 00:00:00,6060043689,ACTIVE,1594.96
MCH1298,"Raghavan,Reddyandsangha",5942,Books & Stationery,Sole Proprietorship,Hyderabad,Telangana,2025-04-28 00:00:00,XXXX0353,ACTIVE,364.92
MCH9510,Warri0R-Thakkar,4131,Transportation,Sole Proprietorship,Bengaluru,Karnataka,2024-09-15 00:00:00,,ACTIVE,1261.0
MCH8799,"Dada, Ramaswamy And Dugal",5942,Books & Stationery,Private Limited,Hyderabad,Telangana,2023-04-09 00:00:00,STYQ1453146869201,SUSPENDED,2080.34
MCH3453,"Sangha, Minhas And Patil",7011,Hotels & Lodging,Private Limited,Jaipur,Rajasthan,2023-11-15 00:00:00,5047749653,ACTIVE,1768.03
MCH6333,"Kumer, Butala And Sawhney",5699,Apparel & Clothing,Individual,Chennai,Tamil Nadu,2024-09-08 02:04:48,HRFV9386173143650,ACTIVE,831.77
MCH1255,La1A And S0Ns,4814,Telecommunication Services,Partnership,Kolkata,West Bengal,2023-07-19 00:00:00,8344362943,INACTIVE,772.22
MCH3147,Acharya-Uppal,4131,Transportation,Individual,Chennai,Tamil Nadu,2024-10-02 02:28:00,1420771239,ACTIVE,343.0
MCH1675,"Sarma, Saxena And Chandran",5311,Department Stores,Private Limited,Jaipur,Rajasthan,2023-06-09 00:00:00,,SUSPENDED,1777.8
MCH6498,Peri-Saran,5999,Miscellaneous Retail,Private Limited,Kolkata,West Bengal,2025-01-08 22:53:50,XXXX0646,ACTIVE,7077.96
MCH9849,Jayaraman Inc,5942,Books & Stationery,Individual,Kolkata,West Bengal,2026-02-11 02:12:30,8602198402,ACTIVE,1659.94
MCH8659,Sha Ltd,7011,Hotels & Lodging,Partnership,Mumbay,Maharashtra,2024-10-23 00:00:00,6929887204,ACTIVE,
MCH5707,De01 Gr0Up,5411,Grocery Stores,Partnership,Hyderabad,Telangana,2023-09-19 00:00:00,NRWL7844875974966,ACTIVE,666.58
MCH8553,"Sane, Chaudhari And Rai",4814,Telecommunication Services,Private Limited,Lucknow,Uttar Pradesh,2025-01-05 00:00:00,,INACTIVE,375.66
MCH9390,"Minhas,Pauandnarayanan",4131,Transportation,Individual,Ludhiana,Punjab,,,ACTIVE,2246.12
MCH9945,"Pant, Hayre And Pathak",4814,Telecommunication Services,Private Limited,Jalandhar,Punjab,2025-07-14 00:56:49,XXXX5088,ACTIVE,789.57
MCH9412,Nayak-Guha,4131,Transportation,Individual,Amritsar,Punjab,,XXXX5639,ACTIVE,2887.33
MCH6940,Koshy Inc,4131,Transportation,Private Limited,Chennai,Tamil Nadu,2024-06-25 00:00:00,,ACTIVE,5556.5
MCH9834,"Gill, Varghese And Ganesh",5912,Pharmacies & Healthcare,Private Limited,Kolkata,West Bengal,2023-03-26 00:00:00,,ACTIVE,1416.0
MCH8235,Konda-Pillai,5942,Books & Stationery,Private Limited,Chennai,Tamil Nadu,2025-08-29 19:03:00,XXXX2371,ACTIVE,921.33
MCH9684,Bhasin Inc,5912,Pharmacies & Healthcare,Private Limited,Delhi,Delhi,2025-01-20 00:00:00,XXXX1695,INACTIVE,2227.2
MCH4122,"Lata, Magar And Savant",5999,Miscellaneous Retail,Partnership,Bengaluru,Karnataka,2025-12-03 23:29:42,7547242898,ACTIVE,3699.77
MCH3267,"Dara, Rama And Ben",4814,Telecommunication Services,Partnership,Ludhiana,Punjab,2024-11-02 02:35:26,,ACTIVE,471.18
MCH8949,"Srinivasan,Saxenaandkant",5942,Books & Stationery,Private Limited,Bengaluru,Karnataka,,XXXX6857,INACTIVE,1726.82
MCH3822,Anne And Sons,5411,Grocery Stores,Private Limited,Amritsar,Punjab,2026-01-21 20:10:57,,ACTIVE,2115.91
MCH7687,Devan Inc,5699,Apparel & Clothing,Individual,Lucknow,Uttar Pradesh,2024-11-25 18:59:00,,ACTIVE,2148.82
MCH8377,"Agate, Suresh And Bahri",5311,Department Stores,Individual,Hyderabad,Telangana,2024-05-02 00:00:00,XXXX2261,ACTIVE,1519.49
MCH1039,Palan-Mody,4814,Telecommunication Services,Individual,Hyderabad,Telangana,2023-07-14 00:00:00,,ACTIVE,545.34
MCH9444,Narainandsons,5812,Restaurants & Dining,Private Limited,Hyderabad,Telangana,2023-09-08 00:00:00,XXXX4479,SUSPENDED,1056.16
MCH5119,Raghavan-Shere,5812,Restaurants & Dining,Sole Proprietorship,Chennai,Tamil Nadu,2025-09-14 00:00:00,,ACTIVE,1149.0
MCH4097,Nori Plc,5912,Pharmacies & Healthcare,Private Limited,Pune,Maharashtra,,,ACTIVE,930.77
MCH8693,"Chawla, Goyal And Pau",7011,Hotels & Lodging,Individual,Mumbai,Maharashtra,2024-01-22 00:00:00,,ACTIVE,818.0
MCH1207,"Pillai, Oak And Barman",5812,Restaurants & Dining,Individual,Delhi,Delhi,2024-04-11 00:00:00,,ACTIVE,1280.08
MCH9049,Babu-Bali,5812,Restaurants & Dining,Individual,Bengaluru,Karnataka,2023-02-07 10:16:00,4401897773,ACTIVE,2337.3
MCH6708,Wali Llc,7011,Hotels & Lodging,Sole Proprietorship,Amritsar,Punjab,2023-09-04 00:00:00,1946521583,ACTIVE,469.66
MCH6892,Chacko-Gaba,5912,Pharmacies & Healthcare,Sole Proprietorship,Bengaluru,Karnataka,2025-05-07 00:00:00,XXXX0824,ACTIVE,684.73
MCH1260,Kothari-Nadkarni,5699,Apparel & Clothing,Private Limited,Lucknow,Uttar Pradesh,2026-01-15 00:00:00,6850024093,ACTIVE,2375.4
MCH3736,"Chanda, Bandi And Pandya",4814,Telecommunication Services,Partnership,Hyderabad,Telangana,2023-04-25 00:48:36,,ACTIVE,812.06
MCH1641,Bali Llc,5999,Miscellaneous Retail,Sole Proprietorship,Delhi,Delhi,,,ACTIVE,3239.36
MCH9955,Bumb Ltd,5912,Pharmacies & Healthcare,Individual,Bengaluru,Karnataka,2024-02-20 00:00:00,,INACTIVE,5375.4
MCH2838,Bose-Bir,4814,Telecommunication Services,Sole Proprietorship,Chennai,Tamil Nadu,2024-07-25 00:00:00,,ACTIVE,3409.39
MCH7215,"Kau1, Pur0Hit And Ar0Ra",5311,Department Stores,Private Limited,Hyderabad,Telangana,2023-07-10 00:00:00,8944621322,ACTIVE,2403.84
MCH3299,"Varghese, Tripathi And Ganesh",5999,Miscellaneous Retail,Sole Proprietorship,Bengaluru,Karnataka,2023-07-12 00:00:00,,INACTIVE,2177.34
MCH8845,Varkey-Jha,5999,Miscellaneous Retail,Partnership,Kolkata,West Bengal,2024-01-03 05:26:00,,ACTIVE,5630.04
MCH7339,"Purohit, Dhingra And Barman",5411,Grocery Stores,Individual,Chennai,Tamil Nadu,2023-08-16 22:55:00,IUQD2113343232449,ACTIVE,2247.46
MCH1667,Prashad-Samra,5812,Restaurants & Dining,Private Limited,Delhi,Delhi,2025-10-20 03:57:00,XXXX1144,ACTIVE,7788.38
MCH5970,Babu And Sons,5699,Apparel & Clothing,Private Limited,Amritsar,Punjab,2025-01-14 00:00:00,,INACTIVE,2060.67
MCH9396,"Solanki, Kara And Saha",7011,Hotels & Lodging,Sole Proprietorship,Bengaluru,Karnataka,2024-07-08 07:13:36,XXXX6974,ACTIVE,1428.59
MCH3683,Mander Group,5411,Grocery Stores,Individual,Mumbai,Maharashtra,2023-09-10 00:00:00,3019047562,ACTIVE,4247.99
MCH8592,Rajagopal-Nagarajan,5912,Pharmacies & Healthcare,Individual,Hyderabad,Telangana,2023-11-20 00:23:03,,ACTIVE,1002.86
MCH8281,Kakar And S0Ns,4814,Telecommunication Services,Individual,Hyderabad,Telangana,2023-01-12 00:00:00,,ACTIVE,968.0
MCH4367,"Wason, Chanda And Panchal",5411,Grocery Stores,Sole Proprietorship,Lucknow,Uttar Pradesh,2023-09-29 00:00:00,QEDA5086052954128,ACTIVE,1778.0
MCH3679,Kumer Llc,4814,Telecommunication Services,Private Limited,Hyderabad,Telangana,2025-12-15 00:00:00,1741377762,ACTIVE,587.47
MCH7568,Kumer-Gandhi,7011,Hotels & Lodging,Sole Proprietorship,Mumbai,Maharashtra,2025-05-23 00:00:00,,ACTIVE,1278.0
MCH4699,Setty Inc,7011,Hotels & Lodging,Private Limited,Pune,Maharashtra,2025-06-04 00:00:00,XXXX2833,ACTIVE,632.27
MCH4769,Baral-Peri,5699,Apparel & Clothing,Individual,Jaipur,Rajasthan,2024-01-14 00:00:00,,ACTIVE,1758.52
MCH6743,"Mistry, Acharya And Rau",5999,Miscellaneous Retail,Private Limited,Kolkata,West Bengal,2025-07-25 00:00:00,XXXX9521,ACTIVE,1997.32
MCH1856,"Sem, Dhawan And Bakshi",5411,Grocery Stores,Sole Proprietorship,Bengaluru,Karnataka,2023-07-27 00:00:00,9292167540,SUSPENDED,2232.22
MCH4050,"Sur, N0Ri And G011A",5699,Apparel & Clothing,Sole Proprietorship,Mumbai,Maharashtra,2024-04-07 00:00:00,PQHJ7829698736069,ACTIVE,577.94
MCH7087,Prashad Llc,5311,Department Stores,Partnership,Chennai,Tamil Nadu,2023-05-29 00:00:00,,ACTIVE,955.0
MCH4510,Bora Ltd,4814,Telecommunication Services,Individual,Chennai,Tamil Nadu,2024-04-16 11:39:00,XXXX0375,ACTIVE,1583.66
MCH8880,Bava Group,7011,Hotels & Lodging,Sole Proprietorship,Bengaluru,Karnataka,2025-12-01 16:40:00,,INACTIVE,3216.0
MCH4716,Ahuja-Konda,5411,Grocery Stores,Private Limited,Hyderabad,Telangana,2025-05-05 09:10:35,UWUR7932224500135,ACTIVE,1206.68
MCH4841,"Soman, Chhabra And Rau",5812,Restaurants & Dining,Individual,Hyderabad,Telangana,2025-06-04 00:00:00,7481277314,ACTIVE,611.25
MCH5381,Jaggi And Sons,5311,Department Stores,Private Limited,Delhi,Delhi,2025-06-11 00:00:00,,ACTIVE,550.97
MCH2183,Savant Llc,4131,Transportation,Sole Proprietorship,Delhi,Delhi,,XXXX8842,ACTIVE,202.62
MCH6722,Bhagat Llc,5999,Miscellaneous Retail,Sole Proprietorship,Mumbai,Maharashtra,2023-05-13 00:00:00,,ACTIVE,211.13
MCH4876,"Dugar, Prasad And Pal",5812,Restaurants & Dining,Partnership,Chennai,Tamil Nadu,2023-09-09 00:00:00,XXXX5946,ACTIVE,1346.64
MCH5902,"Iyer, Pal And Kaur",5311,Department Stores,Private Limited,Pune,Maharashtra,2024-08-14 00:00:00,,ACTIVE,441.19
MCH4113,"Anand,Choudharyandcontractor",5912,Pharmacies & Healthcare,Individual,Chennai,Tamil Nadu,2023-07-09 00:00:00,6952372771,ACTIVE,418.15
MCH3357,"Batta, Kannan And Srinivas",4814,Telecommunication Services,Partnership,Delhi,Delhi,2023-10-27 00:00:00,,ACTIVE,2454.25
MCH4278,Thakkar-Gupta,5311,Department Stores,Private Limited,Amritsar,Punjab,2025-05-31 00:00:00,,INACTIVE,703.48
MCH4184,Sachdeva-Kara,5812,Restaurants & Dining,Partnership,Jaipur,Rajasthan,2025-02-02 04:25:00,,ACTIVE,704.96
MCH3846,Nagi-Chacko,5411,Grocery Stores,Private Limited,Hyderabad,Telangana,2024-08-21 00:00:00,EAUK5999855393021,ACTIVE,1055.18
MCH7877,Bajwa Ltd,5942,Books & Stationery,Partnership,Chennai,Tamil Nadu,,2144271582,ACTIVE,565.69
MCH6840,Saini Group,5411,Grocery Stores,Private Limited,Bengaluru,Karnataka,2024-09-15 00:00:00,4326022170,ACTIVE,731.68
MCH9418,Dixit-Ranganathan,5912,Pharmacies & Healthcare,Partnership,Delhi,Delhi,2024-02-24 00:00:00,,ACTIVE,1164.23
MCH7398,Bhavsar And Sons,5311,Department Stores,Sole Proprietorship,Chennai,Tamil Nadu,2025-04-24 00:00:00,,ACTIVE,6060.9
MCH6122,Som-Seth,4131,Transportation,Individual,Amritsar,Punjab,2023-09-15 17:43:52,,ACTIVE,1086.57
MCH6986,Shetty Group,4814,Telecommunication Services,Private Limited,Bengaluru,Karnataka,2024-09-13 00:00:00,,ACTIVE,547.81
MCH2750,Rao-Narayanan,5942,Books & Stationery,Individual,Ldh,Punjab,2024-05-13 00:00:00,,ACTIVE,3052.68
MCH7197,Raval-Chadha,5812,Restaurants & Dining,Individual,Mumbai,Maharashtra,2023-09-25 00:19:22,,ACTIVE,218.4
MCH6440,Taneja-Mahajan,5311,Department Stores,Individual,Jalandhar,Punjab,2025-04-17 00:00:00,2419488462,ACTIVE,6682.66
MCH4770,Mahal-Sood,5411,Grocery Stores,Sole Proprietorship,Jaipur,Rajasthan,2024-12-17 00:00:00,5162215595,INACTIVE,489.82
MCH7062,"Karpe, Sekhon And Memon",5999,Miscellaneous Retail,Partnership,Chennai,Tamil Nadu,2024-07-18 00:00:00,ERAF1958847105569,INACTIVE,2267.0
MCH9949,Lanka Ltd,4131,Transportation,Sole Proprietorship,Ludhiana,Punjab,2024-08-10 00:24:00,,ACTIVE,4386.14
MCH5569,"Thaman, Kar And Dass",5999,Miscellaneous Retail,Sole Proprietorship,Mumbai,Maharashtra,2026-01-27 00:00:00,3302815921,INACTIVE,3592.34
MCH5603,Saha-Sahota,5812,Restaurants & Dining,Partnership,Mumbai,Maharashtra,2025-09-12 13:03:44,XXXX8202,ACTIVE,1242.85
MCH2284,Nayak Group,5699,Apparel & Clothing,Private Limited,Mumbai,Maharashtra,2025-10-01 04:44:36,XXXX8146,SUSPENDED,998.2
MCH2727,"Viswanathan, Kamdar And Raman",4814,Telecommunication Services,Partnership,Jaipur,Rajasthan,2026-01-22 00:00:00,,ACTIVE,2886.2
MCH9255,"Hegde, Dass And Sehgal",5699,Apparel & Clothing,Private Limited,Amritsar,Punjab,2023-07-19 10:19:06,,ACTIVE,1054.61
MCH2752,Palla Llc,4131,Transportation,Sole Proprietorship,Lucknow,Uttar Pradesh,2023-01-13 21:44:09,XXXX1787,ACTIVE,69.28
MCH2550,"Basu, Madan And Chaudry",5999,Miscellaneous Retail,Private Limited,Pune,Maharashtra,2024-10-23 11:38:00,,ACTIVE,1412.55
MCH7627,Lata-Ray,4131,Transportation,Individual,Mumbai,Maharashtra,2025-05-17 00:00:00,3611125475,ACTIVE,1169.55
MCH5992,"Anne, Gole And Bhatnagar",5912,Pharmacies & Healthcare,Private Limited,Ludhiana,Punjab,2025-12-31 00:00:00,QOVD2358529671548,ACTIVE,1637.97
MCH1747,Ray Inc,5812,Restaurants & Dining,Sole Proprietorship,Poona,Maharashtra,2023-04-11 00:00:00,YGJM1546623351510,ACTIVE,115.81
MCH9223,D’Alia-Hans,5699,Apparel & Clothing,Partnership,Chennai,Tamil Nadu,2024-12-09 02:24:19,IGRU6773049024506,ACTIVE,376.0
MCH4678,"Yogi, Goel And Chaudry",5912,Pharmacies & Healthcare,Sole Proprietorship,Amritsar,Punjab,2025-10-11 23:31:36,8030844375,ACTIVE,1363.28
MCH6170,Gh0Se-Mann,5999,Miscellaneous Retail,Private Limited,Lucknow,Uttar Pradesh,2023-09-05 00:00:00,5980501724,ACTIVE,1120.12
MCH4639,Chaudhry-Bath,5912,Pharmacies & Healthcare,Partnership,Jalandhar,Punjab,2023-05-11 10:36:23,XXXX7667,ACTIVE,295.45
MCH8952,"Varghese, Korpal And Dora",5912,Pharmacies & Healthcare,Sole Proprietorship,Chennai,Tamil Nadu,2024-08-10 00:00:00,,ACTIVE,987.96
MCH3888,"Gandhi, Cherian And Chhabra",4814,Telecommunication Services,Partnership,Hyderabad,Telangana,2025-02-27 00:00:00,8744798624,ACTIVE,1400.8
MCH5488,Chaudry-Garde,5411,Grocery Stores,Individual,Kolkata,West Bengal,2023-03-31 00:00:00,,ACTIVE,405.0
MCH6184,Peri-R0Ut,4131,Transportation,Sole Proprietorship,Mumbai,Maharashtra,,XXXX1239,ACTIVE,1637.73
MCH2535,Pall-Dugar,5942,Books & Stationery,Private Limited,Mumbai,Maharashtra,2024-08-29 00:00:00,4792112625,ACTIVE,978.69
MCH5766,Varkey-Datta,4814,Telecommunication Services,Private Limited,Mumbai,Maharashtra,2024-02-18 00:00:00,,ACTIVE,1162.56
MCH5019,Parikh Group,4814,Telecommunication Services,Partnership,Hyderabad,Telangana,2023-05-07 05:57:41,,ACTIVE,1075.9
MCH5845,Buch Plc,5311,Department Stores,Sole Proprietorship,Ludhiana,Punjab,2025-09-25 00:00:00,8892986940,ACTIVE,1603.87
MCH9216,Amble-Thaman,5912,Pharmacies & Healthcare,Partnership,Ludhiana,Punjab,2025-02-10 00:00:00,TRSX1584484080188,ACTIVE,2329.15
MCH4451,Bansal-Tak,7011,Hotels & Lodging,Individual,Amritsar,Punjab,,,ACTIVE,
MCH1153,"Oommen, Sastry And Varty",5311,Department Stores,Private Limited,Amritsar,Punjab,2024-06-17 00:00:00,XXXX3616,ACTIVE,873.51
MCH1661,Kothari-Dara,5912,Pharmacies & Healthcare,Partnership,Hyderabad,Telangana,2026-01-16 22:10:04,XXXX7371,ACTIVE,
MCH6866,Gill-Shere,5942,Books & Stationery,Individual,Kolkata,West Bengal,2025-03-01 00:00:00,XXXX3682,ACTIVE,4194.0
MCH6392,Golla-Pau,5999,Miscellaneous Retail,Private Limited,Delhi,Delhi,2025-01-04 07:52:24,TXWK8189724291317,ACTIVE,471.06
MCH8766,Shanker Ltd,5912,Pharmacies & Healthcare,Sole Proprietorship,Chennai,Tamil Nadu,2025-07-02 00:00:00,LBCS6149751072464,ACTIVE,801.0
MCH7724,Kapoor-Parmar,5311,Department Stores,Individual,Hyderabad,Telangana,2025-11-30 00:00:00,ULOQ5236477246986,ACTIVE,431.71
MCH9519,Shere-Banik,5699,Apparel & Clothing,Sole Proprietorship,Lucknow,Uttar Pradesh,2025-07-04 00:00:00,,ACTIVE,889.4
MCH5442,Sarkar-Prabhu,5311,Department Stores,Private Limited,Ldh,Punjab,2023-12-19 20:53:00,,ACTIVE,3121.0
MCH6306,"Ramesh, Viswanathan And Kalita",4131,Transportation,Private Limited,Chennai,Tamil Nadu,2026-01-05 00:00:00,XXXX8991,ACTIVE,302.6
MCH7371,"Ghose, Handa And Golla",5912,Pharmacies & Healthcare,Individual,Chennai,Tamil Nadu,2025-04-08 00:00:00,DGYJ0066359514769,ACTIVE,456.21
MCH3753,"Raj, Gole And Bansal",5411,Grocery Stores,Private Limited,Jalandhar,Punjab,2024-12-02 00:00:00,XXXX3925,ACTIVE,2699.51
MCH1336,"Zachariah, Bhattacharyya And Hegde",5699,Apparel & Clothing,Sole Proprietorship,Bengaluru,Karnataka,2024-08-30 12:55:19,DKKL1392349779906,ACTIVE,919.0
MCH1714,Sampath Llc,5699,Apparel & Clothing,Partnership,Lucknow,Uttar Pradesh,2026-02-17 00:00:00,6074080748,ACTIVE,585.92
MCH2214,Varkey-Seshadri,4131,Transportation,Partnership,Delhi,Delhi,2024-12-18 00:00:00,9016212995,ACTIVE,649.44
MCH7094,"D’Alia, Talwar And Mukherjee",5942,Books & Stationery,Individual,Amritsar,Punjab,2023-02-02 00:00:00,,ACTIVE,577.91
MCH5915,"Solanki, Banik And Badal",4131,Transportation,Individual,Jalandhar,Punjab,2024-10-22 00:00:00,XXXX8472,ACTIVE,1488.9
MCH6183,"Goel, Swaminathan And Padmanabhan",5411,Grocery Stores,Private Limited,Amritsar,Punjab,2025-06-03 00:00:00,4104440790,ACTIVE,817.0
MCH8817,Sawhneyltd,7011,Hotels & Lodging,Individual,Poona,Maharashtra,,,INACTIVE,495.07
MCH2423,"Lad, Kibe And Bora",7011,Hotels & Lodging,Individual,Pune,Maharashtra,2023-10-25 07:48:35,,INACTIVE,2425.0
MCH1653,Mitra Inc,7011,Hotels & Lodging,Sole Proprietorship,Chennai,Tamil Nadu,,XXXX9573,ACTIVE,1669.53
MCH3608,"Raj, Sarin And Sibal",4814,Telecommunication Services,Partnership,Jaipur,Rajasthan,2024-12-08 00:00:00,XXXX8045,INACTIVE,1956.65
MCH4802,Jain Inc,5411,Grocery Stores,Individual,Mumbay,Maharashtra,,WAKX1731194726020,ON_HOLD,1158.19
MCH1740,"Dhaliwal, Boase And Walla",7011,Hotels & Lodging,Partnership,Poona,Maharashtra,2025-09-02 00:00:00,LCLK0132407508023,ACTIVE,903.0
MCH1169,Dey-Gupta,5812,Restaurants & Dining,Individual,Bengaluru,Karnataka,2023-03-17 00:00:00,0295503532,ACTIVE,1427.7
MCH6542,Saraf-Dhingra,5311,Department Stores,Sole Proprietorship,Mumbai,Maharashtra,2023-12-16 00:00:00,UBFA1146451633512,ACTIVE,321.72
MCH7044,"Anne, Som And Ganesan",7011,Hotels & Lodging,Individual,Jalandhar,Punjab,2025-08-08 00:00:00,XCXH2265403585911,ACTIVE,
MCH3176,Gera Inc,4814,Telecommunication Services,Private Limited,Lucknow,Uttar Pradesh,2024-10-03 00:00:00,RGRY9601657474373,ACTIVE,1047.58
MCH6116,Keer-Shukla,4131,Transportation,Individual,Delhi,Delhi,2025-02-18 00:00:00,5115475557,ACTIVE,3651.0
MCH4934,Gill Llc,5812,Restaurants & Dining,Private Limited,Ldh,Punjab,2024-07-29 00:00:00,7355149958,ACTIVE,
MCH7864,"Joshi, Warrior And Guha",5699,Apparel & Clothing,Sole Proprietorship,Jalandhar,Punjab,2023-10-18 00:00:00,,ACTIVE,785.07
MCH7842,J0Ha1 Ltd,5812,Restaurants & Dining,Private Limited,Kolkata,West Bengal,2025-02-06 00:00:00,XXXX0929,INACTIVE,1856.0
MCH4485,Nazarethinc,5999,Miscellaneous Retail,Individual,Poona,Maharashtra,2023-11-07 18:34:59,6008302979,ON_HOLD,1928.18
MCH8023,Char-Gala,5699,Apparel & Clothing,Individual,Chennai,Tamil Nadu,2024-04-04 00:00:00,PWFC1818550515264,ACTIVE,837.35
MCH9068,Rege-Rao,7011,Hotels & Lodging,Private Limited,Delhi,Delhi,2023-03-09 00:00:00,XKVL5640811556536,ACTIVE,
MCH8385,Thaker-Hegde,5812,Restaurants & Dining,Partnership,Amritsar,Punjab,2024-05-14 00:00:00,,ACTIVE,2913.48
MCH7413,Uppal-Chaudhry,5311,Department Stores,Private Limited,Bengaluru,Karnataka,2024-09-13 00:00:00,3706152456,ACTIVE,3645.54
MCH5386,"Hari, Handa And Madan",4814,Telecommunication Services,Private Limited,Bengaluru,Karnataka,2023-09-27 00:00:00,,ACTIVE,682.57
MCH3699,Borra And Sons,5942,Books & Stationery,Private Limited,Poona,Maharashtra,2025-12-17 22:31:06,,INACTIVE,790.7
MCH3856,"Sankaran, Anne And Buch",5812,Restaurants & Dining,Individual,Kolkata,West Bengal,2025-05-06 17:56:20,XXXX0835,ACTIVE,454.0
MCH4487,Subramanian-Kannan,4814,Telecommunication Services,Private Limited,Jaipur,Rajasthan,2023-03-31 00:00:00,GTMT5663658393677,ACTIVE,259.0
MCH4983,"Magar, Ratta And Choudhary",5411,Grocery Stores,Partnership,Ludhiana,Punjab,2023-05-07 00:00:00,ZMSE7382357273196,ACTIVE,617.98
MCH1034,Devi-Chaudhari,7011,Hotels & Lodging,Private Limited,Delhi,Delhi,2024-06-17 22:15:00,XXXX9097,ACTIVE,243.38
MCH9909,Char-Mohanty,5999,Miscellaneous Retail,Partnership,Delhi,Delhi,2023-02-18 05:54:00,4229797435,ACTIVE,1739.69
MCH1739,Keer Group,5999,Miscellaneous Retail,Individual,Kolkata,West Bengal,2024-02-11 00:00:00,,ACTIVE,2619.15
MCH5870,Deol Group,4131,Transportation,Sole Proprietorship,Chennai,Tamil Nadu,2023-02-04 21:18:00,,ON_HOLD,1911.31
MCH3274,Sen-Chawla,5311,Department Stores,Private Limited,Chennai,Tamil Nadu,2023-02-25 00:00:00,8919947096,ACTIVE,1472.57
MCH8065,Gandhi-Shanker,4131,Transportation,Individual,Lucknow,Uttar Pradesh,2024-07-19 12:29:00,9755596598,INACTIVE,674.4
MCH7622,Banerjee-Raman,5812,Restaurants & Dining,Sole Proprietorship,Pune,Maharashtra,2023-11-24 00:00:00,,ACTIVE,1374.5
MCH5270,"Kannan, Goda And Kade",7011,Hotels & Lodging,Individual,Lucknow,Uttar Pradesh,2023-10-13 12:44:32,,INACTIVE,469.0
MCH3835,"Pillai, Ratti And Chaudhuri",4814,Telecommunication Services,Partnership,Ludhiana,Punjab,2023-01-15 10:05:00,4590776710,INACTIVE,6901.65
MCH9322,"Khosla, Walia And Deep",5311,Department Stores,Partnership,Kolkata,West Bengal,2024-07-15 00:00:00,BPNH2377464616036,ACTIVE,1060.15
MCH3218,"Keer, Soni And Deshpande",5912,Pharmacies & Healthcare,Sole Proprietorship,Mumbai,Maharashtra,2024-03-10 00:00:00,8214766650,ACTIVE,3727.56
MCH6944,"Ghosh, Hayre And Seth",5699,Apparel & Clothing,Individual,Jaipur,Rajasthan,2024-06-29 00:00:00,,INACTIVE,
MCH7195,Som And Sons,5999,Miscellaneous Retail,Sole Proprietorship,Chennai,Tamil Nadu,2024-10-15 14:41:16,,ACTIVE,1440.74
MCH8558,"Jha, Bhat And Swaminathan",4814,Telecommunication Services,Sole Proprietorship,Bengaluru,Karnataka,2024-11-13 00:00:00,,ACTIVE,2933.92
MCH5974,Padmanabhan Llc,5812,Restaurants & Dining,Individual,Lucknow,Uttar Pradesh,2023-03-11 10:03:46,XXXX9484,ACTIVE,1194.0
MCH5576,Oza Plc,4131,Transportation,Sole Proprietorship,Bengaluru,Karnataka,2024-07-27 00:00:00,XXXX6114,ACTIVE,
MCH2503,Ravel Plc,4814,Telecommunication Services,Individual,Kolkata,West Bengal,2025-03-10 00:00:00,5029689598,ACTIVE,858.0
MCH2102,"Mand, Bobal And Saini",5812,Restaurants & Dining,Individual,Ludhiana,Punjab,2024-04-25 00:00:00,,ACTIVE,2985.52
MCH7089,"Reddy, Dua And Trivedi",5912,Pharmacies & Healthcare,Private Limited,Kolkata,West Bengal,2023-08-03 14:43:57,LAWF4141310421548,INACTIVE,819.59
MCH1077,Mitter And Sons,5812,Restaurants & Dining,Individual,Chennai,Tamil Nadu,2026-01-12 00:00:00,,INACTIVE,606.84
MCH8150,Hegde-Doctor,5912,Pharmacies & Healthcare,Partnership,Poona,Maharashtra,2023-11-02 00:00:00,MNHK7085418913677,ACTIVE,1430.0
MCH7750,"Rama, Garde And Ravi",4131,Transportation,Partnership,Bengaluru,Karnataka,2025-01-22 00:00:00,XXXX7708,ACTIVE,1271.38
MCH8614,Basu-Gola,4131,Transportation,Partnership,Poona,Maharashtra,2026-08-01 00:00:00,XXXX7777,ACTIVE,1454.86
MCH3081,"Anne, Choudhry And Nanda",5912,Pharmacies & Healthcare,Partnership,Hyderabad,Telangana,2024-12-23 00:00:00,4317690840,ACTIVE,590.0
MCH9125,"Mallick, Walia And Kanda",5311,Department Stores,Partnership,Chennai,Tamil Nadu,2023-10-21 19:24:00,,ACTIVE,3007.21
MCH6641,Sunder-Taneja,5411,Grocery Stores,Individual,Kolkata,West Bengal,2025-12-24 23:48:00,,ACTIVE,126.11
MCH1750,Ravi-Dhar,4814,Telecommunication Services,Sole Proprietorship,Ldh,Punjab,2023-10-12 03:27:30,,ACTIVE,1422.61
MCH4230,Jha Group,5912,Pharmacies & Healthcare,Private Limited,Jaipur,Rajasthan,,XXXX6774,ACTIVE,911.06
MCH3761,"Bal,Mittalandprabhakar",5999,Miscellaneous Retail,Private Limited,Poona,Maharashtra,2025-06-11 00:00:00,,ACTIVE,6900.33
MCH1839,Krish Group,5411,Grocery Stores,Sole Proprietorship,Jalandhar,Punjab,2024-01-29 20:47:00,,ACTIVE,1503.47
MCH6959,"Agrawal, Bhatt And Babu",7011,Hotels & Lodging,Partnership,Lucknow,Uttar Pradesh,2024-05-24 03:34:51,,ACTIVE,611.31
MCH7383,Mannan Ltd,5999,Miscellaneous Retail,Individual,Jalandhar,Punjab,,,ACTIVE,2867.55
MCH8770,Mani-Mutti,5999,Miscellaneous Retail,Sole Proprietorship,Delhi,Delhi,2023-04-07 00:00:00,XXXX8061,ACTIVE,379.0
MCH8490,Sekhon-Chadha,5699,Apparel & Clothing,Sole Proprietorship,Delhi,Delhi,2024-06-28 00:00:00,XXXX6195,INACTIVE,694.05
MCH8645,"Desai, Agarwal And Handa",4814,Telecommunication Services,Individual,Ludhiana,Punjab,2024-03-31 00:00:00,,ACTIVE,1177.09
MCH1706,Merchant-Dhar,5942,Books & Stationery,Private Limited,Amritsar,Punjab,2023-05-25 00:00:00,,ACTIVE,954.61
MCH1430,"Bhavsar, Dora And Singh",5812,Restaurants & Dining,Private Limited,Delhi,Delhi,2024-03-07 00:00:00,,ACTIVE,238.76
MCH3701,Mand-Bhat,5999,Miscellaneous Retail,Sole Proprietorship,Lucknow,Uttar Pradesh,2024-05-07 00:00:00,3078444164,INACTIVE,231.29
MCH3869,Hegde Ltd,5311,Department Stores,Partnership,Pune,Maharashtra,2026-01-28 22:35:06,,ACTIVE,342.59
MCH4621,Ravel-Chaudhuri,5942,Books & Stationery,Private Limited,Delhi,Delhi,2024-08-04 00:00:00,RGWL4221508668071,ACTIVE,397.3
MCH5676,Kohli-Bir,4814,Telecommunication Services,Private Limited,Lucknow,Uttar Pradesh,2024-04-29 20:08:00,XXXX1129,ACTIVE,1466.78
MCH5390,"Choudhry, Dube And Morar",4131,Transportation,Partnership,Ludhiana,Punjab,2024-08-26 00:00:00,,ACTIVE,420.78
MCH2704,Sengupta-Sarin,5699,Apparel & Clothing,Private Limited,Poona,Maharashtra,2023-03-08 07:11:36,TSWF3138170868556,ACTIVE,2593.67
MCH1479,"Mandal, Barad And Srinivasan",5942,Books & Stationery,Partnership,Kolkata,West Bengal,2025-07-27 00:00:00,XXXX4686,ACTIVE,
MCH3449,"Sundaram, Dasgupta And Dutt",5999,Miscellaneous Retail,Individual,Chennai,Tamil Nadu,2025-06-14 00:00:00,9645543739,INACTIVE,436.0
MCH9416,Kulkarni And Sons,5411,Grocery Stores,Partnership,Mumbai,Maharashtra,2024-12-13 22:23:48,0558936473,ACTIVE,755.0
MCH4747,Issac Plc,4131,Transportation,Private Limited,Mumbai,Maharashtra,2023-07-07 09:40:00,3874952784,INACTIVE,
MCH3123,"Hegde, Bahl And Comar",4131,Transportation,Private Limited,Delhi,Delhi,2023-06-01 00:00:00,0540867962,ACTIVE,2133.64
MCH5905,"Hayer, Char And Jain",5999,Miscellaneous Retail,Private Limited,Poona,Maharashtra,2025-03-01 00:00:00,,ACTIVE,2191.84
MCH8076,"Sani, Sanghvi And Butala",5311,Department Stores,Individual,Ldh,Punjab,2024-07-02 00:00:00,9096281984,ACTIVE,470.52
MCH4691,"Deshmukh, Pant And Garg",7011,Hotels & Lodging,Sole Proprietorship,Bengaluru,Karnataka,2025-05-10 00:00:00,,ACTIVE,2116.48
MCH9092,Mall-Deshpande,7011,Hotels & Lodging,Partnership,Delhi,Delhi,2025-12-26 00:00:00,JMDU2866891583451,INACTIVE,1485.1
MCH9857,Mitra-Bala,5311,Department Stores,Partnership,Bengaluru,Karnataka,2024-01-15 00:21:39,7322976024,ACTIVE,507.74
MCH9056,"Misra, Kalita And Kapur",5942,Books & Stationery,Private Limited,Lucknow,Uttar Pradesh,2023-06-17 00:00:00,0830352688,ACTIVE,497.59
MCH9733,Sathe-Hari,4131,Transportation,Partnership,Bengaluru,Karnataka,2025-09-24 05:50:29,,ACTIVE,1033.79
MCH7489,Sridhar Plc,5999,Miscellaneous Retail,Individual,Bengaluru,Karnataka,2024-09-15 00:00:00,,ACTIVE,990.64
MCH3733,Ramakrishnan-Chaudhuri,7011,Hotels & Lodging,Sole Proprietorship,Amritsar,Punjab,2025-03-15 00:00:00,,ACTIVE,1213.25
MCH9940,"Thakur, Chokshi And Char",5699,Apparel & Clothing,Sole Proprietorship,Jalandhar,Punjab,2023-01-16 00:00:00,,ACTIVE,1656.0
MCH3284,Lal And Sons,4814,Telecommunication Services,Private Limited,Ludhiana,Punjab,2024-02-18 00:00:00,XXXX5805,INACTIVE,3943.29
MCH4068,Balakrishnan Inc,4814,Telecommunication Services,Individual,Jalandhar,Punjab,2024-11-23 00:00:00,,ACTIVE,1322.89
MCH5938,Prabhu Llc,5999,Miscellaneous Retail,Sole Proprietorship,Jalandhar,Punjab,2024-10-16 00:00:00,,ACTIVE,590.79
MCH4968,Choudhry Inc,4814,Telecommunication Services,Partnership,Jaipur,Rajasthan,,7588932286,ACTIVE,1122.44
MCH8844,"Lad, Walia And Raj",5912,Pharmacies & Healthcare,Individual,Ludhiana,Punjab,2025-11-26 00:00:00,5044649266,ACTIVE,
MCH8312,"Ramanathan, Andra And Sarma",5912,Pharmacies & Healthcare,Partnership,Lucknow,Uttar Pradesh,2023-02-20 00:00:00,XXXX8360,ACTIVE,1966.71
MCH5968,"Soman, Issac And Goswami",5311,Department Stores,Private Limited,Jalandhar,Punjab,2025-10-16 00:00:00,2039525092,ACTIVE,5598.75
MCH9004,Vaidya-Subramanian,5912,Pharmacies & Healthcare,Private Limited,Ldh,Punjab,2025-08-03 19:05:00,UZFO1636955430005,SUSPENDED,1239.93
MCH6044,Narain-Srivastava,7011,Hotels & Lodging,Sole Proprietorship,Hyderabad,Telangana,2026-11-02 00:00:00,,ACTIVE,141.65
MCH4413,"Parekh,Kadeandtalwar",5699,Apparel & Clothing,Sole Proprietorship,Lucknow,Uttar Pradesh,2025-12-11 00:00:00,9207485110,ACTIVE,
MCH3779,Aggarwal-Hans,5311,Department Stores,Private Limited,Kolkata,West Bengal,2024-12-04 08:30:32,VKLU5024337304270,ACTIVE,1502.01
MCH8198,Buch-Sengupta,5311,Department Stores,Individual,Kolkata,West Bengal,2023-01-18 00:00:00,,INACTIVE,2004.67
MCH6816,Muni-Bakshi,5942,Books & Stationery,Private Limited,Mumbai,Maharashtra,2025-10-19 19:36:20,3427916602,SUSPENDED,1412.92
MCH1142,Morar Llc,5999,Miscellaneous Retail,Sole Proprietorship,Jalandhar,Punjab,,,ACTIVE,
MCH8338,Basu Ltd,5812,Restaurants & Dining,Private Limited,Pune,Maharashtra,2025-06-21 00:00:00,XXXX2977,ACTIVE,279.5
MCH8189,Bajaj-Sura,4131,Transportation,Sole Proprietorship,Delhi,Delhi,2023-01-31 11:30:49,,ACTIVE,1010.26
MCH6551,Kala Llc,4131,Transportation,Private Limited,Jaipur,Rajasthan,2025-09-11 00:00:00,,ACTIVE,
MCH8823,Subramanian Inc,5699,Apparel & Clothing,Partnership,Mumbai,Maharashtra,2024-01-31 00:00:00,XXXX6614,SUSPENDED,523.43
MCH8140,"Chokshi, Johal And Sachdeva",5812,Restaurants & Dining,Sole Proprietorship,Kolkata,West Bengal,2024-08-24 20:09:39,,ACTIVE,1136.04
MCH7688,"Kata, Bobal And Basu",5912,Pharmacies & Healthcare,Sole Proprietorship,Ldh,Punjab,2025-07-29 00:00:00,7749062073,ACTIVE,3346.0
MCH3393,"Panchal, Mistry And Sawhney",5411,Grocery Stores,Sole Proprietorship,Amritsar,Punjab,,,ACTIVE,612.0
MCH2923,Bahri Plc,5912,Pharmacies & Healthcare,Sole Proprietorship,Bengaluru,Karnataka,2024-11-11 00:00:00,,ACTIVE,1195.19
MCH2887,Rau-Saha,5699,Apparel & Clothing,Sole Proprietorship,Delhi,Delhi,2023-08-17 00:00:00,XXXX7555,ACTIVE,
MCH6729,Sharma And Sons,5311,Department Stores,Partnership,Amritsar,Punjab,2023-01-27 00:00:00,,ACTIVE,442.47
MCH3652,Varghese Plc,5999,Miscellaneous Retail,Partnership,Ldh,Punjab,,,ACTIVE,2254.0
MCH6741,Parikh-Bhatt,7011,Hotels & Lodging,Partnership,Delhi,Delhi,2025-06-20 00:00:00,,ON_HOLD,664.53
MCH9450,"Bahl, Varughese And Char",4814,Telecommunication Services,Partnership,Pune,Maharashtra,2023-06-22 16:33:28,RGOX3327381847596,ACTIVE,260.0
MCH6656,Uppal Llc,5812,Restaurants & Dining,Individual,Ldh,Punjab,2023-10-11 00:00:00,XXXX4591,ACTIVE,488.8
MCH5674,"Chhabra, Samra And Ghosh",4131,Transportation,Partnership,Mumbai,Maharashtra,,,ACTIVE,1727.77
MCH3563,Devi-Dasgupta,4131,Transportation,Partnership,Jalandhar,Punjab,2023-09-08 08:21:00,,ACTIVE,418.41
MCH4712,"Gulati, Koshy And Purohit",5812,Restaurants & Dining,Individual,Lucknow,Uttar Pradesh,2023-06-13 19:51:00,,ON_HOLD,576.59
MCH9371,Mand-Oommen,5411,Grocery Stores,Private Limited,Chennai,Tamil Nadu,2023-11-11 00:00:00,,ACTIVE,284.42
MCH7443,Chander-Manda,4131,Transportation,Private Limited,Delhi,Delhi,2024-03-27 00:00:00,,ACTIVE,1371.0
MCH3896,"Bansal, Thakkar And Dar",5942,Books & Stationery,Sole Proprietorship,Bengaluru,Karnataka,2023-04-20 00:00:00,HRLW3110428710394,ACTIVE,
MCH4836,"Sidhu, Krish And Wadhwa",5812,Restaurants & Dining,Individual,Poona,Maharashtra,2025-11-15 20:13:55,OUBF1585452700403,ACTIVE,431.0
MCH1349,Verma-Rastogi,5942,Books & Stationery,Partnership,Mumbai,Maharashtra,2024-12-30 09:34:19,0030472757,SUSPENDED,1183.3
MCH9176,Jayaraman Plc,5311,Department Stores,Private Limited,Jalandhar,Punjab,2025-08-16 00:00:00,,SUSPENDED,609.42
MCH1395,Venkatesh Llc,5812,Restaurants & Dining,Partnership,Lucknow,Uttar Pradesh,2023-04-16 01:21:59,2640758547,ACTIVE,641.0
MCH6598,"Sachar, Thakkar And Sachar",5699,Apparel & Clothing,Private Limited,Amritsar,Punjab,2024-01-26 00:00:00,FGUE5705085368360,ACTIVE,421.0
MCH8869,Tella-Roy,5912,Pharmacies & Healthcare,Sole Proprietorship,Ldh,Punjab,2025-05-17 00:00:00,3757131975,ACTIVE,618.72
MCH9037,Varty-Vaidya,4131,Transportation,Private Limited,Jalandhar,Punjab,2023-04-17 21:34:00,XXXX4749,ACTIVE,2383.02
MCH8210,"Dave, Bath And Cherian",4131,Transportation,Sole Proprietorship,Hyderabad,Telangana,2025-10-04 00:00:00,2958672318,ACTIVE,3204.47
MCH5850,Virk-Loke,5699,Apparel & Clothing,Partnership,Mumbay,Maharashtra,,QOYF2667573006038,ACTIVE,3558.0
MCH8945,"Deol, Pant And Parekh",4814,Telecommunication Services,Sole Proprietorship,Amritsar,Punjab,2026-01-18 00:00:00,,ACTIVE,707.94
MCH9402,Vyas-Nath,5812,Restaurants & Dining,Private Limited,Lucknow,Uttar Pradesh,2023-09-18 00:00:00,,ACTIVE,640.89
MCH1011,Wable And Sons,5411,Grocery Stores,Private Limited,Ludhiana,Punjab,2023-02-11 00:00:00,,ACTIVE,6536.07
MCH2875,Chander-Parmer,5311,Department Stores,Partnership,Ludhiana,Punjab,2024-12-11 00:00:00,XXXX0207,ACTIVE,351.55
MCH2229,Maharaj Group,5999,Miscellaneous Retail,Private Limited,Hyderabad,Telangana,2025-12-12 00:00:00,,ACTIVE,289.57
MCH8455,Chauhan-Raju,5311,Department Stores,Private Limited,Poona,Maharashtra,2023-03-29 00:00:00,5585488676,ACTIVE,1832.78
MCH7020,Dalal Llc,5311,Department Stores,Partnership,Chennai,Tamil Nadu,2023-10-01 13:17:54,,ACTIVE,1105.4
MCH8029,"Gokhale, Varughese And Dube",5311,Department Stores,Sole Proprietorship,Hyderabad,Telangana,2025-12-21 00:00:00,GRPS2021500015035,ACTIVE,973.0
MCH2309,Tripathiplc,5411,Grocery Stores,Individual,Jaipur,Rajasthan,2025-12-22 22:12:34,5026901266,ACTIVE,869.28
MCH9957,"Choudhury, Doctor And Das",5942,Books & Stationery,Partnership,Jalandhar,Punjab,2023-03-15 00:00:00,XXXX1369,ACTIVE,
MCH7266,Sule Plc,5812,Restaurants & Dining,Partnership,Jaipur,Rajasthan,2025-08-30 12:28:51,XXXX3283,ACTIVE,
MCH1971,"Batta, Lal And Wason",5699,Apparel & Clothing,Private Limited,Mumbai,Maharashtra,2025-10-12 12:05:04,,ACTIVE,854.92
MCH2045,Nadig-Bal,5699,Apparel & Clothing,Private Limited,Pune,Maharashtra,2024-05-02 23:14:00,,ACTIVE,2363.1
MCH6755,Subramaniam Inc,7011,Hotels & Lodging,Partnership,Delhi,Delhi,2024-03-23 00:00:00,,ACTIVE,1535.05
MCH3675,Grewal And Sons,4814,Telecommunication Services,Private Limited,Pune,Maharashtra,2025-10-19 00:00:00,YCGE0713459513460,INACTIVE,263.38
MCH9458,"Basak, Natarajan And Golla",4814,Telecommunication Services,Individual,Mumbai,Maharashtra,2024-10-06 13:29:00,ROVV3982446480189,ACTIVE,1528.67
MCH5953,"Sandhu, Srinivas And Thakur",5699,Apparel & Clothing,Private Limited,Amritsar,Punjab,2023-10-09 19:25:00,TMUQ0408880729796,ACTIVE,3101.03
MCH6720,"Dhingra, Shukla And Edwin",5912,Pharmacies & Healthcare,Partnership,Amritsar,Punjab,2025-07-08 00:00:00,XXXX5057,ACTIVE,638.0
MCH6148,"Sem, Aggarwa1 And Uppa1",5311,Department Stores,Sole Proprietorship,Lucknow,Uttar Pradesh,2025-11-29 06:29:00,8892638195,INACTIVE,3148.18
MCH6477,Gopal-Dewan,5699,Apparel & Clothing,Sole Proprietorship,Mumbai,Maharashtra,2025-12-20 00:00:00,GNKM1008209861483,ACTIVE,1828.26
MCH8055,Sankaran-Sachar,5999,Miscellaneous Retail,Private Limited,Ludhiana,Punjab,2023-11-11 00:00:00,UKDK6406633609762,ACTIVE,1036.97
MCH5070,Krishnan Group,4814,Telecommunication Services,Partnership,Delhi,Delhi,2024-06-18 16:41:00,,ACTIVE,1597.64
MCH6107,Pillay Llc,5999,Miscellaneous Retail,Sole Proprietorship,Jalandhar,Punjab,2024-06-27 00:00:00,COEO9019476576214,ACTIVE,1844.34
MCH4822,Sama-Keer,4131,Transportation,Private Limited,Hyderabad,Telangana,2025-08-07 00:00:00,,ACTIVE,736.6
MCH7868,Ah1Uwa1Ia Inc,5812,Restaurants & Dining,Private Limited,Hyderabad,Telangana,2023-02-24 00:00:00,AZWU9148172427914,INACTIVE,4268.0
MCH8384,"Tella, Batra And Baral",5311,Department Stores,Individual,Jalandhar,Punjab,2023-08-04 00:00:00,,ACTIVE,
MCH8344,Purohit-Ravi,5311,Department Stores,Private Limited,Pune,Maharashtra,2023-09-04 21:29:50,,ACTIVE,337.58
MCH5599,Peri-Bhatti,5942,Books & Stationery,Individual,Mumbay,Maharashtra,2023-06-06 05:11:00,,ACTIVE,8103.17
MCH7767,Nadkarni-Pathak,7011,Hotels & Lodging,Individual,Chennai,Tamil Nadu,2025-10-07 07:50:00,,ACTIVE,3595.48
MCH7024,Gandhi-Kunda,5942,Books & Stationery,Private Limited,Lucknow,Uttar Pradesh,2024-04-22 00:00:00,,ACTIVE,184.56
MCH4361,Shukla-Venkatesh,5699,Apparel & Clothing,Partnership,Pune,Maharashtra,2023-08-31 10:30:03,,ACTIVE,714.55
MCH2814,"Sani, Khare And Ramachandran",5912,Pharmacies & Healthcare,Partnership,Jalandhar,Punjab,2024-02-24 00:00:00,XXXX1070,ACTIVE,1581.52
MCH7162,"Sankar, Muni And Mandal",5942,Books & Stationery,Sole Proprietorship,Jalandhar,Punjab,2023-01-14 06:07:30,TTSV7753870906383,ACTIVE,4267.24
MCH4163,Kamdar-Jhaveri,7011,Hotels & Lodging,Sole Proprietorship,Jalandhar,Punjab,,,ACTIVE,390.74
MCH1262,Charinc,4814,Telecommunication Services,Individual,Pune,Maharashtra,2025-06-28 00:00:00,4484109203,ACTIVE,489.52
MCH1563,Mandal-Biswas,4814,Telecommunication Services,Partnership,Jaipur,Rajasthan,2023-10-11 00:00:00,5466191568,SUSPENDED,376.51
MCH4021,"Balakrishnan, Mistry And Vig",5912,Pharmacies & Healthcare,Individual,Hyderabad,Telangana,2025-12-04 00:00:00,4335587264,ACTIVE,1395.91
MCH9036,Cherian Llc,5699,Apparel & Clothing,Sole Proprietorship,Ludhiana,Punjab,2023-05-17 18:31:08,XXXX5926,ACTIVE,928.81
MCH7366,"Shetty, Pa11 And Pi11Ay",5699,Apparel & Clothing,Partnership,Delhi,Delhi,2024-01-14 00:00:00,,ACTIVE,
MCH6947,Sen Llc,5912,Pharmacies & Healthcare,Individual,Hyderabad,Telangana,2025-05-29 00:00:00,0155753762,ACTIVE,820.37
MCH2157,"Ramaswamy, Sundaram And Sachdev",4131,Transportation,Individual,Hyderabad,Telangana,2023-05-25 00:00:00,,ACTIVE,1899.0
MCH2829,Narain Ltd,5999,Miscellaneous Retail,Sole Proprietorship,Bengaluru,Karnataka,2023-02-15 14:46:04,,ACTIVE,1912.36
MCH9237,Gokhale Inc,5912,Pharmacies & Healthcare,Private Limited,Ldh,Punjab,2025-09-28 00:00:00,LPZT4038353121229,ACTIVE,1901.54
MCH6832,"Chaudry, Barman And Patla",5812,Restaurants & Dining,Sole Proprietorship,Lucknow,Uttar Pradesh,2024-09-03 00:00:00,3762925357,INACTIVE,617.14
MCH6512,"Sagar, Deep And Rao",4814,Telecommunication Services,Sole Proprietorship,Hyderabad,Telangana,2025-01-11 00:00:00,1702999144,ACTIVE,
MCH1630,Yogi-Agate,5942,Books & Stationery,Partnership,Kolkata,West Bengal,2023-10-31 00:00:00,XXXX1041,ACTIVE,444.27
MCH4191,"Mangal, Seshadri And Kakar",5699,Apparel & Clothing,Private Limited,Pune,Maharashtra,2024-01-26 00:00:00,,ACTIVE,1192.21
MCH6854,Singh-Pandya,5942,Books & Stationery,Partnership,Amritsar,Punjab,2023-07-22 14:48:37,,ACTIVE,353.0
MCH3893,Dhingra-Chaudhuri,5912,Pharmacies & Healthcare,Sole Proprietorship,Chennai,Tamil Nadu,2025-08-03 00:00:00,XXXX2466,ACTIVE,2445.5
MCH9728,"Dass, Sengupta And Halder",5411,Grocery Stores,Sole Proprietorship,Chennai,Tamil Nadu,2024-10-29 12:12:00,,ACTIVE,6287.55
MCH7951,Peri Group,7011,Hotels & Lodging,Sole Proprietorship,Jaipur,Rajasthan,2024-02-21 00:00:00,,ACTIVE,981.55
MCH9979,"Bandi, Gupta And Sarma",4131,Transportation,Private Limited,Ludhiana,Punjab,2023-04-13 00:00:00,,SUSPENDED,979.52
MCH9514,Prakash Gr0Up,5912,Pharmacies & Healthcare,Partnership,Lucknow,Uttar Pradesh,2024-10-06 00:00:00,XXXX7878,INACTIVE,2338.36
MCH1540,Mohan-Hegde,5912,Pharmacies & Healthcare,Individual,Mumbay,Maharashtra,2023-02-15 20:52:03,,INACTIVE,2002.37
MCH8838,"Kala, Sidhu And Kuruvilla",5912,Pharmacies & Healthcare,Partnership,Chennai,Tamil Nadu,2023-02-11 00:00:00,,INACTIVE,593.62
MCH5980,Misra-Ganguly,4131,Transportation,Individual,Kolkata,West Bengal,2025-08-13 00:00:00,XXXX2799,ACTIVE,2762.0
MCH9128,"Vig, Menon And Prabhakar",5942,Books & Stationery,Sole Proprietorship,Delhi,Delhi,2023-08-30 06:57:00,ROAG7230893964425,ACTIVE,594.0
MCH4781,Pillai Group,5999,Miscellaneous Retail,Individual,Jalandhar,Punjab,2023-03-20 00:00:00,,ACTIVE,541.83
MCH8545,Taneja And Sons,5411,Grocery Stores,Private Limited,Jaipur,Rajasthan,2025-07-06 00:00:00,,ACTIVE,1926.0
MCH9584,Kakar Plc,5812,Restaurants & Dining,Individual,Pune,Maharashtra,2024-05-13 06:31:00,FJCP5342966624704,INACTIVE,653.19
MCH8048,"Kaul, Master And Deo",4814,Telecommunication Services,Individual,Hyderabad,Telangana,2025-02-15 00:00:00,XXXX6691,ACTIVE,2683.93
MCH9803,Rastogi Ltd,5942,Books & Stationery,Partnership,Jaipur,Rajasthan,2025-01-29 05:08:38,,ACTIVE,3135.89
MCH6361,"Saran, Dhar And Chaudhry",7011,Hotels & Lodging,Sole Proprietorship,Delhi,Delhi,2023-04-18 22:29:15,9705258117,ACTIVE,701.89
MCH5594,Anne Ltd,4814,Telecommunication Services,Private Limited,Hyderabad,Telangana,2024-03-16 00:00:00,7934234539,ACTIVE,1557.37
MCH7279,Das Plc,5999,Miscellaneous Retail,Partnership,Jaipur,Rajasthan,,WTVS1342257023005,ACTIVE,1157.26
MCH9609,"Taneja, Parsa And Chaudhry",4814,Telecommunication Services,Private Limited,Mumbai,Maharashtra,2024-09-15 00:00:00,,ACTIVE,501.49
MCH2753,"Karan, Ganguly And Desai",5999,Miscellaneous Retail,Private Limited,Amritsar,Punjab,2023-03-31 00:00:00,,ACTIVE,1254.6
MCH1380,Mahal-Khare,5999,Miscellaneous Retail,Private Limited,Mumbai,Maharashtra,2025-02-23 00:44:00,TLPQ4078335945068,ACTIVE,3004.0
MCH5898,Virk-Mani,5699,Apparel & Clothing,Partnership,Delhi,Delhi,2025-08-23 00:00:00,1987474945,ACTIVE,2502.05
MCH5900,Sarraf-Nagar,5912,Pharmacies & Healthcare,Sole Proprietorship,Kolkata,West Bengal,2024-03-23 06:41:25,0859371893,ACTIVE,380.94
MCH6718,Chaudry-Ramachandran,4814,Telecommunication Services,Individual,Lucknow,Uttar Pradesh,2024-07-19 00:00:00,XXXX5658,ACTIVE,1635.83
MCH9002,Manne Ltd,5311,Department Stores,Partnership,Amritsar,Punjab,2023-04-11 00:00:00,XXXX2471,ACTIVE,2336.66
MCH9732,Pal-Kaur,5699,Apparel & Clothing,Individual,Jalandhar,Punjab,2023-06-25 00:00:00,2545195064,ACTIVE,1508.45
MCH4706,Ghosh-Tailor,5912,Pharmacies & Healthcare,Partnership,Chennai,Tamil Nadu,2025-07-17 00:00:00,,ACTIVE,418.32
MCH3219,Aggarwal Group,5311,Department Stores,Partnership,Lucknow,Uttar Pradesh,2025-08-29 00:00:00,RNPG2912069741191,ACTIVE,1058.64
MCH4330,"Viswanathan, Morar And Barad",4131,Transportation,Individual,Jalandhar,Punjab,2023-04-10 00:00:00,,ACTIVE,151.73
MCH2842,Anne Ltd,5699,Apparel & Clothing,Partnership,Delhi,Delhi,2023-03-04 00:00:00,,ACTIVE,1642.14
MCH2684,Barad-Jaggi,5942,Books & Stationery,Sole Proprietorship,Delhi,Delhi,2024-04-13 01:13:00,VFSV6228720846838,ACTIVE,518.0
MCH4223,"Bajwa, Khurana And Sinha",5999,Miscellaneous Retail,Sole Proprietorship,Bengaluru,Karnataka,2025-03-15 00:00:00,,ACTIVE,585.1
MCH2596,Vasa Plc,4131,Transportation,Sole Proprietorship,Hyderabad,Telangana,2025-08-20 22:49:00,,ACTIVE,2736.9
MCH5785,Vohra Inc,5699,Apparel & Clothing,Partnership,Mumbai,Maharashtra,2023-06-25 00:00:00,6460565959,ACTIVE,1694.59
MCH5567,"Kibe, Halder And Saraf",5912,Pharmacies & Healthcare,Sole Proprietorship,Bengaluru,Karnataka,2023-01-28 02:44:29,IXRG4736294294938,ACTIVE,1983.35
MCH9835,Mahajan-Pingle,7011,Hotels & Lodging,Private Limited,Jaipur,Rajasthan,2025-09-22 00:00:00,,ACTIVE,2477.71
MCH8435,Bajwa-Sandhu,5699,Apparel & Clothing,Individual,Jaipur,Rajasthan,2024-08-11 00:00:00,XRHA7493996842867,ACTIVE,5825.04
MCH3739,Murty Ltd,5311,Department Stores,Private Limited,Chennai,Tamil Nadu,2025-09-15 00:00:00,XXXX2052,ACTIVE,571.15
MCH9291,"Mukhopadhyay, Dua And Dada",5699,Apparel & Clothing,Sole Proprietorship,Delhi,Delhi,2023-12-24 00:00:00,4794994318,ACTIVE,875.0
MCH9152,Kara-Parikh,4814,Telecommunication Services,Sole Proprietorship,Lucknow,Uttar Pradesh,2024-12-01 00:00:00,,ACTIVE,5009.29
MCH2020,Prabhu-Kar,5699,Apparel & Clothing,Private Limited,Jalandhar,Punjab,2025-03-15 21:17:00,XXXX1985,SUSPENDED,2649.5
MCH7712,Sehgal Ltd,5411,Grocery Stores,Partnership,Lucknow,Uttar Pradesh,,XXXX7167,ACTIVE,2215.59
MCH2310,Char-Singhal,5942,Books & Stationery,Individual,Jaipur,Rajasthan,2025-09-08 00:00:00,,ACTIVE,1253.77
MCH7839,Mahajan-Bhasin,5699,Apparel & Clothing,Partnership,Amritsar,Punjab,2023-06-03 00:00:00,XXXX8814,ACTIVE,4413.06
MCH2032,"Doshi, Sur And Sarna",5812,Restaurants & Dining,Private Limited,Pune,Maharashtra,2023-07-15 00:00:00,,ACTIVE,771.07
MCH1788,"Dass, Rajagopal And Madan",4814,Telecommunication Services,Private Limited,Pune,Maharashtra,2024-12-11 00:00:00,,SUSPENDED,1479.46
MCH1044,"Jha, Salvi And Setty",5311,Department Stores,Partnership,Hyderabad,Telangana,2024-10-28 00:00:00,VZSQ7155957356020,ACTIVE,1084.93
MCH5753,Zachariah-Rai,5812,Restaurants & Dining,Private Limited,Hyderabad,Telangana,2023-12-01 00:00:00,,ACTIVE,3163.49
MCH4249,"Narasimhan, Natt And Chada",7011,Hotels & Lodging,Sole Proprietorship,Pune,Maharashtra,2023-12-28 07:11:47,8565095769,ACTIVE,1048.88
MCH9764,More-Bhavsar,5912,Pharmacies & Healthcare,Sole Proprietorship,Pune,Maharashtra,2024-09-06 22:28:13,XXXX9274,ACTIVE,3514.68
MCH5587,"Parmar,Bobalandbatra",5912,Pharmacies & Healthcare,Private Limited,Bengaluru,Karnataka,2024-06-25 00:00:00,,ACTIVE,996.25
MCH9354,"Srinivasan, Bhargava And Sathe",7011,Hotels & Lodging,Private Limited,Pune,Maharashtra,2025-12-26 03:14:06,MCIS2962837592027,ACTIVE,272.4
MCH3024,Kade-Bhatia,5812,Restaurants & Dining,Partnership,Delhi,Delhi,2025-09-22 17:31:43,,ACTIVE,2093.0
MCH8137,G0Pa1-Mahajan,4131,Transportation,Partnership,Bengaluru,Karnataka,2024-01-30 00:00:00,XXXX2908,ACTIVE,561.1
MCH8741,Swaminathan-Kakar,4814,Telecommunication Services,Sole Proprietorship,Kolkata,West Bengal,2024-08-17 15:49:00,7135208273,ACTIVE,8897.16
MCH6352,Chadhagroup,5411,Grocery Stores,Private Limited,Chennai,Tamil Nadu,2024-05-19 14:55:03,QWFC2198127321151,SUSPENDED,419.41
MCH8436,Kapoor Inc,7011,Hotels & Lodging,Individual,Bengaluru,Karnataka,2025-07-27 00:00:00,4749660100,ACTIVE,7117.0
MCH2579,More Inc,5942,Books & Stationery,Partnership,Jaipur,Rajasthan,2024-06-05 00:00:00,,ACTIVE,4068.74
MCH8919,Parmar Ltd,4131,Transportation,Private Limited,Bengaluru,Karnataka,2023-12-24 00:00:00,,ACTIVE,2228.63
MCH9927,"Lall, Bali And Varughese",5812,Restaurants & Dining,Sole Proprietorship,Lucknow,Uttar Pradesh,2025-12-09 00:00:00,IDZP0771497763313,ACTIVE,1410.0
MCH4643,Barad And Sons,5942,Books & Stationery,Individual,Ludhiana,Punjab,2025-05-18 00:00:00,5063903908,SUSPENDED,3490.79
MCH3596,"S01Anki, Singha1 And S0Man",5699,Apparel & Clothing,Individual,Jaipur,Rajasthan,2023-04-03 00:00:00,,INACTIVE,330.41
MCH2411,Saraf-Gola,4131,Transportation,Individual,Jaipur,Rajasthan,2023-02-09 06:15:13,,ACTIVE,2300.71
MCH1722,Patel-Warrior,7011,Hotels & Lodging,Individual,Kolkata,West Bengal,2025-03-15 00:00:00,XXXX3839,ACTIVE,420.0
MCH6328,"Ray, Pandit And Bala",4814,Telecommunication Services,Private Limited,Chennai,Tamil Nadu,2025-11-27 00:31:00,GCWI4729638964155,ACTIVE,644.89
MCH3268,Kadakia-Rajan,5699,Apparel & Clothing,Sole Proprietorship,Pune,Maharashtra,2024-11-16 14:24:23,,ACTIVE,2055.32
MCH4030,Nayar Plc,5942,Books & Stationery,Private Limited,Amritsar,Punjab,2023-02-08 19:27:00,,ACTIVE,1079.32
MCH3925,Rana-Sehga1,5912,Pharmacies & Healthcare,Individual,Chennai,Tamil Nadu,,IFJH9817043350326,ON_HOLD,1111.78
MCH1626,"Pau, Iyengar And Khare",5999,Miscellaneous Retail,Sole Proprietorship,Delhi,Delhi,2025-07-12 00:00:00,XXXX6353,ACTIVE,550.42
MCH1272,Garg Inc,4131,Transportation,Partnership,Jaipur,Rajasthan,2023-05-28 22:37:00,7553237450,ACTIVE,549.87
MCH9897,Modi Plc,5699,Apparel & Clothing,Individual,Delhi,Delhi,2023-06-01 00:00:00,,ACTIVE,1453.4
MCH6670,Sawhney Inc,5411,Grocery Stores,Individual,Bengaluru,Karnataka,2026-01-17 00:00:00,XXXX5717,ACTIVE,2332.15
MCH5292,Nori-Dugal,5999,Miscellaneous Retail,Sole Proprietorship,Poona,Maharashtra,,DLCF1511984552623,INACTIVE,542.0
MCH2648,Batta Llc,5999,Miscellaneous Retail,Partnership,Jaipur,Rajasthan,2024-10-10 00:00:00,,ACTIVE,416.94
MCH9114,Tiwari-0Ak,4814,Telecommunication Services,Individual,Pune,Maharashtra,2026-01-16 00:00:00,,ACTIVE,7090.63
MCH6060,Chacko-Sundaram,4131,Transportation,Individual,Jaipur,Rajasthan,2023-03-25 00:00:00,XXXX2924,INACTIVE,2026.75
MCH6100,"Pillay, Merchant And Sem",5942,Books & Stationery,Private Limited,Jalandhar,Punjab,2023-05-09 09:50:00,0672030590,ACTIVE,1374.95
MCH9866,Sane-Dar,4814,Telecommunication Services,Partnership,Lucknow,Uttar Pradesh,2024-04-11 00:00:00,,ACTIVE,910.27
MCH2627,Shanker Plc,5311,Department Stores,Individual,Lucknow,Uttar Pradesh,2024-10-16 00:00:00,0834395040,ACTIVE,427.05
MCH5722,Kant-Gara,7011,Hotels & Lodging,Partnership,Lucknow,Uttar Pradesh,2024-12-16 00:00:00,3048409027,ACTIVE,1451.76
MCH7558,Nair-Tandon,7011,Hotels & Lodging,Individual,Delhi,Delhi,2025-09-24 00:00:00,WDIO8859498666425,ACTIVE,2209.65
MCH1429,Pal Ltd,5411,Grocery Stores,Individual,Jaipur,Rajasthan,2024-10-13 00:00:00,YBSQ5701995451285,ACTIVE,258.0
MCH3847,Nair Plc,5311,Department Stores,Sole Proprietorship,Poona,Maharashtra,,,ACTIVE,660.47
MCH8529,Pradhan Plc,5942,Books & Stationery,Sole Proprietorship,Delhi,Delhi,2025-07-13 03:13:00,,ACTIVE,476.91
MCH9623,Mangat Plc,4814,Telecommunication Services,Sole Proprietorship,Lucknow,Uttar Pradesh,2024-03-26 15:39:33,,ACTIVE,457.6
MCH2287,Baral Inc,5912,Pharmacies & Healthcare,Individual,Delhi,Delhi,2025-11-06 00:00:00,,ACTIVE,920.82
MCH6677,"Deshmukh, Choudhry And Lad",5912,Pharmacies & Healthcare,Private Limited,Jalandhar,Punjab,2024-12-05 00:00:00,,INACTIVE,2949.0
MCH2417,"Reddy, Patel And Manda",5912,Pharmacies & Healthcare,Individual,Bengaluru,Karnataka,2025-03-13 00:00:00,XXXX5551,ACTIVE,1553.29
MCH3289,Tripathi-Mandal,4814,Telecommunication Services,Individual,Chennai,Tamil Nadu,2024-12-29 00:00:00,XXXX2012,ACTIVE,1368.37
MCH2601,"Mangal, Lalla And Desai",4131,Transportation,Private Limited,Ludhiana,Punjab,2025-02-19 00:00:00,XXXX7238,ACTIVE,1601.46
MCH5287,Sachdeva Plc,4131,Transportation,Partnership,Hyderabad,Telangana,2024-02-06 00:00:00,XXXX8293,ACTIVE,823.34
MCH8024,Banik Plc,5411,Grocery Stores,Individual,Jalandhar,Punjab,2026-02-02 22:13:43,OAOZ8994715452448,ACTIVE,1100.96
MCH4476,Parikh Group,5912,Pharmacies & Healthcare,Partnership,Kolkata,West Bengal,2025-09-10 00:24:37,,ACTIVE,
MCH4738,Jha Plc,5999,Miscellaneous Retail,Sole Proprietorship,Bengaluru,Karnataka,2024-05-24 22:20:53,,INACTIVE,1636.42
MCH7849,Lal-Wagle,5311,Department Stores,Sole Proprietorship,Jaipur,Rajasthan,2025-12-02 16:31:00,XXXX0377,ACTIVE,4061.65
MCH5801,"Narasimhan, Grewal And Vora",4131,Transportation,Private Limited,Delhi,Delhi,2023-08-08 00:00:00,,ACTIVE,1697.55
MCH8775,Bakshi-Shah,5699,Apparel & Clothing,Partnership,Delhi,Delhi,2025-07-09 07:17:12,,ACTIVE,480.13
MCH5114,Lal Group,5411,Grocery Stores,Private Limited,Bengaluru,Karnataka,2024-06-23 01:46:15,XXXX3035,ACTIVE,1143.5
MCH5999,Nori Inc,5999,Miscellaneous Retail,Private Limited,Jalandhar,Punjab,2026-01-02 22:34:56,XXXX4498,ACTIVE,629.41
MCH1726,Raja And Sons,4131,Transportation,Private Limited,Delhi,Delhi,2025-12-13 00:00:00,,ACTIVE,639.24
MCH8910,"Sinha, Sen And Mander",4814,Telecommunication Services,Private Limited,Delhi,Delhi,2023-01-09 00:00:00,,ACTIVE,
MCH6296,"Goyal, Vora And Loke",5411,Grocery Stores,Private Limited,Lucknow,Uttar Pradesh,,,ACTIVE,538.0
MCH3431,Ghosh And Sons,5812,Restaurants & Dining,Sole Proprietorship,Mumbai,Maharashtra,2025-11-24 00:00:00,LTDQ5015892785519,SUSPENDED,1904.92
MCH2696,"Dave, Chaudhari And Bhatti",5411,Grocery Stores,Individual,Delhi,Delhi,2024-11-25 00:00:00,XXXX0248,ACTIVE,9658.06
MCH3244,Murthy Group,5912,Pharmacies & Healthcare,Private Limited,Jalandhar,Punjab,2025-03-07 05:29:26,,ACTIVE,3366.47
MCH1887,Peri Inc,5311,Department Stores,Private Limited,Bengaluru,Karnataka,2023-02-26 00:00:00,,ACTIVE,2706.7
MCH2186,Venkatesh And Sons,5912,Pharmacies & Healthcare,Sole Proprietorship,Lucknow,Uttar Pradesh,2025-11-23 00:00:00,,ACTIVE,661.82
MCH3725,Balan Inc,5912,Pharmacies & Healthcare,Sole Proprietorship,Kolkata,West Bengal,2024-04-10 18:42:00,XXXX4682,ACTIVE,2579.6
MCH1222,Dass-Dugar,5411,Grocery Stores,Sole Proprietorship,Kolkata,West Bengal,2023-11-07 18:19:21,,ACTIVE,
MCH8174,"Banerjee, Brahmbhatt And Dave",7011,Hotels & Lodging,Individual,Jaipur,Rajasthan,2024-09-09 00:00:00,XXXX7104,ACTIVE,
MCH6465,Mody Ltd,5699,Apparel & Clothing,Sole Proprietorship,Chennai,Tamil Nadu,2025-03-01 00:00:00,,ON_HOLD,307.0
MCH7201,"Patil, Mahajan And Issac",5999,Miscellaneous Retail,Private Limited,Mumbai,Maharashtra,2025-03-16 00:00:00,0796859598,ACTIVE,282.54
MCH4958,Saini Llc,4131,Transportation,Private Limited,Hyderabad,Telangana,2023-06-24 00:00:00,,ACTIVE,440.09
MCH2169,"Munshi, Srinivas And Ramanathan",5942,Books & Stationery,Partnership,Chennai,Tamil Nadu,2024-07-09 00:00:00,,ACTIVE,351.61
MCH8692,Singhal-Mane,5999,Miscellaneous Retail,Partnership,Jalandhar,Punjab,2025-07-24 00:00:00,1479687132,ACTIVE,1884.81
MCH5312,Choudhary Inc,5411,Grocery Stores,Partnership,Kolkata,West Bengal,2023-07-27 00:00:00,,ACTIVE,1438.2
MCH2299,Ahluwalia Inc,4131,Transportation,Partnership,Ludhiana,Punjab,2024-02-12 23:31:00,,ACTIVE,2936.54
MCH3880,Sankaran-M0Dy,4131,Transportation,Sole Proprietorship,Hyderabad,Telangana,2026-02-26 18:34:00,XXXX4851,ACTIVE,794.44
MCH1101,Mangal Inc,5912,Pharmacies & Healthcare,Individual,Chennai,Tamil Nadu,2023-06-19 00:00:00,XXXX7862,ACTIVE,2025.16
MCH1292,Gera-Nayak,7011,Hotels & Lodging,Sole Proprietorship,Chennai,Tamil Nadu,2023-09-25 00:00:00,,ACTIVE,267.0
MCH8104,Chacko Group,7011,Hotels & Lodging,Private Limited,Bengaluru,Karnataka,2024-01-02 09:22:31,4591497253,ACTIVE,
MCH9640,Basu Group,5311,Department Stores,Sole Proprietorship,Bengaluru,Karnataka,2025-05-21 00:00:00,,ACTIVE,8379.99
MCH2445,Khare-Sane,5999,Miscellaneous Retail,Sole Proprietorship,Jaipur,Rajasthan,2023-12-05 19:25:57,3925528828,ACTIVE,6063.97
MCH9185,Om Ltd,5812,Restaurants & Dining,Partnership,Kolkata,West Bengal,2025-09-22 00:00:00,RKEJ2980134292377,INACTIVE,311.59
MCH1133,Shere Ltd,5912,Pharmacies & Healthcare,Partnership,Bengaluru,Karnataka,2025-10-06 00:00:00,,ACTIVE,11501.53
MCH7411,"Bhasin, Soman And Savant",4814,Telecommunication Services,Sole Proprietorship,Chennai,Tamil Nadu,,,ACTIVE,2298.88
MCH6101,Rout-Barman,5812,Restaurants & Dining,Sole Proprietorship,Kolkata,West Bengal,2024-10-11 00:00:00,,ACTIVE,2918.42
MCH9290,"Gole, Viswanathan And Brahmbhatt",7011,Hotels & Lodging,Partnership,Ldh,Punjab,,,INACTIVE,1704.51
MCH8926,Roy-Nagarajan,5699,Apparel & Clothing,Sole Proprietorship,Pune,Maharashtra,2023-11-05 05:53:00,,INACTIVE,217.41
MCH7829,Hora Ltd,4131,Transportation,Partnership,Jaipur,Rajasthan,2025-05-06 00:00:00,XXXX7292,ACTIVE,422.0
MCH9523,"Tank, Uppal And Malhotra",5912,Pharmacies & Healthcare,Partnership,Pune,Maharashtra,2025-10-25 00:00:00,,ACTIVE,5060.01
MCH5493,"Choudhury, Nayak And Hayer",5699,Apparel & Clothing,Individual,Jalandhar,Punjab,,CMBW9456641489708,ACTIVE,954.13
MCH7295,Palan-Ray,7011,Hotels & Lodging,Partnership,Bengaluru,Karnataka,2023-02-02 10:44:00,,ACTIVE,1161.77
MCH1628,"Rao, Buch And Kala",5912,Pharmacies & Healthcare,Individual,Lucknow,Uttar Pradesh,2025-01-08 16:04:25,,ACTIVE,789.95
MCH4416,Raju And S0Ns,5999,Miscellaneous Retail,Individual,Bengaluru,Karnataka,2025-04-10 00:00:00,6909361511,INACTIVE,3955.0
MCH5021,Dora Group,7011,Hotels & Lodging,Partnership,Jaipur,Rajasthan,2024-01-10 00:00:00,2704643767,ACTIVE,843.0
MCH4687,Goel Llc,5942,Books & Stationery,Individual,Lucknow,Uttar Pradesh,2023-01-30 00:00:00,BTTJ6615272024781,ACTIVE,820.0
MCH4284,Chawla Llc,4131,Transportation,Sole Proprietorship,Ldh,Punjab,2026-02-13 00:00:00,XXXX7941,ACTIVE,385.0
MCH8518,Srivastava-Parsa,5699,Apparel & Clothing,Individual,Jaipur,Rajasthan,2024-09-11 00:00:00,,ACTIVE,191.84
MCH9753,Chowdhury And Sons,4814,Telecommunication Services,Individual,Mumbai,Maharashtra,2023-06-07 13:36:00,XRQC4173107226583,ACTIVE,559.33
MCH2951,"Thakur, Subramaniam And Agrawal",7011,Hotels & Lodging,Partnership,Mumbai,Maharashtra,2026-06-02 00:00:00,0506591392,ACTIVE,3115.69
MCH8878,Kashyap-Behl,7011,Hotels & Lodging,Sole Proprietorship,Kolkata,West Bengal,2023-07-21 00:00:00,,ACTIVE,228.35
MCH1136,"Bahri, Kanda And Seth",5942,Books & Stationery,Private Limited,Chennai,Tamil Nadu,2023-07-17 00:00:00,XXXX4885,ACTIVE,896.84
MCH1665,Salvi Group,5699,Apparel & Clothing,Individual,Bengaluru,Karnataka,2025-11-30 00:00:00,KSUI6181238646481,ACTIVE,946.53
MCH2742,"Vasa, Devan And Tandon",5699,Apparel & Clothing,Individual,Mumbay,Maharashtra,2023-11-13 00:00:00,XXXX3213,ACTIVE,541.72
MCH4888,Saha-Jani,4814,Telecommunication Services,Sole Proprietorship,Ludhiana,Punjab,2025-11-20 00:00:00,,ACTIVE,308.77
MCH8422,Kakar-Bera,5699,Apparel & Clothing,Sole Proprietorship,Amritsar,Punjab,2025-10-03 00:00:00,XXXX1336,ACTIVE,661.76
MCH7113,"Jain,Bhattiandsha",5942,Books & Stationery,Partnership,Chennai,Tamil Nadu,2025-07-30 15:17:22,XXXX9585,SUSPENDED,1921.99
MCH5023,Chatterjee-Kalla,5912,Pharmacies & Healthcare,Partnership,Mumbai,Maharashtra,2024-12-31 00:00:00,XXXX9987,ACTIVE,5484.78
MCH7795,Prakash Llc,4131,Transportation,Sole Proprietorship,Jaipur,Rajasthan,2025-06-28 04:41:24,,ACTIVE,956.79
MCH3980,Chadha-Raval,5699,Apparel & Clothing,Partnership,Bengaluru,Karnataka,2023-04-14 00:00:00,XXXX9643,ACTIVE,1323.06
MCH7356,"Divan, Rastogi And Prabhu",5942,Books & Stationery,Partnership,Lucknow,Uttar Pradesh,2025-07-22 00:00:00,8041409071,ACTIVE,306.91
MCH5451,Divan Llc,5411,Grocery Stores,Partnership,Jaipur,Rajasthan,2025-05-14 00:00:00,,ACTIVE,2492.35
MCH7252,"Krishnamurthy, Pandit And Mukherjee",5942,Books & Stationery,Sole Proprietorship,Hyderabad,Telangana,2025-08-01 00:00:00,0285621980,ACTIVE,1234.51
MCH7955,Sura Gr0Up,5812,Restaurants & Dining,Individual,Amritsar,Punjab,,FIJI5501070753851,ACTIVE,833.11
MCH2111,Dubey-Oommen,7011,Hotels & Lodging,Individual,Ludhiana,Punjab,2023-07-26 08:03:00,,ACTIVE,5111.16
MCH2370,Mutti-Sarma,5699,Apparel & Clothing,Individual,Delhi,Delhi,2024-08-03 00:00:00,,ACTIVE,6053.56
MCH6019,Chatterjee Ltd,5812,Restaurants & Dining,Private Limited,Delhi,Delhi,2026-01-25 00:00:00,UFWO7733965180914,ACTIVE,100.27
MCH5477,Mahajan Ltd,5699,Apparel & Clothing,Individual,Bengaluru,Karnataka,2025-09-01 00:00:00,CBRP2025489889025,ACTIVE,3690.89
MCH9460,"Oza, Balakrishnan And Kapoor",5942,Books & Stationery,Individual,Chennai,Tamil Nadu,,XXXX5842,ACTIVE,481.26
MCH7737,"Sarma, Tripathi And Chandra",4131,Transportation,Sole Proprietorship,Mumbai,Maharashtra,2023-09-19 00:00:00,9889598730,ACTIVE,1625.72
MCH7985,"Ba1Ay, Mammen And Raman",5812,Restaurants & Dining,Partnership,Lucknow,Uttar Pradesh,2023-12-16 19:17:00,,ACTIVE,2429.67
MCH2613,"Grewal, Gade And Bhattacharyya",4814,Telecommunication Services,Private Limited,Kolkata,West Bengal,2023-06-04 01:02:27,,ON_HOLD,1066.15
MCH4424,"Date, Soman And Lall",5311,Department Stores,Private Limited,Chennai,Tamil Nadu,2024-02-01 22:21:10,GBLD6739471452450,ACTIVE,410.17
MCH7353,"Tara, Rajag0Pa1An And Ramanathan",5311,Department Stores,Partnership,Mumbai,Maharashtra,2024-10-16 00:00:00,6926383860,ACTIVE,840.14
MCH3203,Randhawa-Pant,5311,Department Stores,Partnership,Jaipur,Rajasthan,2024-12-16 07:20:41,XXXX9443,ACTIVE,
MCH4669,"Sidhu, Subramanian And Chakraborty",7011,Hotels & Lodging,Private Limited,Bengaluru,Karnataka,2023-03-20 14:14:52,,ACTIVE,
MCH4478,Shenoy Inc,4131,Transportation,Private Limited,Pune,Maharashtra,2024-04-19 20:17:16,,ACTIVE,3749.72
MCH2801,"Khurana, Oza And Divan",4814,Telecommunication Services,Private Limited,Delhi,Delhi,2025-10-14 00:00:00,,ACTIVE,406.76
MCH8972,Vig Inc,5411,Grocery Stores,Partnership,Kolkata,West Bengal,2024-08-17 00:00:00,,ACTIVE,835.08
MCH7982,De0 Ltd,5311,Department Stores,Partnership,Ldh,Punjab,2023-01-14 04:48:22,KDBH6204467913349,ACTIVE,579.0
MCH6069,Krish-Joshi,5699,Apparel & Clothing,Private Limited,Amritsar,Punjab,2024-07-30 00:00:00,XXXX1701,ACTIVE,252.19
MCH6650,Reddy Llc,5411,Grocery Stores,Sole Proprietorship,Pune,Maharashtra,2024-02-28 00:00:00,XXXX5775,ACTIVE,3251.25
MCH4209,Bahri-Kari,4131,Transportation,Individual,Jaipur,Rajasthan,2025-12-29 00:00:00,,ACTIVE,1717.86
MCH8899,Bedi And Sons,5699,Apparel & Clothing,Private Limited,Kolkata,West Bengal,2025-02-25 00:00:00,XXXX6442,SUSPENDED,
MCH8467,"Tara, Nagi And Keer",5411,Grocery Stores,Sole Proprietorship,Chennai,Tamil Nadu,2024-08-06 00:00:00,YVFX0584692360896,INACTIVE,3292.09
MCH9196,"Dani, Palla And Ramachandran",7011,Hotels & Lodging,Sole Proprietorship,Hyderabad,Telangana,2023-04-02 00:00:00,5171234438,ACTIVE,403.86
MCH3669,"Dutta, Banerjee And Saini",5999,Miscellaneous Retail,Private Limited,Lucknow,Uttar Pradesh,2024-09-03 00:00:00,9041253658,ACTIVE,2883.4
MCH9375,"Bhalla, Koshy And Sule",5942,Books & Stationery,Individual,Ldh,Punjab,2023-07-28 23:16:10,XXXX7795,INACTIVE,924.32
MCH5503,Suri Ltd,4131,Transportation,Private Limited,Kolkata,West Bengal,2024-08-30 18:32:00,,ACTIVE,2446.68
MCH9386,Shankar Ltd,4131,Transportation,Individual,Amritsar,Punjab,2023-10-23 00:00:00,XXXX6796,ACTIVE,252.98
MCH1679,"Chawla, Sura And Pal",4131,Transportation,Individual,Lucknow,Uttar Pradesh,2026-01-30 14:56:48,XXXX9878,SUSPENDED,1030.0
MCH9129,"Sinha, Chauhan And Sathe",5411,Grocery Stores,Partnership,Kolkata,West Bengal,2025-07-06 00:00:00,VXNZ5598805748177,ACTIVE,914.12
MCH9234,"Jhaveri, Chandran And Shukla",7011,Hotels & Lodging,Partnership,Lucknow,Uttar Pradesh,2024-07-26 00:00:00,XXXX3221,ACTIVE,762.04
MCH5108,Bora Llc,5411,Grocery Stores,Private Limited,Jalandhar,Punjab,2025-03-16 12:39:17,DLNH5334244521006,ACTIVE,
MCH7983,Karpe-Raval,5311,Department Stores,Individual,Lucknow,Uttar Pradesh,2024-01-11 00:00:00,XXXX7464,ACTIVE,3843.3
MCH1744,"Mani, Tara And Mane",4131,Transportation,Sole Proprietorship,Ludhiana,Punjab,2023-03-20 16:42:33,,INACTIVE,466.22
MCH2442,Gole Plc,5812,Restaurants & Dining,Partnership,Mumbai,Maharashtra,2024-08-28 00:00:00,7767111670,ACTIVE,625.13
MCH9050,Bali Ltd,4131,Transportation,Individual,Jalandhar,Punjab,2025-01-06 00:00:00,8040024958,SUSPENDED,847.23
MCH1211,"Munshi, Pai And Sibal",5311,Department Stores,Sole Proprietorship,Delhi,Delhi,2023-01-04 00:00:00,NHYW6672789857023,ACTIVE,296.16
MCH7779,"Mane, Bassi And Samra",5699,Apparel & Clothing,Partnership,Lucknow,Uttar Pradesh,2024-12-12 19:16:00,UAHK2726212156650,ACTIVE,
MCH7341,Varughese Inc,7011,Hotels & Lodging,Partnership,Kolkata,West Bengal,2023-04-24 02:30:00,,ACTIVE,3711.54
MCH2636,Rau Plc,5311,Department Stores,Partnership,Delhi,Delhi,2024-04-06 14:07:44,,ACTIVE,5739.27
MCH5433,Subramanian Plc,5699,Apparel & Clothing,Partnership,Ldh,Punjab,2024-07-06 19:30:00,XXXX5051,ACTIVE,673.68
MCH6010,"Tak, Sani And Jaggi",5912,Pharmacies & Healthcare,Individual,Jaipur,Rajasthan,2024-01-20 00:00:00,TXCH9949373918886,ACTIVE,1022.54
MCH3810,Mallick-Lall,5411,Grocery Stores,Private Limited,Lucknow,Uttar Pradesh,2025-07-12 00:00:00,XXXX7137,SUSPENDED,630.92
MCH9478,"Desai, Borah And Dugar",5999,Miscellaneous Retail,Private Limited,Kolkata,West Bengal,,,SUSPENDED,1333.54
MCH5741,Uppal Group,5942,Books & Stationery,Individual,Mumbai,Maharashtra,2023-05-30 00:00:00,SZOY5586957641724,ACTIVE,
MCH2551,Nagarajan And Sons,5812,Restaurants & Dining,Sole Proprietorship,Bengaluru,Karnataka,,NFIY9606847093350,ACTIVE,7900.0
MCH7202,Uppal Plc,4131,Transportation,Individual,Jaipur,Rajasthan,2023-03-01 00:00:00,INKB4884883910397,INACTIVE,1350.11
MCH1445,Wali Plc,5411,Grocery Stores,Sole Proprietorship,Hyderabad,Telangana,2023-11-09 17:23:59,8128323198,ACTIVE,1200.0
MCH1551,Malhotra-Subramanian,5812,Restaurants & Dining,Partnership,Pune,Maharashtra,2024-06-13 00:00:00,,ACTIVE,1909.07
MCH2356,"Vyas, Chhabra And Kala",7011,Hotels & Lodging,Private Limited,Chennai,Tamil Nadu,2024-08-07 00:00:00,,ACTIVE,2064.97
MCH6090,Nigam-Balakrishnan,5942,Books & Stationery,Partnership,Jalandhar,Punjab,2024-07-14 00:00:00,KPZR0795458662994,ACTIVE,3151.0
MCH9762,Kara Llc,5999,Miscellaneous Retail,Individual,Delhi,Delhi,,9982880458,ACTIVE,413.17
MCH6603,Atwal Plc,7011,Hotels & Lodging,Sole Proprietorship,Jaipur,Rajasthan,2024-08-20 00:00:00,GWCP5106034968553,ACTIVE,694.88
MCH6176,"Tandon, Badal And Natarajan",4131,Transportation,Private Limited,Hyderabad,Telangana,2025-12-10 00:00:00,XXXX9488,ACTIVE,2925.84
MCH4685,Mukhopadhyay-Cheema,5942,Books & Stationery,Private Limited,Chennai,Tamil Nadu,2023-07-22 11:31:48,3857368814,SUSPENDED,
MCH2738,Yadav Group,5999,Miscellaneous Retail,Individual,Pune,Maharashtra,2024-11-03 22:47:58,8802607832,ACTIVE,1282.34
MCH5308,Shukla-Trivedi,5812,Restaurants & Dining,Individual,Jaipur,Rajasthan,2025-11-06 00:00:00,7037226511,ACTIVE,
MCH9338,D’Alia-Mitter,5942,Books & Stationery,Partnership,Mumbai,Maharashtra,2025-07-01 00:00:00,,ACTIVE,604.36
MCH9586,Ghose Plc,7011,Hotels & Lodging,Private Limited,Chennai,Tamil Nadu,2023-03-30 00:00:00,,ACTIVE,2522.89
MCH7282,Chopra Llc,5411,Grocery Stores,Partnership,Amritsar,Punjab,2025-12-14 09:02:00,XXXX9513,ACTIVE,1111.0
MCH9410,Sagar-Chawla,5699,Apparel & Clothing,Individual,Jalandhar,Punjab,2026-01-24 00:00:00,XXXX0534,ACTIVE,820.0
MCH5660,Goda-Goda,5812,Restaurants & Dining,Partnership,Ludhiana,Punjab,,XXXX9971,ACTIVE,1213.87
MCH6612,Sule-Pillay,5812,Restaurants & Dining,Partnership,Pune,Maharashtra,2025-09-09 00:00:00,ATSN3885757440400,ACTIVE,2010.07
MCH1250,Ben-Thaman,5411,Grocery Stores,Sole Proprietorship,Bengaluru,Karnataka,,BWCW6486975518274,SUSPENDED,1524.37
MCH6748,Sathe Inc,5411,Grocery Stores,Sole Proprietorship,Kolkata,West Bengal,2023-07-05 00:00:00,,INACTIVE,1451.17
MCH3595,"Srivastava, Merchant And Kota",5311,Department Stores,Private Limited,Ludhiana,Punjab,2025-03-01 13:32:00,3018831600,INACTIVE,1153.0
MCH5736,Agate Llc,4131,Transportation,Sole Proprietorship,Delhi,Delhi,2023-04-16 00:00:00,XXXX7731,ACTIVE,3557.14
MCH1646,Golla And Sons,5411,Grocery Stores,Individual,Mumbai,Maharashtra,2024-09-23 00:00:00,,INACTIVE,790.28
MCH1618,Muni Ltd,5812,Restaurants & Dining,Individual,Delhi,Delhi,2023-11-01 18:31:16,,ACTIVE,1051.73
MCH6446,Upadhyay-Upadhyay,5812,Restaurants & Dining,Partnership,Jalandhar,Punjab,2024-05-12 15:55:00,,ACTIVE,2923.06
MCH8164,"Devan, Basu And Buch",5812,Restaurants & Dining,Private Limited,Delhi,Delhi,2023-04-26 00:00:00,KRTZ4526793978232,ACTIVE,3036.35
MCH2786,Gola Inc,5699,Apparel & Clothing,Partnership,Chennai,Tamil Nadu,2024-12-19 14:34:15,XXXX8423,ACTIVE,576.47
MCH9861,"Mukherjee, Murthy And Jani",4131,Transportation,Private Limited,Ludhiana,Punjab,2025-06-22 00:00:00,,ACTIVE,719.77
MCH4624,"Krishnamurthy, Mandal And Luthra",5999,Miscellaneous Retail,Individual,Chennai,Tamil Nadu,2025-08-06 00:00:00,5143404041,ACTIVE,784.01
MCH1323,Dhar And Sons,5942,Books & Stationery,Partnership,Amritsar,Punjab,,BGGB6995281283064,ACTIVE,3792.9
MCH7355,"Rastogi, Ahluwalia And Tata",5311,Department Stores,Private Limited,Mumbai,Maharashtra,,XJBM2228557617179,ACTIVE,2172.0
MCH7244,Nadig-Kata,4131,Transportation,Partnership,Bengaluru,Karnataka,2024-08-02 04:15:28,1173278568,ACTIVE,1686.67
MCH2202,"Dass, Vala And Goda",5912,Pharmacies & Healthcare,Private Limited,Hyderabad,Telangana,2023-06-19 00:00:00,EGTB4563622891580,ON_HOLD,1191.83
MCH4651,Bhat-Kamdar,5999,Miscellaneous Retail,Sole Proprietorship,Hyderabad,Telangana,2024-06-05 00:00:00,9030856078,ACTIVE,718.3
MCH8014,Mukherjee Inc,5912,Pharmacies & Healthcare,Sole Proprietorship,Jaipur,Rajasthan,2026-01-25 00:00:00,,ACTIVE,702.0
MCH3726,Varughese Plc,4814,Telecommunication Services,Individual,Lucknow,Uttar Pradesh,2024-11-13 08:40:19,,ACTIVE,3572.06
MCH1147,Dayal-Sabharwal,4814,Telecommunication Services,Individual,Kolkata,West Bengal,2023-11-23 00:00:00,XXXX2380,INACTIVE,939.97
MCH6205,Munshi Inc,4814,Telecommunication Services,Sole Proprietorship,Ldh,Punjab,2026-01-01 00:00:00,JWPM8696907638772,ACTIVE,230.73
MCH5103,"Morar, Kannan And Purohit",7011,Hotels & Lodging,Individual,Lucknow,Uttar Pradesh,2023-11-12 00:00:00,8919993904,SUSPENDED,
MCH6474,Dewan-Khatri,4131,Transportation,Partnership,Lucknow,Uttar Pradesh,2023-02-09 22:28:51,,ACTIVE,231.31
MCH1001,Anand-Kothari,5411,Grocery Stores,Partnership,Pune,Maharashtra,2026-02-17 06:54:00,7962506762,ACTIVE,332.55
MCH8805,Bose Inc,5699,Apparel & Clothing,Individual,Ldh,Punjab,2024-10-07 00:00:00,,ACTIVE,6022.98
MCH2841,"Memon, Samra And Rajagopal",5942,Books & Stationery,Sole Proprietorship,Mumbai,Maharashtra,2024-06-13 00:00:00,,ACTIVE,
MCH6365,Bora-Sood,5311,Department Stores,Individual,Pune,Maharashtra,2025-06-28 00:00:00,,ACTIVE,3013.41
MCH3459,Nagi-Saini,4814,Telecommunication Services,Sole Proprietorship,Hyderabad,Telangana,2023-09-03 00:00:00,CIPH7138178222112,ACTIVE,2617.26
MCH9148,Venkatesh And Sons,7011,Hotels & Lodging,Sole Proprietorship,Hyderabad,Telangana,2023-07-16 21:32:00,XXXX2774,ACTIVE,503.0
MCH2600,Prabhakar And Sons,5699,Apparel & Clothing,Partnership,Kolkata,West Bengal,2024-12-17 20:12:43,1873277155,ACTIVE,1712.51
MCH1079,Sharaf And Sons,4814,Telecommunication Services,Sole Proprietorship,Poona,Maharashtra,2023-10-20 00:00:00,,ACTIVE,455.39
MCH7047,Batta-Bhavsar,4814,Telecommunication Services,Individual,Lucknow,Uttar Pradesh,,DJKB0646172113081,ACTIVE,691.03
MCH7028,"Mohanty, Ray And Prabhu",5942,Books & Stationery,Individual,Hyderabad,Telangana,2024-03-22 00:00:00,,ACTIVE,174.0
MCH5050,Subramanian-Dua,5942,Books & Stationery,Partnership,Pune,Maharashtra,2025-08-28 14:42:57,,ACTIVE,1506.0
MCH1516,Loyal And Sons,5999,Miscellaneous Retail,Private Limited,Ldh,Punjab,2023-12-01 14:16:00,XXXX1307,ACTIVE,1471.99
MCH2907,Varughese-Mani,5912,Pharmacies & Healthcare,Sole Proprietorship,Chennai,Tamil Nadu,2023-04-25 00:00:00,,ACTIVE,1106.0
MCH4508,Prakash Ltd,5812,Restaurants & Dining,Private Limited,Mumbai,Maharashtra,2023-12-12 16:42:00,9822144537,ON_HOLD,1744.61
MCH4627,Barman-Kashyap,5699,Apparel & Clothing,Partnership,Pune,Maharashtra,2026-01-10 00:00:00,,ACTIVE,1852.01
MCH2197,Palan-Bhatti,5311,Department Stores,Partnership,Delhi,Delhi,,YPNI1403413664050,ACTIVE,2800.25
MCH4992,Viswanathan-Pandey,7011,Hotels & Lodging,Individual,Jalandhar,Punjab,2024-02-19 00:00:00,,SUSPENDED,918.79
MCH6513,"Krishna, Deshpande And Kar",5311,Department Stores,Individual,Mumbai,Maharashtra,2025-08-13 00:00:00,XXXX3471,ACTIVE,2622.03
MCH4998,"Sura, Kanda And Chopra",5411,Grocery Stores,Partnership,Pune,Maharashtra,2023-12-11 21:39:11,6601172673,INACTIVE,2782.68
MCH7838,"Yohannan, Sethi And Khare",5812,Restaurants & Dining,Sole Proprietorship,Amritsar,Punjab,2024-03-25 00:00:00,,ACTIVE,974.3
MCH9967,Kaul Llc,5812,Restaurants & Dining,Individual,Lucknow,Uttar Pradesh,2023-12-23 00:00:00,HXGW3877013830442,ACTIVE,4200.0
MCH1580,"Subramaniam, Krishnamurthy And Din",5999,Miscellaneous Retail,Sole Proprietorship,Kolkata,West Bengal,2025-08-01 00:00:00,IDJM3876425874680,ACTIVE,2992.77
MCH9942,"Joshi,Pradhanandbawa",5311,Department Stores,Partnership,Mumbai,Maharashtra,2023-08-22 00:00:00,7937476711,ACTIVE,289.38
MCH3693,"Rajagopal, Savant And Ganesan",4814,Telecommunication Services,Individual,Jalandhar,Punjab,2025-02-26 00:00:00,XXXX6831,ACTIVE,893.17
MCH3764,Tandon And Sons,5912,Pharmacies & Healthcare,Partnership,Mumbai,Maharashtra,2025-12-30 00:00:00,,ACTIVE,3428.0
MCH2674,Nair Llc,4131,Transportation,Sole Proprietorship,Delhi,Delhi,2025-02-24 00:00:00,PQUC6680227510245,INACTIVE,396.74
MCH9542,"Buch, Singhal And Bhardwaj",5812,Restaurants & Dining,Individual,Chennai,Tamil Nadu,2023-05-01 00:00:00,ATYU2810542090525,INACTIVE,2703.0
MCH8550,Nayar Ltd,4814,Telecommunication Services,Partnership,Jalandhar,Punjab,2024-01-09 17:54:25,CEPK3792011478067,ACTIVE,1649.78
MCH2905,Goyal-Gopal,5912,Pharmacies & Healthcare,Individual,Delhi,Delhi,2024-02-13 00:00:00,,SUSPENDED,2312.5
MCH9195,"Manne, Parsa And Ratta",5311,Department Stores,Individual,Kolkata,West Bengal,2025-01-08 03:54:16,XXXX4221,ACTIVE,1304.69
MCH7720,Agate-Krishnamurthy,7011,Hotels & Lodging,Private Limited,Chennai,Tamil Nadu,2025-12-10 22:57:00,,ACTIVE,475.0
MCH5786,"Bhasin, Manda1 And Tank",4131,Transportation,Individual,Kolkata,West Bengal,2025-02-08 00:00:00,2599782072,INACTIVE,1913.26
MCH3405,"Dara, Boase And Chada",5999,Miscellaneous Retail,Partnership,Pune,Maharashtra,2024-06-03 00:00:00,XXXX5690,ACTIVE,210.2
MCH4548,"Butala, Som And Modi",4131,Transportation,Private Limited,Bengaluru,Karnataka,,6510148022,SUSPENDED,568.11
MCH1639,Halder Inc,5411,Grocery Stores,Sole Proprietorship,Chennai,Tamil Nadu,2023-04-12 00:00:00,OKNU6888775607813,INACTIVE,2075.47
MCH8563,Brar Plc,5812,Restaurants & Dining,Partnership,Pune,Maharashtra,2024-11-21 02:24:00,,SUSPENDED,943.44
MCH5851,"Chakrabarti, Sen And Misra",5411,Grocery Stores,Sole Proprietorship,Poona,Maharashtra,2026-02-15 14:58:09,XXXX3366,ACTIVE,1867.35
MCH4170,Saha-Sangha,5311,Department Stores,Individual,Lucknow,Uttar Pradesh,2024-05-31 00:00:00,YABO3956354404742,ACTIVE,1858.07
MCH5795,"Sunder, Bera And Srinivas",7011,Hotels & Lodging,Private Limited,Kolkata,West Bengal,2023-05-19 17:04:00,,ACTIVE,167.0
MCH4100,Raja-Vasa,7011,Hotels & Lodging,Sole Proprietorship,Jalandhar,Punjab,2025-06-28 00:00:00,7806774171,ACTIVE,479.15
MCH6634,Dave-Sundaram,5999,Miscellaneous Retail,Private Limited,Ludhiana,Punjab,2024-10-12 00:00:00,,INACTIVE,1276.14
MCH5122,"Chand, Gupta And Bhargava",5812,Restaurants & Dining,Individual,Jalandhar,Punjab,2024-04-01 00:00:00,XXXX9761,ACTIVE,2946.92
MCH2617,Mander-Parmar,4814,Telecommunication Services,Private Limited,Kolkata,West Bengal,2023-05-08 08:15:00,5203670066,ACTIVE,5191.58
MCH9433,Chhabra-Naik,5912,Pharmacies & Healthcare,Individual,Jalandhar,Punjab,2023-12-14 00:00:00,CQOU4085851260723,ACTIVE,4629.09
MCH2975,"Bora, Mander And Dalal",5942,Books & Stationery,Sole Proprietorship,Chennai,Tamil Nadu,2023-09-05 00:00:00,,INACTIVE,3477.51
MCH6802,"Deo, Vohra And Palla",5311,Department Stores,Private Limited,Delhi,Delhi,2024-04-11 00:00:00,,ACTIVE,1823.92
MCH2105,"Savant, Chauhan And Kumer",5912,Pharmacies & Healthcare,Private Limited,Amritsar,Punjab,2024-09-28 00:00:00,,ACTIVE,898.76
MCH3094,Wag1E-Thakkar,5699,Apparel & Clothing,Individual,Bengaluru,Karnataka,2024-12-30 00:00:00,UIBH7195313053410,ACTIVE,1038.48
MCH6282,Madan-Din,7011,Hotels & Lodging,Partnership,Amritsar,Punjab,2026-01-20 00:00:00,,ACTIVE,955.08
MCH5872,Sandal Ltd,5411,Grocery Stores,Private Limited,Bengaluru,Karnataka,,,ACTIVE,2434.63
MCH2394,Rajagopalan Llc,5812,Restaurants & Dining,Partnership,Kolkata,West Bengal,,XXXX3997,ACTIVE,2001.35
MCH1068,Mall-Palan,5999,Miscellaneous Retail,Sole Proprietorship,Jaipur,Rajasthan,2026-09-02 09:23:00,PKRN8629349498422,ACTIVE,663.04
MCH6355,Dutt Plc,5699,Apparel & Clothing,Private Limited,Bengaluru,Karnataka,2025-04-01 04:52:41,4977061313,ACTIVE,495.94
MCH6053,Barad-Sen,5999,Miscellaneous Retail,Individual,Kolkata,West Bengal,2025-10-20 00:00:00,4325467547,ACTIVE,2730.09
MCH8781,Gade Plc,5912,Pharmacies & Healthcare,Private Limited,Mumbay,Maharashtra,2023-02-27 16:50:53,,ACTIVE,714.3
MCH8548,Karpe Ltd,5812,Restaurants & Dining,Partnership,Delhi,Delhi,,,ACTIVE,699.0
MCH5151,Sachar-Lad,4131,Transportation,Partnership,Mumbai,Maharashtra,2025-04-09 22:00:45,7481974508,ACTIVE,703.87
MCH3663,Saini-Gaba,5699,Apparel & Clothing,Sole Proprietorship,Jaipur,Rajasthan,2025-02-03 00:00:00,,ACTIVE,377.05
MCH9006,Chopra-Sandhu,5699,Apparel & Clothing,Partnership,Lucknow,Uttar Pradesh,2024-04-03 00:00:00,XXXX5629,ACTIVE,1365.03
MCH8792,Nagarllc,5411,Grocery Stores,Sole Proprietorship,Jaipur,Rajasthan,2025-01-22 21:40:00,4320527012,ACTIVE,
MCH1525,Sant-Bhavsar,5942,Books & Stationery,Individual,Jaipur,Rajasthan,2023-09-10 00:00:00,XXXX7524,ACTIVE,754.82
MCH2766,"Chakraborty, Nazareth And Dasgupta",5411,Grocery Stores,Private Limited,Chennai,Tamil Nadu,2025-05-19 00:00:00,WBWU7279932189451,ON_HOLD,2967.83
MCH5125,Dave And Sons,5812,Restaurants & Dining,Private Limited,Ldh,Punjab,2025-06-15 00:00:00,XXXX1925,ACTIVE,838.15
MCH8508,"Iyengar,Gillandtella",5999,Miscellaneous Retail,Private Limited,Chennai,Tamil Nadu,2023-12-12 06:59:00,,ACTIVE,1985.47
MCH6855,"Soman, Ravel And Anand",5411,Grocery Stores,Private Limited,Kolkata,West Bengal,2026-02-06 00:00:00,XXXX2710,ACTIVE,1385.58
MCH1816,Aurora-Kata,5311,Department Stores,Sole Proprietorship,Lucknow,Uttar Pradesh,2025-03-15 01:24:29,,ACTIVE,1797.52
MCH2436,Shetty-Gour,5999,Miscellaneous Retail,Individual,Hyderabad,Telangana,2024-06-30 03:59:33,,ACTIVE,2453.33
MCH7384,Seshadri-Rai,4814,Telecommunication Services,Sole Proprietorship,Kolkata,West Bengal,2024-01-13 00:00:00,,ACTIVE,4458.94
MCH3143,"Zacharia, Buch And Yadav",5311,Department Stores,Partnership,Hyderabad,Telangana,2023-03-13 00:00:00,UMIZ4082572641807,ACTIVE,4822.0
MCH2965,Shroff-Prabhakar,5411,Grocery Stores,Partnership,Amritsar,Punjab,,FISH8890557164281,ACTIVE,2028.0
MCH9675,Mand-Varkey,5912,Pharmacies & Healthcare,Individual,Jalandhar,Punjab,2025-11-05 00:00:00,,INACTIVE,843.13
MCH8139,"Mani, Kala And Verma",5311,Department Stores,Individual,Amritsar,Punjab,2024-02-07 00:00:00,6294042962,ACTIVE,2137.68
MCH2071,Dube-Kapadia,4814,Telecommunication Services,Sole Proprietorship,Amritsar,Punjab,2024-08-19 04:07:47,5736154750,ACTIVE,1392.0
MCH4916,Rama-Patel,5942,Books & Stationery,Individual,Delhi,Delhi,2025-06-24 22:01:00,XXXX0402,ACTIVE,2293.01
MCH9426,Singh-Narula,7011,Hotels & Lodging,Sole Proprietorship,Chennai,Tamil Nadu,2023-08-07 00:00:00,CZYQ5289749024896,ACTIVE,615.87
MCH4440,"Dey, Bala And Shan",5699,Apparel & Clothing,Sole Proprietorship,Mumbai,Maharashtra,2023-01-04 22:57:00,FDNT8049485568761,ACTIVE,
MCH1965,Kata Inc,5311,Department Stores,Private Limited,Amritsar,Punjab,2023-04-04 01:07:57,,ACTIVE,686.92
MCH9547,Anne-Narasimhan,5311,Department Stores,Individual,Delhi,Delhi,2025-11-04 00:00:00,,ACTIVE,823.12
MCH3407,Lal Llc,5999,Miscellaneous Retail,Private Limited,Jalandhar,Punjab,2023-09-27 00:00:00,XXXX9006,ACTIVE,3232.78
MCH8521,"Sankaran, Mangat And Gaba",5311,Department Stores,Sole Proprietorship,Delhi,Delhi,2024-11-24 00:00:00,MNDO2443340838612,ACTIVE,1028.11
MCH6421,Wadhwaltd,5699,Apparel & Clothing,Sole Proprietorship,Bengaluru,Karnataka,2024-01-30 21:37:00,,ACTIVE,1782.12
MCH8310,Chakraborty Ltd,4131,Transportation,Individual,Delhi,Delhi,2026-01-02 00:00:00,5355342816,ACTIVE,1287.03
MCH9787,Nigam Llc,7011,Hotels & Lodging,Private Limited,Jaipur,Rajasthan,2023-06-18 00:00:00,,INACTIVE,717.19
MCH5322,Parsa Llc,5912,Pharmacies & Healthcare,Individual,Jalandhar,Punjab,2023-03-26 00:00:00,XXXX3422,ACTIVE,2329.55
MCH7359,Rajagopalan-Rattan,5912,Pharmacies & Healthcare,Sole Proprietorship,Kolkata,West Bengal,2025-03-13 00:00:00,,ACTIVE,825.72
MCH4641,Karnikllc,5311,Department Stores,Sole Proprietorship,Ludhiana,Punjab,2025-02-02 00:00:00,,ACTIVE,
MCH2912,"Singhal, Iyengar And Balasubramanian",5411,Grocery Stores,Sole Proprietorship,Lucknow,Uttar Pradesh,2023-03-08 00:00:00,MPVF3803985979560,INACTIVE,4518.86
MCH8204,Bumb-Bansal,7011,Hotels & Lodging,Private Limited,Jalandhar,Punjab,2025-10-13 17:19:27,0190035504,ACTIVE,1083.04
MCH5855,"Rajagopalan,Muniandprasad",5699,Apparel & Clothing,Partnership,Jalandhar,Punjab,2023-09-08 00:00:00,,ACTIVE,115.41
MCH4900,Karpe Plc,5411,Grocery Stores,Sole Proprietorship,Jalandhar,Punjab,2025-02-04 00:00:00,,ACTIVE,2695.78
MCH9203,Patel-Bhasin,7011,Hotels & Lodging,Partnership,Delhi,Delhi,2025-04-14 00:00:00,XXXX4448,ACTIVE,1305.76
MCH3307,Uppal And Sons,7011,Hotels & Lodging,Private Limited,Poona,Maharashtra,2023-03-07 20:38:00,WQAU2336118593269,ACTIVE,1033.39
MCH4337,Sethi Ltd,4814,Telecommunication Services,Individual,Jalandhar,Punjab,2026-01-28 00:00:00,NBXU8148602683458,INACTIVE,3672.22
MCH8957,Brar-Lanka,5999,Miscellaneous Retail,Individual,Jalandhar,Punjab,,,ACTIVE,1494.31
MCH3177,"Shere, Pal And Kothari",5942,Books & Stationery,Private Limited,Jaipur,Rajasthan,2024-12-04 00:00:00,XXXX6075,INACTIVE,785.75
MCH2949,"Mahal, Natt And Ghosh",5999,Miscellaneous Retail,Partnership,Jaipur,Rajasthan,2024-07-19 00:00:00,6197525290,ACTIVE,2320.74
MCH6246,Zachariah Group,5699,Apparel & Clothing,Individual,Chennai,Tamil Nadu,2025-06-16 00:00:00,,ACTIVE,1510.7
MCH7077,Basu Llc,7011,Hotels & Lodging,Individual,Lucknow,Uttar Pradesh,2025-08-18 00:00:00,5226667486,ON_HOLD,484.0
MCH1649,Venkatesh Plc,5812,Restaurants & Dining,Private Limited,Delhi,Delhi,2024-08-03 17:27:00,6043188789,SUSPENDED,851.41
MCH8901,Raghavan-Bhavsar,5912,Pharmacies & Healthcare,Private Limited,Jalandhar,Punjab,2023-12-13 16:08:56,,INACTIVE,2886.4
MCH8654,"Deshpande, Comar And Pandya",4814,Telecommunication Services,Individual,Delhi,Delhi,,2533166217,ACTIVE,898.0
MCH2776,"Mittal, Shah And Kade",5411,Grocery Stores,Private Limited,Mumbai,Maharashtra,2023-01-27 00:00:00,EGXV9123448025042,ACTIVE,10044.9
MCH9359,"Ramanathan, Parekh And Agrawal",4131,Transportation,Partnership,Ludhiana,Punjab,2023-04-08 13:17:52,FQHN0033426656652,ACTIVE,3245.01
MCH1389,Munshi-Behl,5411,Grocery Stores,Individual,Pune,Maharashtra,2023-06-17 00:00:00,,ACTIVE,3913.0
MCH8736,Mitter-Sura,5812,Restaurants & Dining,Individual,Jalandhar,Punjab,2023-07-22 00:00:00,XXXX0698,ACTIVE,801.85
MCH4164,Iyengar Llc,5999,Miscellaneous Retail,Sole Proprietorship,Jaipur,Rajasthan,,LSYR7261669987207,ACTIVE,440.0
MCH8358,Sarna-Singh,5699,Apparel & Clothing,Sole Proprietorship,Amritsar,Punjab,2025-12-16 19:12:00,XXXX7799,SUSPENDED,1645.07
MCH5528,"Bhagat, Sathe And Iyengar",5411,Grocery Stores,Sole Proprietorship,Pune,Maharashtra,2026-02-13 11:24:00,,ACTIVE,668.43
MCH2656,"Patla, Deo And Babu",5912,Pharmacies & Healthcare,Partnership,Jaipur,Rajasthan,2026-02-02 00:00:00,2362196367,ACTIVE,1217.69
MCH3358,Suri-Dhillon,4131,Transportation,Individual,Kolkata,West Bengal,2023-09-22 00:00:00,3713072949,INACTIVE,665.29
MCH8110,Kamdar-Raval,5999,Miscellaneous Retail,Partnership,Lucknow,Uttar Pradesh,2023-07-13 00:00:00,,INACTIVE,768.59
MCH5387,Khatri Group,7011,Hotels & Lodging,Sole Proprietorship,Delhi,Delhi,2025-10-06 12:45:13,6200633333,ACTIVE,1172.0
MCH4897,Bahl Plc,4131,Transportation,Partnership,Amritsar,Punjab,2024-09-03 00:00:00,,ACTIVE,6953.87
MCH9370,Mallick-Gola,5999,Miscellaneous Retail,Private Limited,Jaipur,Rajasthan,2023-02-20 00:00:00,LVKV0562210759080,ACTIVE,4284.71
MCH4334,"Nazareth, Loyal And Dhar",5311,Department Stores,Individual,Ludhiana,Punjab,2025-09-11 00:00:00,6420363344,ACTIVE,6505.28
MCH4902,"Pingle, Choudhary And Raghavan",7011,Hotels & Lodging,Sole Proprietorship,Bengaluru,Karnataka,2023-03-31 00:00:00,,ACTIVE,482.41
MCH9012,Nagy-Master,5999,Miscellaneous Retail,Private Limited,Mumbai,Maharashtra,2023-01-10 02:07:00,XXXX7097,SUSPENDED,297.61
MCH5541,Sheth And Sons,5812,Restaurants & Dining,Individual,Bengaluru,Karnataka,2024-07-13 09:55:59,,ACTIVE,548.54
MCH2172,"Taneja, Raj And Vora",7011,Hotels & Lodging,Sole Proprietorship,Hyderabad,Telangana,2025-06-15 03:11:00,,ACTIVE,466.45
MCH6150,"Chada, Vala And Merchant",4814,Telecommunication Services,Private Limited,Hyderabad,Telangana,2024-10-10 00:00:00,6593744761,INACTIVE,616.0
MCH3006,Biswas-Ram,5999,Miscellaneous Retail,Individual,Lucknow,Uttar Pradesh,2023-08-14 00:00:00,XXXX8226,ACTIVE,638.0
MCH4606,"Johal, Kapur And Chhabra",4814,Telecommunication Services,Partnership,Jalandhar,Punjab,,,ACTIVE,2162.35
MCH8865,Wali-Yogi,5942,Books & Stationery,Partnership,Pune,Maharashtra,,ADDY9100060907565,ACTIVE,1783.0
MCH3860,Sama Group,5699,Apparel & Clothing,Sole Proprietorship,Chennai,Tamil Nadu,2023-10-03 00:00:00,,ACTIVE,448.66
MCH1946,Kanda Group,5812,Restaurants & Dining,Partnership,Kolkata,West Bengal,,YUNT1236584633844,ACTIVE,1028.0
MCH7863,Kade-Saxena,7011,Hotels & Lodging,Partnership,Amritsar,Punjab,,5883030838,SUSPENDED,432.77
MCH8078,Thaman-Ganguly,5912,Pharmacies & Healthcare,Sole Proprietorship,Mumbai,Maharashtra,2023-07-12 00:00:00,7715038972,ACTIVE,1158.31
MCH9320,Char Inc,5411,Grocery Stores,Private Limited,Hyderabad,Telangana,2025-11-22 00:00:00,OFHR1997447322569,ACTIVE,695.0
MCH8648,"Kumer, Pradhan And Pai",5912,Pharmacies & Healthcare,Sole Proprietorship,Jalandhar,Punjab,2023-12-17 00:00:00,CPHP6408157927970,ACTIVE,2147.87
MCH1003,"Nayar, Batta And Barad",5699,Apparel & Clothing,Private Limited,Chennai,Tamil Nadu,,,ACTIVE,792.91
MCH6258,"Mitra, Nori And Venkataraman",5912,Pharmacies & Healthcare,Private Limited,Hyderabad,Telangana,2025-10-02 18:46:00,,ACTIVE,353.34
MCH3671,"Vala, Dhar And Wason",5912,Pharmacies & Healthcare,Individual,Chennai,Tamil Nadu,,,ACTIVE,2167.0
MCH3146,Batta-Sharaf,4131,Transportation,Individual,Poona,Maharashtra,2024-02-10 00:00:00,MHGR0082109008102,ACTIVE,898.04
MCH4370,Kuruvilla And Sons,5999,Miscellaneous Retail,Individual,Mumbay,Maharashtra,2023-08-18 00:00:00,,ACTIVE,715.96
MCH3506,Peri Group,7011,Hotels & Lodging,Individual,Bengaluru,Karnataka,,PINF7358781184682,ACTIVE,3808.09
MCH3277,Issac-Lata,4814,Telecommunication Services,Partnership,Delhi,Delhi,2025-09-22 00:00:00,RPRG9004987881265,ACTIVE,1571.63
MCH3820,Behl Llc,5311,Department Stores,Partnership,Jalandhar,Punjab,2023-05-30 00:00:00,8600214749,INACTIVE,983.06
MCH3484,Sidhu Llc,5999,Miscellaneous Retail,Individual,Ludhiana,Punjab,,,ACTIVE,876.31
MCH7615,"Dar, Parekh And De",5812,Restaurants & Dining,Sole Proprietorship,Lucknow,Uttar Pradesh,,4443349499,INACTIVE,2530.9
MCH9271,"Bera, Contractor And Trivedi",4131,Transportation,Sole Proprietorship,Delhi,Delhi,2025-02-20 00:00:00,KHLJ8243266357655,ACTIVE,
MCH5716,Nadig Inc,4814,Telecommunication Services,Individual,Chennai,Tamil Nadu,2025-06-26 14:09:58,,ACTIVE,1811.84
MCH9954,"Dutta, J0Ha1 And Char",5699,Apparel & Clothing,Sole Proprietorship,Delhi,Delhi,2025-12-23 00:00:00,ERMO2255417001428,ACTIVE,3148.72
MCH2174,"Sood, Chowdhury And Chacko",7011,Hotels & Lodging,Private Limited,Delhi,Delhi,2024-03-13 00:00:00,8824000729,INACTIVE,1287.16
MCH3829,Bansal Ltd,7011,Hotels & Lodging,Private Limited,Pune,Maharashtra,2024-04-12 00:00:00,XXXX7846,ACTIVE,2565.33
MCH2087,Dubey-Doctor,5999,Miscellaneous Retail,Individual,Amritsar,Punjab,2025-04-17 00:00:00,0974736100,ACTIVE,4751.6
MCH4974,Krishna Plc,5699,Apparel & Clothing,Individual,Kolkata,West Bengal,2023-04-18 00:00:00,3596123048,SUSPENDED,1458.56
MCH4214,"Mitra, Oak And Keer",5699,Apparel & Clothing,Individual,Bengaluru,Karnataka,2024-12-02 00:00:00,,ACTIVE,1159.46
MCH3649,"Jain, Sama And Sarma",5999,Miscellaneous Retail,Partnership,Mumbai,Maharashtra,2025-08-06 21:51:00,XXXX8840,ACTIVE,671.85
MCH7692,Ratti-Patla,5311,Department Stores,Individual,Amritsar,Punjab,2025-07-10 00:00:00,XXXX7379,ACTIVE,2270.3
MCH1852,Prabhu Group,5411,Grocery Stores,Individual,Mumbai,Maharashtra,2024-03-31 00:00:00,8479119924,ACTIVE,786.71
MCH3883,Vohra And Sons,7011,Hotels & Lodging,Individual,Mumbai,Maharashtra,2023-11-17 00:00:00,1962011949,ACTIVE,2320.22
MCH5601,Raj-Gopal,7011,Hotels & Lodging,Private Limited,Jalandhar,Punjab,2024-05-17 22:26:00,6301334461,ACTIVE,
MCH3451,Amble-Nair,5912,Pharmacies & Healthcare,Sole Proprietorship,Amritsar,Punjab,2025-10-06 00:00:00,XXXX8569,SUSPENDED,
MCH6433,Bhattacharyya Ltd,4814,Telecommunication Services,Partnership,Bengaluru,Karnataka,2024-12-31 00:00:00,,INACTIVE,1248.03
MCH3572,"V0Hra, Chander And Padmanabhan",5812,Restaurants & Dining,Sole Proprietorship,Hyderabad,Telangana,2024-05-16 11:42:00,,ACTIVE,793.52
MCH4182,"More, Sarma And Baria",4814,Telecommunication Services,Individual,Mumbai,Maharashtra,2026-01-01 00:00:00,XXXX3295,ACTIVE,4102.61
MCH8200,Rai-Bhargava,5942,Books & Stationery,Sole Proprietorship,Amritsar,Punjab,2023-07-19 00:00:00,,ACTIVE,443.44
MCH7954,Sur Inc,7011,Hotels & Lodging,Private Limited,Hyderabad,Telangana,2025-04-01 22:07:00,,ACTIVE,2803.0
MCH8504,Gala-Bath,5411,Grocery Stores,Private Limited,Bengaluru,Karnataka,2023-05-24 00:00:00,HUGZ7718103709815,ACTIVE,4220.0
MCH9067,Boase-Sule,5942,Books & Stationery,Individual,Jalandhar,Punjab,2025-09-06 00:00:00,,ACTIVE,1045.82
MCH8978,Talwarandsons,5942,Books & Stationery,Sole Proprietorship,Mumbai,Maharashtra,2023-05-23 00:00:00,,ACTIVE,4704.55
MCH2712,"Rai, Ghose And Wadhwa",5411,Grocery Stores,Private Limited,Amritsar,Punjab,2023-09-30 00:00:00,XXXX9691,ACTIVE,2957.32
MCH3642,Prabhu-Pai,5411,Grocery Stores,Sole Proprietorship,Kolkata,West Bengal,2025-11-24 00:00:00,,ACTIVE,3223.63
MCH9625,Tripathi Plc,4814,Telecommunication Services,Private Limited,Amritsar,Punjab,2024-09-11 21:48:18,,ACTIVE,
MCH2269,"Dalal, Samra And Kala",7011,Hotels & Lodging,Sole Proprietorship,Pune,Maharashtra,2025-08-10 00:00:00,,ACTIVE,356.96
MCH2885,"Varkey, Goda And Bala",5812,Restaurants & Dining,Private Limited,Mumbai,Maharashtra,2023-01-23 00:00:00,0317882844,ACTIVE,4853.92
MCH4775,"Divan, Buch And Kunda",4814,Telecommunication Services,Sole Proprietorship,Lucknow,Uttar Pradesh,2025-07-07 00:00:00,1956916316,INACTIVE,562.44
MCH5148,"Bose, Ranganathan And Bose",5411,Grocery Stores,Individual,Amritsar,Punjab,2024-10-20 00:00:00,,ACTIVE,
MCH3616,Dua Group,5942,Books & Stationery,Private Limited,Lucknow,Uttar Pradesh,2026-02-24 20:51:00,CYIZ1339742109891,ACTIVE,
MCH1612,"Andra, Chana And Saha",5812,Restaurants & Dining,Sole Proprietorship,Lucknow,Uttar Pradesh,2025-10-27 00:00:00,5702735332,INACTIVE,655.56
MCH2530,Bal-Sant,5999,Miscellaneous Retail,Partnership,Kolkata,West Bengal,2023-06-08 17:36:00,XXXX3441,ACTIVE,372.49
MCH2970,Golla-Vora,5699,Apparel & Clothing,Individual,Kolkata,West Bengal,2025-02-01 00:00:00,,ACTIVE,326.25
MCH5482,"Tiwari, Jain And Hayer",4131,Transportation,Sole Proprietorship,Chennai,Tamil Nadu,,7104632186,ACTIVE,249.86
MCH7540,Solanki Inc,5999,Miscellaneous Retail,Partnership,Jalandhar,Punjab,2024-04-08 07:31:00,XXXX7550,ACTIVE,579.73
MCH7058,"Biswas, Arya And Chaudhary",5812,Restaurants & Dining,Sole Proprietorship,Hyderabad,Telangana,2023-04-09 00:00:00,,ACTIVE,822.57
MCH1506,Gandhi-Loke,5912,Pharmacies & Healthcare,Partnership,Chennai,Tamil Nadu,2024-06-13 17:59:00,,ACTIVE,967.0
MCH4232,Sehgal-Rama,5411,Grocery Stores,Partnership,Kolkata,West Bengal,2023-03-31 00:00:00,XXXX1805,ACTIVE,4112.72
MCH5196,Saini Ltd,5311,Department Stores,Private Limited,Jalandhar,Punjab,2025-02-23 00:00:00,GPCS2279648422088,ON_HOLD,922.86
MCH2845,Narasimhan Llc,5999,Miscellaneous Retail,Partnership,Amritsar,Punjab,2024-10-01 00:00:00,2844893176,ACTIVE,5926.94
MCH9134,Edwin-Viswanathan,5699,Apparel & Clothing,Sole Proprietorship,Jalandhar,Punjab,,,ACTIVE,1602.69
MCH2772,Goyal Inc,5942,Books & Stationery,Individual,Delhi,Delhi,2023-04-22 00:25:55,,INACTIVE,478.58
MCH9896,Dave-Vasa,5311,Department Stores,Partnership,Poona,Maharashtra,2023-09-30 00:00:00,XXXX8599,ACTIVE,3148.67
MCH1070,Pandya Plc,5999,Miscellaneous Retail,Private Limited,Chennai,Tamil Nadu,2024-09-03 00:00:00,,ACTIVE,1259.2
MCH4884,"Reddy, Wason And Magar",4131,Transportation,Private Limited,Kolkata,West Bengal,2023-05-16 00:00:00,,INACTIVE,2421.0
MCH6075,"Lad, Menon And Tiwari",4814,Telecommunication Services,Private Limited,Bengaluru,Karnataka,2023-06-08 00:00:00,3853486592,ACTIVE,709.64
MCH5489,Nath Ltd,5311,Department Stores,Individual,Jaipur,Rajasthan,2025-01-22 00:00:00,XXXX9871,ACTIVE,3788.36
MCH4101,Raval Plc,7011,Hotels & Lodging,Individual,Bengaluru,Karnataka,2023-11-26 00:00:00,XXXX6243,ACTIVE,1096.15
MCH5166,Roy-Srinivasan,4814,Telecommunication Services,Individual,Bengaluru,Karnataka,2025-09-24 00:00:00,,INACTIVE,1501.14
MCH2492,Chandran Group,5812,Restaurants & Dining,Partnership,Amritsar,Punjab,2023-11-13 00:00:00,,ACTIVE,1360.0
MCH2117,Lal Group,7011,Hotels & Lodging,Partnership,Jaipur,Rajasthan,2025-10-28 00:00:00,,ACTIVE,2615.21
MCH3628,Mitra Ltd,5699,Apparel & Clothing,Sole Proprietorship,Delhi,Delhi,2023-08-05 00:00:00,,ACTIVE,3214.64
MCH9635,Konda-Verma,5942,Books & Stationery,Individual,Chennai,Tamil Nadu,2023-10-09 00:00:00,BAID6365865587003,ACTIVE,4885.39
MCH3189,De-Kakar,4131,Transportation,Sole Proprietorship,Hyderabad,Telangana,2023-07-21 00:00:00,IBQI3951526750314,SUSPENDED,
MCH8107,Ramachandran Ltd,5999,Miscellaneous Retail,Partnership,Jaipur,Rajasthan,,XXXX9786,ACTIVE,
MCH3419,"Bansal, Naidu And Baria",5912,Pharmacies & Healthcare,Private Limited,Pune,Maharashtra,2024-03-26 00:00:00,,ACTIVE,357.64
MCH4107,Pandey-Sastry,5699,Apparel & Clothing,Sole Proprietorship,Jalandhar,Punjab,2025-09-30 00:00:00,,INACTIVE,319.0
MCH4167,Banerjeeplc,5812,Restaurants & Dining,Private Limited,Jaipur,Rajasthan,2023-10-26 06:05:00,0359713913,ACTIVE,3120.61
MCH7977,"Kohli, Vaidya And Nagar",7011,Hotels & Lodging,Sole Proprietorship,Chennai,Tamil Nadu,2025-07-23 00:00:00,PYMW1543762535071,ACTIVE,4790.0
MCH8790,Thaman-Singh,5912,Pharmacies & Healthcare,Individual,Kolkata,West Bengal,2024-02-04 00:00:00,,ACTIVE,
MCH4397,Tailor-Pandey,5912,Pharmacies & Healthcare,Private Limited,Pune,Maharashtra,2024-10-24 00:00:00,,ACTIVE,
MCH8241,Bhasin And Sons,5999,Miscellaneous Retail,Private Limited,Jaipur,Rajasthan,2025-07-28 07:43:00,,ACTIVE,509.62
MCH2042,"Rai, Das And Bava",5311,Department Stores,Partnership,Pune,Maharashtra,2023-12-17 00:00:00,ZYCY1593553139876,ACTIVE,1564.88
MCH5656,Sen-Dube,5942,Books & Stationery,Partnership,Poona,Maharashtra,2024-05-03 00:00:00,XTPH3643560347441,INACTIVE,1139.41
MCH8439,Bala And Sons,5912,Pharmacies & Healthcare,Individual,Jalandhar,Punjab,2024-09-14 00:00:00,,ACTIVE,1591.75
MCH8624,Kannan-Mital,5912,Pharmacies & Healthcare,Sole Proprietorship,Pune,Maharashtra,2023-05-20 00:00:00,BFXZ1340418444371,ACTIVE,1202.33
MCH7363,Babu-Acharya,5999,Miscellaneous Retail,Sole Proprietorship,Kolkata,West Bengal,2024-03-03 08:14:06,,ACTIVE,1983.77
MCH5045,More-Doctor,5311,Department Stores,Individual,Bengaluru,Karnataka,2025-09-15 22:04:19,,SUSPENDED,145.75
MCH6462,"Vaidya, Kunda And Bhavsar",5311,Department Stores,Private Limited,Lucknow,Uttar Pradesh,2025-12-19 00:00:00,5665285252,ACTIVE,1652.23
MCH2425,Suri-Kurian,5411,Grocery Stores,Partnership,Ludhiana,Punjab,2023-06-06 04:11:03,,ACTIVE,1800.35
MCH8154,Yohannan Plc,4131,Transportation,Sole Proprietorship,Jalandhar,Punjab,2023-06-26 00:00:00,,SUSPENDED,998.6
MCH6418,Doctor Ltd,7011,Hotels & Lodging,Sole Proprietorship,Jalandhar,Punjab,,,ACTIVE,1362.45
MCH8035,"Munshi, Mani And Taneja",5999,Miscellaneous Retail,Individual,Mumbay,Maharashtra,2025-02-08 00:00:00,5547624355,ACTIVE,
MCH2016,"Amble, Yadav And Dube",5999,Miscellaneous Retail,Partnership,Kolkata,West Bengal,2025-03-18 00:00:00,XXXX3614,ON_HOLD,10324.69
MCH5479,"Mukherjee, Nazareth And Palla",5812,Restaurants & Dining,Sole Proprietorship,Ludhiana,Punjab,2024-02-19 00:00:00,XXXX2442,ACTIVE,
MCH3460,Chand-Bora,5411,Grocery Stores,Individual,Kolkata,West Bengal,2025-02-05 10:51:56,,ACTIVE,
MCH4889,Bhatti-Kapoor,5999,Miscellaneous Retail,Individual,Jalandhar,Punjab,2025-01-26 00:00:00,,ACTIVE,2464.23
MCH1155,Sha Llc,4131,Transportation,Sole Proprietorship,Amritsar,Punjab,2024-08-03 00:00:00,,INACTIVE,1753.08
MCH2149,"Doctor, Varughese And Hans",5942,Books & Stationery,Individual,Bengaluru,Karnataka,2025-05-07 00:00:00,XXXX2634,ACTIVE,3778.33
MCH4536,Gulati And Sons,5311,Department Stores,Individual,Delhi,Delhi,2024-12-06 17:48:15,,ACTIVE,951.8
MCH1219,Khare-Puri,5812,Restaurants & Dining,Partnership,Amritsar,Punjab,2024-11-21 00:00:00,,ACTIVE,2174.0
MCH5396,Manda-Seth,4131,Transportation,Sole Proprietorship,Delhi,Delhi,2023-01-11 00:00:00,,ACTIVE,439.03
MCH9661,Ramanathan Group,7011,Hotels & Lodging,Individual,Mumbay,Maharashtra,2023-11-10 08:09:50,,ACTIVE,735.62
MCH1993,Dhaliwal Plc,4814,Telecommunication Services,Sole Proprietorship,Amritsar,Punjab,,8690977818,ACTIVE,428.65
MCH6565,Parmer-Datta,4814,Telecommunication Services,Sole Proprietorship,Hyderabad,Telangana,2023-07-28 00:00:00,XXXX1044,ACTIVE,2464.68
MCH1501,Anand-Bhatt,4814,Telecommunication Services,Partnership,Hyderabad,Telangana,2025-11-07 00:00:00,XXXX2933,ACTIVE,4185.6
MCH2959,Kanda Llc,5812,Restaurants & Dining,Private Limited,Kolkata,West Bengal,2023-08-10 00:00:00,,ACTIVE,6588.76
MCH2990,Rout And Sons,7011,Hotels & Lodging,Sole Proprietorship,Ludhiana,Punjab,2025-08-30 00:00:00,XXXX7294,ACTIVE,1050.53
MCH8060,"Bal, Garde And Puri",5699,Apparel & Clothing,Private Limited,Kolkata,West Bengal,2024-12-06 00:00:00,XXXX9739,ACTIVE,1604.68
MCH5775,Srinivas Ltd,5311,Department Stores,Individual,Kolkata,West Bengal,2025-11-01 10:50:11,AIEV2153769743983,ACTIVE,7152.05
MCH7093,Pai-Pau,7011,Hotels & Lodging,Individual,Mumbai,Maharashtra,2025-03-19 11:49:49,,SUSPENDED,1636.89
MCH1995,"Mand, Halder And Rajagopalan",5942,Books & Stationery,Partnership,Jaipur,Rajasthan,2024-04-04 00:00:00,COIS3057851068966,INACTIVE,158.78
MCH9882,Joshi Plc,4814,Telecommunication Services,Sole Proprietorship,Jaipur,Rajasthan,,,ACTIVE,320.23
MCH4948,Dass-Dhaliwal,5812,Restaurants & Dining,Partnership,Jalandhar,Punjab,2024-06-25 00:00:00,XXXX1800,ACTIVE,1356.31
MCH3207,"Gala, Khatri And Khalsa",5912,Pharmacies & Healthcare,Partnership,Amritsar,Punjab,2024-04-23 00:00:00,7398854821,ACTIVE,929.51
MCH4713,Sura-Boase,5699,Apparel & Clothing,Sole Proprietorship,Amritsar,Punjab,2023-12-04 00:00:00,,ACTIVE,1694.6
MCH9601,Joshi-Chauhan,4131,Transportation,Private Limited,Bengaluru,Karnataka,2023-10-05 00:00:00,GXDF2258830455225,ACTIVE,1949.42
MCH1833,"Bhatnagar, Bhavsar And Iyengar",4131,Transportation,Partnership,Mumbai,Maharashtra,2023-06-24 00:00:00,XXXX4268,ACTIVE,2843.21
MCH5444,Pradhan-Nair,5999,Miscellaneous Retail,Sole Proprietorship,Lucknow,Uttar Pradesh,2024-07-27 00:00:00,7036093641,ACTIVE,372.0
MCH5113,Mani-Buch,5699,Apparel & Clothing,Partnership,Pune,Maharashtra,2025-11-04 22:11:00,XXXX7200,ACTIVE,2132.66
MCH5538,Barad-Nigam,4814,Telecommunication Services,Partnership,Pune,Maharashtra,2025-01-10 00:00:00,,ACTIVE,2223.97
MCH5588,Divan-Yohannan,4131,Transportation,Individual,Hyderabad,Telangana,,,ACTIVE,203.0
MCH5383,Ray-Dara,7011,Hotels & Lodging,Private Limited,Delhi,Delhi,2025-11-04 00:00:00,8306637821,ACTIVE,2541.0
MCH5271,Choudhary-Chaudhry,5812,Restaurants & Dining,Partnership,Ldh,Punjab,2025-11-30 00:00:00,1480455412,ACTIVE,605.6
MCH1089,"Mann, Edwin And Misra",5411,Grocery Stores,Individual,Jaipur,Rajasthan,,7489263549,ACTIVE,678.0
MCH9636,Kibe-Magar,5699,Apparel & Clothing,Individual,Bengaluru,Karnataka,2023-08-21 09:35:55,SSYN5165458216497,ACTIVE,1341.04
MCH2128,Ghosh-Sharaf,5812,Restaurants & Dining,Partnership,Amritsar,Punjab,2023-12-21 00:00:00,6688236722,ACTIVE,3157.17
MCH3577,"Ratta, Mane And Kapadia",5812,Restaurants & Dining,Individual,Amritsar,Punjab,,XXXX9384,ACTIVE,1820.36
MCH6578,"Varty, Mutti And Banik",5942,Books & Stationery,Sole Proprietorship,Lucknow,Uttar Pradesh,2025-01-21 04:22:00,,SUSPENDED,1771.19
MCH2708,"Mand, Zacharia And Vora",4131,Transportation,Sole Proprietorship,Chennai,Tamil Nadu,2026-01-20 00:00:00,XXXX2440,ACTIVE,363.56
MCH3793,"Sankar, Parsa And Shere",7011,Hotels & Lodging,Sole Proprietorship,Ludhiana,Punjab,2025-03-30 00:00:00,3431564371,ACTIVE,6906.85
MCH4448,Gara And Sons,5999,Miscellaneous Retail,Individual,Chennai,Tamil Nadu,2025-09-24 00:00:00,XXXX6028,SUSPENDED,1524.31
MCH8746,Kari Inc,5912,Pharmacies & Healthcare,Partnership,Pune,Maharashtra,2024-11-10 07:16:00,XXXX5648,ACTIVE,
MCH1377,"Taneja, Din And Kaul",5812,Restaurants & Dining,Sole Proprietorship,Delhi,Delhi,2025-10-05 09:00:44,QWQZ7332733729369,ACTIVE,767.08
MCH3155,Agarwal Ltd,5311,Department Stores,Partnership,Chennai,Tamil Nadu,2023-11-23 15:28:55,,ACTIVE,1414.89
MCH5531,"Dhingra, Sangha And Sidhu",5411,Grocery Stores,Partnership,Mumbay,Maharashtra,2025-04-25 00:00:00,0878189587,INACTIVE,414.79
MCH2090,Upadhyay Plc,5812,Restaurants & Dining,Sole Proprietorship,Delhi,Delhi,2026-01-05 04:15:56,KZDI9850791739312,ACTIVE,439.31
MCH1654,More Plc,5999,Miscellaneous Retail,Individual,Bengaluru,Karnataka,2025-02-18 00:00:00,,ACTIVE,2598.19
MCH5606,"Hayer, Mukherjee And Kohli",5812,Restaurants & Dining,Partnership,Kolkata,West Bengal,2023-06-16 00:00:00,,ACTIVE,1765.0
MCH8768,"Garde, Mohan And Sridhar",5311,Department Stores,Individual,Kolkata,West Bengal,2024-12-05 00:00:00,,SUSPENDED,1569.36
MCH8341,Jha Ltd,4814,Telecommunication Services,Private Limited,Chennai,Tamil Nadu,2023-02-07 18:23:55,XXXX7449,ACTIVE,2211.95
MCH9131,"Arya, Narang And Maharaj",7011,Hotels & Lodging,Individual,Jaipur,Rajasthan,2024-04-19 05:10:00,,ACTIVE,6588.75
MCH9820,"Rai, Saha And Lalla",7011,Hotels & Lodging,Individual,Amritsar,Punjab,2024-10-13 00:00:00,,ACTIVE,3129.0
MCH7237,Reddy-Majumdar,5812,Restaurants & Dining,Partnership,Delhi,Delhi,2024-12-13 00:00:00,,ACTIVE,987.48
MCH1249,"Varkey, Kulkarni And More",5311,Department Stores,Sole Proprietorship,Bengaluru,Karnataka,2023-07-26 21:44:19,,ACTIVE,1049.44
MCH8332,"Sethi, Buch And Sachdeva",7011,Hotels & Lodging,Individual,Hyderabad,Telangana,2025-05-04 00:00:00,,ACTIVE,1666.61
MCH7313,Sarma Llc,4131,Transportation,Individual,Kolkata,West Bengal,2025-07-04 00:00:00,XXXX9480,SUSPENDED,1073.87
MCH6838,Wali-Nair,5912,Pharmacies & Healthcare,Private Limited,Delhi,Delhi,2023-11-12 00:00:00,3622849709,ACTIVE,1461.29
MCH8073,Prabhakar-B0Ra,5942,Books & Stationery,Sole Proprietorship,Kolkata,West Bengal,2024-12-26 22:17:38,,ACTIVE,
MCH7233,Arora Llc,5699,Apparel & Clothing,Individual,Ludhiana,Punjab,2025-10-11 00:00:00,1141889916,ACTIVE,2703.6
MCH4551,Sura Group,5699,Apparel & Clothing,Sole Proprietorship,Jalandhar,Punjab,2023-06-01 00:00:00,XXXX0235,ACTIVE,3287.63
MCH4185,Nath-Chaudhuri,4814,Telecommunication Services,Private Limited,Jaipur,Rajasthan,2024-08-14 00:00:00,EQFV9212095030396,ACTIVE,587.44
MCH7121,"Narasimhan, Anand And Gaba",5999,Miscellaneous Retail,Private Limited,Pune,Maharashtra,2025-07-25 21:18:00,,ACTIVE,2139.0
MCH4349,Atwal-Sura,5942,Books & Stationery,Sole Proprietorship,Pune,Maharashtra,2025-12-21 00:00:00,ZQKH6444366746348,ACTIVE,463.78
MCH8039,"Kibe,Brahmbhattandjaggi",5699,Apparel & Clothing,Sole Proprietorship,Pune,Maharashtra,2024-10-28 00:00:00,,ACTIVE,2282.53
MCH5641,"Kant, Raju And Sandal",5999,Miscellaneous Retail,Partnership,Poona,Maharashtra,2025-05-30 00:00:00,XXXX4214,INACTIVE,2474.31
MCH4863,Gill Plc,5812,Restaurants & Dining,Individual,Hyderabad,Telangana,2024-01-07 00:00:00,5619003847,ACTIVE,552.87
MCH7948,Sachdeva-Buch,5311,Department Stores,Partnership,Mumbai,Maharashtra,2025-07-03 00:00:00,XXXX0532,ACTIVE,656.76
MCH2029,Bhalla-Brahmbhatt,5999,Miscellaneous Retail,Sole Proprietorship,Jalandhar,Punjab,2023-06-20 12:29:06,,ACTIVE,276.02
MCH7746,Suresh-Atwal,5942,Books & Stationery,Sole Proprietorship,Amritsar,Punjab,2023-08-28 00:00:00,XXXX1031,INACTIVE,4023.0
MCH2030,Singh-Banerjee,4131,Transportation,Individual,Ldh,Punjab,2023-02-25 00:00:00,,ACTIVE,3976.0
MCH5622,Solanki And Sons,5942,Books & Stationery,Individual,Bengaluru,Karnataka,2023-08-13 00:00:00,4391498742,ACTIVE,252.61
MCH1812,Om Plc,5812,Restaurants & Dining,Sole Proprietorship,Amritsar,Punjab,2024-11-26 18:01:01,,ACTIVE,2079.98
MCH5794,Gulati And Sons,5999,Miscellaneous Retail,Private Limited,Bengaluru,Karnataka,2024-07-18 15:31:05,,ACTIVE,614.67
MCH3874,"Dora,Deshpandeandseth",4814,Telecommunication Services,Private Limited,Jalandhar,Punjab,2024-05-18 00:12:00,XXXX2093,ACTIVE,1119.69
MCH9316,Bandi Ltd,5411,Grocery Stores,Sole Proprietorship,Ludhiana,Punjab,2025-08-21 00:00:00,9331997992,ACTIVE,1198.18
MCH2830,"Joshi,Chaudhariandtoor",5411,Grocery Stores,Individual,Bengaluru,Karnataka,2023-04-15 14:55:00,,ACTIVE,756.0
MCH4737,"Aurora, Mallick And Dugar",5942,Books & Stationery,Individual,Jalandhar,Punjab,2024-08-27 00:00:00,XXXX5003,INACTIVE,489.0
MCH9529,Dubey Inc,4814,Telecommunication Services,Private Limited,Pune,Maharashtra,2024-04-26 00:00:00,XXXX3556,ACTIVE,1801.0
MCH5652,"Borde, Bhasin And Dua",5411,Grocery Stores,Individual,Mumbai,Maharashtra,2023-12-10 00:00:00,XXXX7597,ACTIVE,669.05
MCH1334,"Kalita, Sarraf And Bhardwaj",5999,Miscellaneous Retail,Individual,Bengaluru,Karnataka,2025-09-28 00:00:00,RPOB8162410396498,ACTIVE,1780.83
MCH6972,Badal-Kamdar,7011,Hotels & Lodging,Private Limited,Pune,Maharashtra,2023-12-20 14:49:48,,ACTIVE,1516.57
MCH1976,"Mutti, Sastry And Jha",5942,Books & Stationery,Private Limited,Amritsar,Punjab,2023-08-04 00:00:00,,ACTIVE,2928.73
MCH2360,Bhakta-Nazareth,5942,Books & Stationery,Private Limited,Jaipur,Rajasthan,2024-06-21 00:00:00,,INACTIVE,755.69
MCH9531,Lad Ltd,5411,Grocery Stores,Private Limited,Ludhiana,Punjab,2025-12-02 00:00:00,CDSZ2178272638566,SUSPENDED,545.56
MCH5253,Balakrishnan Plc,5912,Pharmacies & Healthcare,Sole Proprietorship,Mumbai,Maharashtra,2025-07-23 10:23:07,3588777363,ACTIVE,
MCH8138,Deol And Sons,5812,Restaurants & Dining,Partnership,Chennai,Tamil Nadu,2023-07-23 14:47:00,,ACTIVE,1238.62
MCH2836,Rai And Sons,5912,Pharmacies & Healthcare,Private Limited,Chennai,Tamil Nadu,2024-07-15 12:28:59,XXXX2773,INACTIVE,3262.99
MCH4918,Ganesh Inc,7011,Hotels & Lodging,Individual,Lucknow,Uttar Pradesh,2023-12-09 00:00:00,XXXX3579,ACTIVE,651.04
MCH3536,Shankar Group,5942,Books & Stationery,Partnership,Kolkata,West Bengal,2024-11-03 17:18:07,,ACTIVE,1640.82
MCH7556,Hayer-Saini,5942,Books & Stationery,Individual,Chennai,Tamil Nadu,2024-01-24 20:09:00,,ACTIVE,
MCH1285,Hayer Plc,5912,Pharmacies & Healthcare,Individual,Bengaluru,Karnataka,2023-09-24 07:15:32,,ACTIVE,436.7
MCH9088,Bhardwaj-Bala,5999,Miscellaneous Retail,Partnership,Chennai,Tamil Nadu,2025-06-26 00:00:00,UMVD8641404072198,ACTIVE,4130.0
MCH4435,"Shere, Jain And Luthra",5999,Miscellaneous Retail,Private Limited,Chennai,Tamil Nadu,2024-06-23 00:00:00,PJOC4178398535690,ACTIVE,894.0
MCH4538,Lad Ltd,5699,Apparel & Clothing,Private Limited,Delhi,Delhi,2023-12-30 08:20:00,,ACTIVE,449.9
MCH8987,Mander Llc,5942,Books & Stationery,Private Limited,Pune,Maharashtra,2024-02-02 00:00:00,7115831556,ACTIVE,881.75
MCH2044,"Upadhyay, Kapoor And Nazareth",7011,Hotels & Lodging,Individual,Lucknow,Uttar Pradesh,2023-01-02 00:58:55,3913922043,ACTIVE,368.05
MCH5414,Bhandari Ltd,7011,Hotels & Lodging,Private Limited,Delhi,Delhi,2025-03-26 00:00:00,VQLO7234241275182,ACTIVE,155.88
MCH8546,Jani Plc,5311,Department Stores,Partnership,Kolkata,West Bengal,2024-09-21 00:00:00,,ACTIVE,1691.74
MCH7773,Nath-Parikh,5699,Apparel & Clothing,Individual,Jaipur,Rajasthan,2025-08-09 12:42:00,XXXX0128,ACTIVE,544.16
MCH5171,"Pandya, Bawa And Kibe",4131,Transportation,Partnership,Jaipur,Rajasthan,2024-11-18 00:00:00,XXXX5385,ACTIVE,1895.53
MCH7631,Chawla-Ganesh,4131,Transportation,Individual,Pune,Maharashtra,2023-12-07 00:00:00,1532003029,ACTIVE,6757.26
MCH7902,Deol Inc,4131,Transportation,Partnership,Ludhiana,Punjab,2025-07-05 00:00:00,,ACTIVE,2892.53
MCH4136,Sehgal Plc,5699,Apparel & Clothing,Partnership,Mumbai,Maharashtra,2024-07-30 00:00:00,,ACTIVE,2564.97
MCH4790,Date Plc,7011,Hotels & Lodging,Individual,Amritsar,Punjab,2025-12-11 10:11:45,XXXX3526,SUSPENDED,199.0
MCH2035,Hora-Grover,4131,Transportation,Sole Proprietorship,Delhi,Delhi,2026-01-07 09:43:17,,ACTIVE,212.97
MCH7806,"Sahni, Bhavsar And Kaul",4131,Transportation,Private Limited,Hyderabad,Telangana,2023-04-17 00:00:00,XXXX2487,ACTIVE,1046.19
MCH7993,Garde Inc,4814,Telecommunication Services,Partnership,Kolkata,West Bengal,2023-04-23 00:00:00,4099690978,ACTIVE,1024.0
MCH5551,Narain-Goda,5699,Apparel & Clothing,Private Limited,Mumbai,Maharashtra,2026-09-01 00:00:00,,ACTIVE,817.05
MCH3885,Thakur Inc,4131,Transportation,Private Limited,Chennai,Tamil Nadu,,8680968188,ACTIVE,618.81
MCH1710,"Tara, Dash And Pau",5912,Pharmacies & Healthcare,Partnership,Lucknow,Uttar Pradesh,2026-02-26 00:00:00,,ACTIVE,804.19
MCH3956,Kota Ltd,5311,Department Stores,Private Limited,Hyderabad,Telangana,2023-11-14 00:00:00,,ACTIVE,656.81
MCH4540,Nadig Llc,5699,Apparel & Clothing,Partnership,Mumbai,Maharashtra,2024-03-02 18:04:00,,ACTIVE,7331.0
MCH4089,Mistry And Sons,5411,Grocery Stores,Sole Proprietorship,Mumbai,Maharashtra,2024-07-20 00:00:00,FZNP2052339077080,ACTIVE,1563.22
MCH8220,Sarkar Plc,5411,Grocery Stores,Private Limited,Poona,Maharashtra,2024-06-11 00:00:00,,ACTIVE,142.34
MCH2993,"Dube, Yadav And Konda",5942,Books & Stationery,Individual,Jaipur,Rajasthan,2025-07-14 00:00:00,WWQW1736251351915,ACTIVE,2422.76
MCH5847,"Kar, Gupta And Choudhry",7011,Hotels & Lodging,Sole Proprietorship,Kolkata,West Bengal,2023-05-20 00:00:00,8964900216,ACTIVE,4487.3
MCH7439,Jayaraman Plc,7011,Hotels & Lodging,Private Limited,Kolkata,West Bengal,2024-07-04 13:32:00,,ACTIVE,7697.49
MCH9977,Mohanty-Desai,4814,Telecommunication Services,Sole Proprietorship,Mumbai,Maharashtra,2023-02-13 00:00:00,0069594001,ACTIVE,845.52
MCH5777,Dubey And Sons,5999,Miscellaneous Retail,Individual,Bengaluru,Karnataka,2025-01-12 19:34:00,,INACTIVE,4320.83
MCH6223,Ramanathan-Dhingra,4131,Transportation,Individual,Lucknow,Uttar Pradesh,2023-10-03 00:00:00,4296850394,ACTIVE,306.0
MCH8527,Tella-Mani,5912,Pharmacies & Healthcare,Partnership,Ldh,Punjab,2025-09-11 00:00:00,,ACTIVE,
MCH1304,Sama Ltd,5912,Pharmacies & Healthcare,Individual,Bengaluru,Karnataka,2024-02-27 00:00:00,9710613459,ACTIVE,4095.57
MCH9279,Choudhury Llc,5411,Grocery Stores,Sole Proprietorship,Kolkata,West Bengal,2024-11-18 00:00:00,0970198759,ACTIVE,644.81
MCH1599,Rastogi-Kumer,5311,Department Stores,Partnership,Jalandhar,Punjab,2025-12-25 00:00:00,EEOR2299289390848,ACTIVE,361.82
MCH5823,Sen Llc,4814,Telecommunication Services,Sole Proprietorship,Pune,Maharashtra,2024-08-30 01:05:00,,ACTIVE,7119.48
MCH9847,"Krish, Rau And Parsa",5999,Miscellaneous Retail,Private Limited,Kolkata,West Bengal,2024-12-26 00:00:00,,ACTIVE,1027.86
MCH6336,"Kunda, Kumar And Gulati",4131,Transportation,Private Limited,Chennai,Tamil Nadu,2024-03-16 16:19:00,XXXX8337,ACTIVE,772.78
MCH7910,Shenoy Llc,5812,Restaurants & Dining,Partnership,Hyderabad,Telangana,2024-03-25 00:00:00,5996954160,INACTIVE,741.5
MCH3510,Sankaran Inc,5699,Apparel & Clothing,Individual,Hyderabad,Telangana,2026-02-18 00:00:00,9848495819,INACTIVE,2317.0
MCH6305,"Chakraborty,Hansandsahota",4131,Transportation,Individual,Mumbai,Maharashtra,2025-10-20 00:00:00,,ACTIVE,1075.82
MCH4024,Choudhury Ltd,5999,Miscellaneous Retail,Individual,Ludhiana,Punjab,2025-03-28 00:00:00,XSWD9540302475782,ACTIVE,2449.8
MCH2266,Natarajan And Sons,5912,Pharmacies & Healthcare,Individual,Chennai,Tamil Nadu,2025-04-17 01:53:35,NABB6271790214696,ACTIVE,447.78
MCH1696,Rai And Sons,5311,Department Stores,Individual,Jaipur,Rajasthan,2023-04-24 23:28:29,,ACTIVE,2898.12
MCH6680,Vaidya-Agrawal,5999,Miscellaneous Retail,Partnership,Delhi,Delhi,2025-05-28 00:00:00,,ACTIVE,
MCH4856,Aurora Ltd,4814,Telecommunication Services,Sole Proprietorship,Jaipur,Rajasthan,2024-05-13 21:42:00,ECWU8427158374985,INACTIVE,3394.14
MCH9736,Sant Plc,7011,Hotels & Lodging,Sole Proprietorship,Lucknow,Uttar Pradesh,2024-12-07 00:00:00,4147851928,ACTIVE,1081.26
MCH6590,Handainc,5699,Apparel & Clothing,Individual,Kolkata,West Bengal,2024-07-04 00:00:00,IRLC4441881574347,ACTIVE,2071.46
MCH7280,"Sathe, Shan And Oommen",5411,Grocery Stores,Individual,Ludhiana,Punjab,2025-10-21 00:00:00,XXXX0221,ACTIVE,466.99
MCH2713,Dayal Group,5699,Apparel & Clothing,Individual,Poona,Maharashtra,2024-10-08 00:00:00,1734751668,ON_HOLD,1199.07
MCH5500,"Dubey, Tandon And Batta",4814,Telecommunication Services,Sole Proprietorship,Lucknow,Uttar Pradesh,2024-06-06 00:00:00,8963304371,ACTIVE,2211.38
MCH8840,Chatterjee And Sons,5311,Department Stores,Individual,Pune,Maharashtra,2024-09-26 02:57:00,,ACTIVE,1208.62
MCH1328,Buch And Sons,7011,Hotels & Lodging,Sole Proprietorship,Chennai,Tamil Nadu,2025-03-28 00:00:00,JVTH6188797527471,ACTIVE,711.0
MCH1469,"Choudhury, Jani And Ramaswamy",5942,Books & Stationery,Sole Proprietorship,Bengaluru,Karnataka,2025-03-28 00:00:00,XXXX9996,ACTIVE,416.0
MCH9081,Patil-Hans,4814,Telecommunication Services,Individual,Mumbai,Maharashtra,2025-06-12 12:49:19,8795015116,ACTIVE,
MCH9947,Sarkar Ltd,5311,Department Stores,Individual,Ludhiana,Punjab,2023-06-25 00:00:00,GOFP4316530582610,ACTIVE,
MCH6984,Wadhwa Llc,5411,Grocery Stores,Individual,Pune,Maharashtra,2025-01-23 00:00:00,3976512741,ACTIVE,542.76
MCH9192,Gandhi Llc,5912,Pharmacies & Healthcare,Individual,Jaipur,Rajasthan,2025-03-01 00:00:00,,ACTIVE,1758.06
MCH5555,"Banerjee, Kurian And Tara",4814,Telecommunication Services,Sole Proprietorship,Jalandhar,Punjab,2025-05-21 00:00:00,,ACTIVE,
MCH4573,"Edwin, Manda And Biswas",5912,Pharmacies & Healthcare,Sole Proprietorship,Pune,Maharashtra,2025-02-28 14:41:00,3049901910,ACTIVE,2824.05
MCH9397,Ramaswamy-Goel,5411,Grocery Stores,Private Limited,Jalandhar,Punjab,2025-12-20 01:06:00,3711511693,ACTIVE,1519.0
MCH9617,Ranganathan-Ha1Der,5411,Grocery Stores,Private Limited,Chennai,Tamil Nadu,2024-08-12 00:00:00,6857352456,ACTIVE,904.23
MCH2566,Oommen Inc,5999,Miscellaneous Retail,Private Limited,Delhi,Delhi,,XXXX9507,ACTIVE,2200.23
MCH2888,Chahal Llc,5912,Pharmacies & Healthcare,Private Limited,Mumbai,Maharashtra,2023-04-21 00:00:00,XXXX3951,ACTIVE,631.05
MCH9672,Contractor-Sinha,5311,Department Stores,Individual,Kolkata,West Bengal,2024-11-26 00:00:00,8867559277,ACTIVE,1371.8
MCH9659,Gokhale-Bassi,4814,Telecommunication Services,Sole Proprietorship,Mumbai,Maharashtra,2023-09-11 00:00:00,AEKL3434312955275,ACTIVE,269.4
MCH4821,"Kade, Dhawan And Kadakia",5411,Grocery Stores,Private Limited,Mumbai,Maharashtra,2024-03-14 00:00:00,,ACTIVE,2277.0
MCH9018,Tak Plc,5999,Miscellaneous Retail,Partnership,Amritsar,Punjab,2023-11-25 00:00:00,,ACTIVE,354.66
MCH3331,"Shukla, Kadakia And Kata",5699,Apparel & Clothing,Private Limited,Ludhiana,Punjab,2025-03-18 00:00:00,,ACTIVE,1008.43
MCH9161,Patla Group,5311,Department Stores,Individual,Pune,Maharashtra,2024-10-25 00:00:00,XXXX6366,ACTIVE,1771.36
MCH9901,Oommen Ltd,7011,Hotels & Lodging,Sole Proprietorship,Hyderabad,Telangana,2025-10-01 18:50:10,XXXX3340,INACTIVE,538.3
MCH3853,Bhat-Dutt,5411,Grocery Stores,Sole Proprietorship,Hyderabad,Telangana,2023-03-05 00:00:00,,ACTIVE,
MCH5914,Ku1Karni-Deshmukh,5699,Apparel & Clothing,Individual,Jaipur,Rajasthan,2025-04-24 21:08:53,,ACTIVE,386.71
MCH6290,Chaudhry-Agarwal,5999,Miscellaneous Retail,Partnership,Ludhiana,Punjab,2023-01-09 00:00:00,,INACTIVE,5757.0
MCH6665,Wadhwainc,5311,Department Stores,Private Limited,Delhi,Delhi,2025-07-05 00:00:00,,ACTIVE,1714.72
MCH4087,"Basak, Lal And Tailor",4814,Telecommunication Services,Private Limited,Pune,Maharashtra,2025-03-10 00:37:00,,ACTIVE,298.11
MCH7714,"Koshy, Dani And Barad",4814,Telecommunication Services,Private Limited,Jalandhar,Punjab,2023-10-27 23:10:00,,ACTIVE,669.74
MCH5663,"Goyal, Brahmbhatt And Raja",5912,Pharmacies & Healthcare,Individual,Ludhiana,Punjab,2023-05-31 00:00:00,,ON_HOLD,2417.27
MCH3099,Peri-Parmer,5699,Apparel & Clothing,Partnership,Delhi,Delhi,2024-06-22 00:00:00,,ACTIVE,2046.1
MCH6275,Tank Plc,4814,Telecommunication Services,Sole Proprietorship,Chennai,Tamil Nadu,2024-08-26 00:00:00,XXXX8300,ACTIVE,781.0
MCH2447,Anand Llc,4131,Transportation,Sole Proprietorship,Jaipur,Rajasthan,,,INACTIVE,1803.52
MCH4460,Bumb Plc,5942,Books & Stationery,Private Limited,Chennai,Tamil Nadu,,XXXX4424,ACTIVE,696.95
MCH9823,Kunda-Parekh,5812,Restaurants & Dining,Individual,Mumbai,Maharashtra,2023-04-10 00:00:00,YIKU2339191619475,ACTIVE,1308.28
MCH9096,Tandon-Thaman,5999,Miscellaneous Retail,Individual,Delhi,Delhi,2023-09-03 00:00:00,3351065613,ACTIVE,2658.35
MCH9649,Sachdeva-Dey,7011,Hotels & Lodging,Sole Proprietorship,Amritsar,Punjab,2025-06-12 07:10:00,XRSK3388415827357,ACTIVE,493.43
MCH5235,Palla Inc,5942,Books & Stationery,Partnership,Bengaluru,Karnataka,2024-10-27 00:00:00,,ACTIVE,3807.5
MCH9154,"Mangat, Sarkar And Vasa",5311,Department Stores,Sole Proprietorship,Hyderabad,Telangana,2023-03-09 00:00:00,DTTZ1892927349834,ACTIVE,1303.87
MCH4761,Khalsa Plc,5912,Pharmacies & Healthcare,Individual,Jaipur,Rajasthan,2025-01-17 07:20:16,DXWD4550992976599,INACTIVE,4970.84
MCH8314,Mahajan-Batta,4131,Transportation,Individual,Lucknow,Uttar Pradesh,2024-01-04 00:00:00,,ACTIVE,856.24
MCH1180,Sangha And Sons,5411,Grocery Stores,Individual,Hyderabad,Telangana,2023-11-03 00:00:00,VUOK6265318074983,ACTIVE,993.08
MCH1768,"Mody, Tata And Chatterjee",4131,Transportation,Sole Proprietorship,Chennai,Tamil Nadu,2024-09-08 00:00:00,,ACTIVE,360.87
MCH5402,"Mandal, Chada And Deshpande",5411,Grocery Stores,Sole Proprietorship,Delhi,Delhi,2025-08-11 00:00:00,,SUSPENDED,503.34
MCH7595,Subramaniam-Balasubramanian,5411,Grocery Stores,Individual,Ludhiana,Punjab,2026-01-07 00:00:00,4323936215,ACTIVE,3392.31
MCH2424,Patil Ltd,5912,Pharmacies & Healthcare,Partnership,Chennai,Tamil Nadu,2023-08-10 14:00:00,,ACTIVE,737.41
MCH5894,Borra-Tiwari,5311,Department Stores,Partnership,Bengaluru,Karnataka,2025-05-24 19:29:00,,ACTIVE,239.64
MCH4672,Sandhu Llc,5942,Books & Stationery,Partnership,Bengaluru,Karnataka,,,ACTIVE,456.49
MCH7715,Patla-Memon,5699,Apparel & Clothing,Private Limited,Chennai,Tamil Nadu,2024-02-28 04:11:46,,ACTIVE,1669.66
MCH3806,Parmerllc,5411,Grocery Stores,Sole Proprietorship,Jaipur,Rajasthan,2024-11-04 00:00:00,6810844450,ACTIVE,1939.0
MCH6454,Nagi-Ch0Udhury,5699,Apparel & Clothing,Private Limited,Bengaluru,Karnataka,2024-03-28 00:00:00,XXXX1525,INACTIVE,3116.0
MCH3602,"Panchal, Karpe And Bhatti",7011,Hotels & Lodging,Partnership,Amritsar,Punjab,2023-08-29 00:00:00,NJWF8221387776765,ACTIVE,754.95
MCH3319,"Jani, Tailor And Radhakrishnan",5699,Apparel & Clothing,Sole Proprietorship,Jalandhar,Punjab,2024-08-26 05:30:00,IUQF4655993827398,ACTIVE,516.88
MCH4131,Chaudhryinc,5999,Miscellaneous Retail,Partnership,Amritsar,Punjab,2023-07-01 00:00:00,,ACTIVE,1561.61
MCH3252,"Patel, Saran And Bala",5699,Apparel & Clothing,Individual,Poona,Maharashtra,2023-06-18 00:00:00,4243165999,ACTIVE,1917.91
MCH4111,Brahmbhatt Llc,5999,Miscellaneous Retail,Partnership,Lucknow,Uttar Pradesh,,,SUSPENDED,682.69
MCH5295,"Goda, Prashad And Narain",5912,Pharmacies & Healthcare,Individual,Lucknow,Uttar Pradesh,2024-10-27 00:00:00,,ACTIVE,888.39
MCH5335,Daya1-Gera,7011,Hotels & Lodging,Partnership,Delhi,Delhi,,,ACTIVE,699.3
MCH9555,"Nadig, Kumer And Nath",5912,Pharmacies & Healthcare,Partnership,Lucknow,Uttar Pradesh,2023-01-02 00:00:00,9648467253,ACTIVE,
MCH2238,Chakrabarti-Lata,5699,Apparel & Clothing,Individual,Amritsar,Punjab,2024-10-19 10:57:01,0636957365,ACTIVE,1650.0
MCH1636,Nigam Plc,5699,Apparel & Clothing,Partnership,Delhi,Delhi,2024-06-13 01:00:37,,ACTIVE,2284.21
MCH6080,"Kanda, Krishnan And Chaudry",5411,Grocery Stores,Private Limited,Chennai,Tamil Nadu,2023-02-27 00:47:00,,INACTIVE,1675.16
MCH8449,Vaidya-Gulati,5812,Restaurants & Dining,Private Limited,Chennai,Tamil Nadu,2024-04-06 00:00:00,TCOQ6253751311209,ACTIVE,118.49
MCH7152,"Bedi, Patil And Rana",5311,Department Stores,Private Limited,Chennai,Tamil Nadu,2026-01-02 00:00:00,2453620033,INACTIVE,1076.99
MCH4408,Dhar-Shetty,5912,Pharmacies & Healthcare,Individual,Amritsar,Punjab,2023-12-19 00:00:00,XXXX8510,INACTIVE,425.49
MCH7327,"Krish, Dhar And Choudhury",4814,Telecommunication Services,Individual,Kolkata,West Bengal,2023-05-22 13:42:22,KDMG5541225124685,ACTIVE,440.0
MCH6556,Chana-Barad,5999,Miscellaneous Retail,Private Limited,Jalandhar,Punjab,2024-09-06 00:00:00,XXXX3130,ACTIVE,1172.0
MCH6031,Chauhan Group,5699,Apparel & Clothing,Individual,Hyderabad,Telangana,2024-12-13 22:44:00,XXXX4944,ACTIVE,654.0
MCH8963,"Aggarwal,Nagiandborde",5411,Grocery Stores,Sole Proprietorship,Ludhiana,Punjab,2024-01-08 17:56:00,UGNI2119725168826,ACTIVE,474.91
MCH4216,Ratta And Sons,5942,Books & Stationery,Partnership,Jalandhar,Punjab,2023-10-07 00:00:00,XXXX5580,ACTIVE,1337.5
MCH9569,Parekh-Kalita,5311,Department Stores,Individual,Amritsar,Punjab,2025-12-07 00:00:00,XXXX5054,ACTIVE,1617.31
MCH7106,Master And Sons,5812,Restaurants & Dining,Partnership,Lucknow,Uttar Pradesh,2023-01-27 00:00:00,6057584489,ACTIVE,1328.09
MCH3489,Bahl-Bhavsar,4131,Transportation,Partnership,Delhi,Delhi,,XXXX6898,ACTIVE,908.03
MCH7938,Chander Ltd,4814,Telecommunication Services,Sole Proprietorship,Bengaluru,Karnataka,2023-09-22 00:00:00,,ACTIVE,639.19
MCH4967,Mallick Plc,4131,Transportation,Partnership,Amritsar,Punjab,2025-08-22 00:00:00,XXXX4798,ACTIVE,3082.77
MCH8308,"Mukhopadhyay, Kothari And Raval",5999,Miscellaneous Retail,Individual,Amritsar,Punjab,2023-01-21 00:00:00,2673122998,ACTIVE,764.32
MCH1658,Khatri-Mohanty,5812,Restaurants & Dining,Sole Proprietorship,Jaipur,Rajasthan,2025-08-08 00:00:00,DGXZ0949885183603,INACTIVE,2016.79
MCH8142,Mane And Sons,5912,Pharmacies & Healthcare,Private Limited,Ludhiana,Punjab,2025-08-25 00:00:00,WMPI8979622395583,ACTIVE,5955.63
MCH3247,Nagarajan-Shan,5912,Pharmacies & Healthcare,Individual,Chennai,Tamil Nadu,2025-07-04 21:55:00,5730507447,INACTIVE,2666.23
MCH6953,Khurana-Prabhakar,5942,Books & Stationery,Partnership,Hyderabad,Telangana,2024-03-10 00:00:00,,ACTIVE,2749.21
MCH3250,Bose-Kalita,5311,Department Stores,Sole Proprietorship,Mumbai,Maharashtra,,,INACTIVE,1514.47
MCH6337,Chander Llc,5912,Pharmacies & Healthcare,Individual,Kolkata,West Bengal,2025-12-28 22:16:00,,ACTIVE,1428.08
MCH2407,Chaudhry Plc,5912,Pharmacies & Healthcare,Private Limited,Pune,Maharashtra,,4475713369,ACTIVE,5215.07
MCH5225,"Bera, Guha And Narayan",5942,Books & Stationery,Individual,Hyderabad,Telangana,2025-08-16 05:25:00,AJUQ5177176562909,ACTIVE,
MCH6773,"Parmar, Sahota And Rajagopalan",5999,Miscellaneous Retail,Sole Proprietorship,Poona,Maharashtra,2024-02-23 00:00:00,GSZT9943608461358,ACTIVE,3042.0
MCH8432,Lad Inc,5942,Books & Stationery,Private Limited,Delhi,Delhi,2024-10-07 00:00:00,FRLI9065794513387,ACTIVE,394.7
MCH6267,Mandal-Badal,4814,Telecommunication Services,Partnership,Mumbai,Maharashtra,2024-12-10 00:00:00,,ACTIVE,
MCH1846,Kurian-Chad,7011,Hotels & Lodging,Partnership,Chennai,Tamil Nadu,2023-03-23 22:54:26,,ACTIVE,597.53
MCH9983,Bhagat Group,5411,Grocery Stores,Individual,Pune,Maharashtra,2025-11-27 00:00:00,XXXX2568,ACTIVE,3669.57
MCH2741,"Palan, Bhalla And Srinivasan",5812,Restaurants & Dining,Individual,Jaipur,Rajasthan,2025-12-19 01:05:00,XXXX0289,ACTIVE,1319.0
MCH7211,"Apte, Vasa And Batta",5942,Books & Stationery,Sole Proprietorship,Mumbai,Maharashtra,2024-11-18 13:48:32,,ACTIVE,1841.0
MCH3473,"Mahal, Butala And Shenoy",4131,Transportation,Individual,Amritsar,Punjab,2025-11-20 23:26:00,9906876351,INACTIVE,456.8
MCH2480,Banik-Nagar,5812,Restaurants & Dining,Private Limited,Jaipur,Rajasthan,2025-07-27 00:00:00,XXXX7952,ACTIVE,3594.0
MCH5998,Joshi Inc,5411,Grocery Stores,Private Limited,Chennai,Tamil Nadu,2024-08-30 00:00:00,,ACTIVE,1152.74
MCH2040,Goel-Dewan,5999,Miscellaneous Retail,Individual,Delhi,Delhi,2025-07-12 00:00:00,EFTH2141412119625,ACTIVE,320.83
MCH6343,Bains Plc,4814,Telecommunication Services,Partnership,Mumbai,Maharashtra,2024-07-10 00:00:00,,ACTIVE,4598.19
MCH8937,"Mand, Bhatt And Pathak",7011,Hotels & Lodging,Individual,Amritsar,Punjab,2023-06-10 00:00:00,OPXS5269399322215,ACTIVE,2746.33
MCH6359,Pai-Dada,4131,Transportation,Individual,Jaipur,Rajasthan,2025-05-27 00:00:00,XFLS9466066220965,ACTIVE,484.0
MCH8965,Lal And Sons,5942,Books & Stationery,Sole Proprietorship,Chennai,Tamil Nadu,2025-09-07 00:00:00,,ACTIVE,
MCH3989,Madan Llc,5411,Grocery Stores,Partnership,Jaipur,Rajasthan,2023-09-18 07:54:00,9575202686,ACTIVE,238.33
MCH9132,Shankar-Bahl,4814,Telecommunication Services,Individual,Pune,Maharashtra,2023-04-12 18:44:00,LXEB0419516326153,SUSPENDED,2278.28
MCH2282,Mall Group,5999,Miscellaneous Retail,Partnership,Jalandhar,Punjab,2024-02-08 23:31:25,0935990033,ACTIVE,654.0
MCH5595,"Menon, Ahluwalia And Mistry",7011,Hotels & Lodging,Sole Proprietorship,Jaipur,Rajasthan,2026-02-10 09:42:44,,ACTIVE,376.55
MCH7051,Ramachandran-Rajan,5812,Restaurants & Dining,Partnership,Mumbai,Maharashtra,2023-12-26 00:00:00,XXXX3526,ACTIVE,1183.53
MCH6675,Vora And Sons,5699,Apparel & Clothing,Partnership,Ludhiana,Punjab,2025-07-31 00:00:00,XXXX5119,ACTIVE,769.28
MCH5404,Cherian Group,7011,Hotels & Lodging,Sole Proprietorship,Pune,Maharashtra,2025-04-05 21:50:56,DZIB4073572435126,ACTIVE,1440.0
MCH6611,Mand Plc,5411,Grocery Stores,Private Limited,Chennai,Tamil Nadu,2023-01-01 00:00:00,,ACTIVE,1110.3
MCH3382,"Patla, Thakur And Kaur",4131,Transportation,Private Limited,Pune,Maharashtra,2025-02-06 19:20:09,,ACTIVE,470.22
MCH7950,Om-Andra,5411,Grocery Stores,Individual,Ludhiana,Punjab,,,ACTIVE,3471.68
MCH9276,Bandi Inc,5942,Books & Stationery,Private Limited,Jalandhar,Punjab,,3029302980,ACTIVE,2777.32
MCH1873,Rai-Nagi,4131,Transportation,Private Limited,Delhi,Delhi,2024-01-10 07:35:09,,ACTIVE,3862.0
MCH7076,Bava-Shroff,5999,Miscellaneous Retail,Sole Proprietorship,Chennai,Tamil Nadu,2025-09-03 01:54:16,,ACTIVE,875.99
MCH1143,Arya-Khanna,4131,Transportation,Sole Proprietorship,Jalandhar,Punjab,2023-08-16 00:00:00,9953530102,ACTIVE,486.39
MCH6464,Date Llc,5699,Apparel & Clothing,Private Limited,Bengaluru,Karnataka,2025-12-03 00:00:00,XXXX4137,ACTIVE,3772.0
MCH5169,Kurian-Narayan,5942,Books & Stationery,Individual,Jalandhar,Punjab,2024-06-01 00:00:00,7935605737,ACTIVE,1621.49
MCH7613,"Parekh, Ch0Kshi And Das",5699,Apparel & Clothing,Private Limited,Jaipur,Rajasthan,2024-11-23 19:31:50,VJFK9617718212331,ACTIVE,419.26
MCH8628,Pai-Upadhyay,7011,Hotels & Lodging,Sole Proprietorship,Amritsar,Punjab,,,ACTIVE,12455.57
MCH5223,"Dua, Raj And Aurora",5812,Restaurants & Dining,Private Limited,Ludhiana,Punjab,2024-06-08 00:00:00,XXXX3071,ACTIVE,986.86
MCH3849,Das-Ratta,4814,Telecommunication Services,Individual,Chennai,Tamil Nadu,2024-06-13 00:11:00,MLDH2446114366761,ACTIVE,4368.0
MCH3441,"Naidu, Nayar And Chand",5942,Books & Stationery,Partnership,Ldh,Punjab,2023-05-29 00:00:00,1623488849,ACTIVE,817.0
MCH3959,"Kant, Goel And Pradhan",5999,Miscellaneous Retail,Individual,Hyderabad,Telangana,2025-03-19 00:00:00,XXXX9762,ACTIVE,1214.73
MCH5781,Bava And Sons,7011,Hotels & Lodging,Partnership,Hyderabad,Telangana,2024-03-24 09:56:13,,ACTIVE,2364.14
MCH8870,Sandhu Inc,5699,Apparel & Clothing,Private Limited,Ludhiana,Punjab,2023-02-14 00:00:00,,INACTIVE,
MCH3057,Nagy-Banik,5311,Department Stores,Partnership,Kolkata,West Bengal,2024-03-15 00:00:00,PCQH3034924487610,ACTIVE,764.15
MCH2979,"Kurian, Guha And Gaba",5999,Miscellaneous Retail,Individual,Chennai,Tamil Nadu,2023-03-11 13:48:16,XXXX6692,ACTIVE,7883.21
MCH3406,"Swamy, Borah And Sampath",5311,Department Stores,Individual,Mumbai,Maharashtra,2024-05-22 03:05:47,XXXX9630,INACTIVE,438.79
MCH6836,Gola-Rout,5999,Miscellaneous Retail,Sole Proprietorship,Bengaluru,Karnataka,2025-12-03 00:00:00,6402935239,SUSPENDED,2040.92
MCH3142,"Dugar, Merchant And Kala",5942,Books & Stationery,Private Limited,Jaipur,Rajasthan,2024-01-01 08:46:47,CUQS1241290775925,ACTIVE,619.08
MCH4903,Khatri Gr0Up,5311,Department Stores,Individual,Delhi,Delhi,2024-07-07 00:00:00,,ACTIVE,
MCH5765,Murty Inc,4131,Transportation,Partnership,Mumbay,Maharashtra,2025-07-18 00:00:00,,ACTIVE,2715.83
MCH3964,"Bala, Chanda And Loyal",5942,Books & Stationery,Partnership,Jaipur,Rajasthan,2023-09-05 00:00:00,CFOS0283411374388,ACTIVE,2002.33
MCH9968,Swamy-Was0N,5311,Department Stores,Sole Proprietorship,Mumbai,Maharashtra,2024-04-29 12:30:36,,INACTIVE,526.26
MCH6146,Handa Llc,5912,Pharmacies & Healthcare,Individual,Amritsar,Punjab,2023-01-01 00:00:00,BIZN7645519547179,ACTIVE,1061.38
MCH9865,Minhas Plc,5942,Books & Stationery,Private Limited,Delhi,Delhi,2025-11-29 00:00:00,,ACTIVE,334.0
MCH6572,Naidu Plc,5311,Department Stores,Private Limited,Pune,Maharashtra,2025-03-17 00:00:00,HNFH7484368794581,ACTIVE,402.0
MCH4084,Mitra Plc,5311,Department Stores,Individual,Jalandhar,Punjab,2023-12-15 00:00:00,XXXX5719,ACTIVE,973.94
MCH9385,"Ray, Gu1Ati And Gi11",4814,Telecommunication Services,Sole Proprietorship,Amritsar,Punjab,2024-02-17 00:00:00,,ACTIVE,1178.44
MCH5277,Kannan-Deshmukh,5942,Books & Stationery,Private Limited,Lucknow,Uttar Pradesh,2025-09-26 09:01:09,,INACTIVE,4638.51
MCH8824,Mani Plc,5999,Miscellaneous Retail,Individual,Hyderabad,Telangana,2024-02-22 00:00:00,0602443496,ACTIVE,1314.9
MCH1397,"Bir,Ravelandswaminathan",5411,Grocery Stores,Partnership,Pune,Maharashtra,2023-07-16 00:00:00,,ACTIVE,6150.31
MCH4608,Chandran Group,5699,Apparel & Clothing,Sole Proprietorship,Lucknow,Uttar Pradesh,2023-09-05 14:14:00,ZPZS9153819912287,ACTIVE,950.53
MCH1800,Mall Plc,5311,Department Stores,Private Limited,Hyderabad,Telangana,2025-10-24 00:00:00,,ACTIVE,1030.0
MCH1594,Bera Inc,5999,Miscellaneous Retail,Private Limited,Amritsar,Punjab,2024-09-05 00:00:00,9659925213,ACTIVE,2187.43
MCH7804,Deo-Pandya,5812,Restaurants & Dining,Partnership,Jaipur,Rajasthan,,XXXX1482,SUSPENDED,492.54
MCH7667,Lalla And Sons,5311,Department Stores,Individual,Hyderabad,Telangana,2023-01-20 00:00:00,,ACTIVE,1676.0
MCH3705,"Prakash, Korpal And Narasimhan",5812,Restaurants & Dining,Sole Proprietorship,Jaipur,Rajasthan,2025-11-10 00:00:00,,ACTIVE,753.96
MCH7726,Modi Ltd,5311,Department Stores,Individual,Lucknow,Uttar Pradesh,2025-05-17 15:11:06,XXXX3760,ACTIVE,1955.14
MCH9641,Andra Ltd,5912,Pharmacies & Healthcare,Private Limited,Kolkata,West Bengal,2025-10-15 02:13:04,2325222758,ACTIVE,3323.59
MCH4811,Chaudhry-Majumdar,5912,Pharmacies & Healthcare,Private Limited,Delhi,Delhi,2024-06-26 00:00:00,XXXX5566,ACTIVE,615.9
MCH6868,Tara Group,5311,Department Stores,Partnership,Pune,Maharashtra,2024-02-04 01:10:36,,ACTIVE,323.93
MCH6889,Behl-Deep,5942,Books & Stationery,Partnership,Bengaluru,Karnataka,2023-12-22 00:00:00,ZYSS9298134271861,ACTIVE,
MCH1488,"Chada, Gopal And Rajagopal",4814,Telecommunication Services,Sole Proprietorship,Jaipur,Rajasthan,2026-01-02 00:00:00,,ACTIVE,1905.0
MCH3232,"Sarraf,Chaudhuriandacharya",5812,Restaurants & Dining,Sole Proprietorship,Kolkata,West Bengal,2024-05-29 00:00:00,,ACTIVE,
MCH7576,Ramanathan-Menon,7011,Hotels & Lodging,Partnership,Jalandhar,Punjab,2024-10-14 09:09:31,,ACTIVE,757.61
MCH2098,Ranganathan-Chopra,4131,Transportation,Private Limited,Chennai,Tamil Nadu,2023-05-13 00:00:00,,ACTIVE,4538.04
MCH5250,Virk-Nadkarni,5999,Miscellaneous Retail,Partnership,Pune,Maharashtra,2023-07-16 00:00:00,,SUSPENDED,759.43
MCH2222,"Mani, Ravel And Agrawal",5699,Apparel & Clothing,Sole Proprietorship,Lucknow,Uttar Pradesh,2023-10-01 00:00:00,,ACTIVE,815.84
MCH7702,Ahuja-Nayar,5411,Grocery Stores,Private Limited,Ludhiana,Punjab,2024-10-04 00:00:00,,SUSPENDED,
MCH3511,"Konda, Venkatesh And Jha",5411,Grocery Stores,Individual,Lucknow,Uttar Pradesh,2025-06-28 00:00:00,BGWP5416829581598,ACTIVE,
MCH2440,Hans-Master,7011,Hotels & Lodging,Sole Proprietorship,Ldh,Punjab,2023-02-15 11:47:00,IUZN5055483856054,ACTIVE,1395.0
MCH8044,"Sant, Nadkarni And Rajan",5311,Department Stores,Individual,Bengaluru,Karnataka,2024-10-13 07:30:00,,ACTIVE,794.78
MCH7913,Khare Inc,5912,Pharmacies & Healthcare,Partnership,Pune,Maharashtra,2025-02-22 00:00:00,QFFQ8944942522196,ACTIVE,1243.32
MCH8640,"Vasa, Nanda And Bhat",5311,Department Stores,Sole Proprietorship,Pune,Maharashtra,2025-03-05 00:00:00,,ACTIVE,347.11
MCH1892,Shanker-De,7011,Hotels & Lodging,Private Limited,Mumbai,Maharashtra,2024-02-12 01:08:42,4394256877,ACTIVE,987.4
MCH3507,"Sundaram, Shan And Subramanian",7011,Hotels & Lodging,Individual,Amritsar,Punjab,2023-01-28 00:00:00,7115308153,ACTIVE,950.31
MCH3627,"Chandra, Venkataraman And Palla",5912,Pharmacies & Healthcare,Sole Proprietorship,Jaipur,Rajasthan,2025-09-10 00:00:00,1981451941,ACTIVE,379.66
MCH3601,Lanka Inc,5942,Books & Stationery,Individual,Pune,Maharashtra,2025-05-14 07:26:19,,ACTIVE,4672.85
MCH7126,"Shankar, Dave And Mahajan",4131,Transportation,Individual,Pune,Maharashtra,2025-05-29 00:00:00,XXXX9486,ACTIVE,2564.94
MCH2789,Peri-Panchal,5311,Department Stores,Partnership,Jalandhar,Punjab,,,ACTIVE,1044.19
MCH6543,Nagi-Pradhan,5411,Grocery Stores,Private Limited,Mumbai,Maharashtra,2025-07-17 01:33:23,,ACTIVE,2785.85
MCH3265,Mittal Ltd,5942,Books & Stationery,Private Limited,Hyderabad,Telangana,2024-08-15 00:38:28,GNXO4175681425980,ACTIVE,4170.98
MCH2027,"Boase, Ghosh And Manda",5311,Department Stores,Partnership,Chennai,Tamil Nadu,2023-12-16 00:00:00,XXXX6284,ACTIVE,1163.7
MCH2542,Thakur Group,5411,Grocery Stores,Sole Proprietorship,Kolkata,West Bengal,2023-12-15 00:00:00,7251186427,INACTIVE,3711.74
MCH4818,Deol Inc,5999,Miscellaneous Retail,Individual,Delhi,Delhi,2024-04-29 00:00:00,RIGL0488107049334,ACTIVE,316.0
MCH3148,Raoltd,4814,Telecommunication Services,Individual,Delhi,Delhi,2023-01-16 00:00:00,,ACTIVE,1684.65
MCH2038,Dara-Sama,7011,Hotels & Lodging,Individual,Hyderabad,Telangana,2023-08-20 00:00:00,1467343581,ACTIVE,801.94
MCH6757,Brar-Saha,5942,Books & Stationery,Sole Proprietorship,Ludhiana,Punjab,2024-05-09 00:00:00,NTTY4243627390116,ACTIVE,602.25
MCH8735,"Chhabra, Kunda And Sem",4814,Telecommunication Services,Partnership,Jalandhar,Punjab,2025-09-18 00:00:00,DZIA5449518052658,ACTIVE,1589.68
MCH7947,Padmanabhan-Kale,4814,Telecommunication Services,Private Limited,Mumbay,Maharashtra,2023-08-09 00:00:00,,ACTIVE,3921.35
MCH8208,Tak-Shankar,7011,Hotels & Lodging,Individual,Mumbai,Maharashtra,2024-03-18 07:08:51,,ACTIVE,1309.39
MCH5081,Grewal-Dutt,5942,Books & Stationery,Partnership,Jaipur,Rajasthan,2024-09-22 00:00:00,,ACTIVE,624.18
MCH7459,"Gara, Agarwal And Anne",7011,Hotels & Lodging,Individual,Ldh,Punjab,2023-04-14 20:15:00,2572840529,ACTIVE,2650.18
MCH9754,Khanna Group,5411,Grocery Stores,Partnership,Ludhiana,Punjab,2023-11-20 00:00:00,EDBE0893143652084,ACTIVE,3682.51
MCH6231,"Chand, Johal And Chawla",5812,Restaurants & Dining,Private Limited,Jalandhar,Punjab,2023-06-26 00:00:00,1062018479,ACTIVE,919.0
MCH4982,Upadhyay-Thaker,5699,Apparel & Clothing,Private Limited,Pune,Maharashtra,2023-04-10 00:00:00,XXXX3001,ACTIVE,
MCH9551,Chaudhari-Dugar,5942,Books & Stationery,Individual,Lucknow,Uttar Pradesh,2023-11-08 00:00:00,XXXX6470,ACTIVE,2156.36
MCH1751,Bava-Mukherjee,5411,Grocery Stores,Sole Proprietorship,Jaipur,Rajasthan,2023-05-20 00:00:00,EFFJ4269274300862,ACTIVE,1591.0
MCH6657,Atwal-Sarraf,5411,Grocery Stores,Partnership,Hyderabad,Telangana,,,ACTIVE,804.0
MCH2028,Dhingra Plc,4814,Telecommunication Services,Sole Proprietorship,Pune,Maharashtra,2023-09-27 00:00:00,,ACTIVE,1170.35
MCH5834,Sundaram-Sarkar,5812,Restaurants & Dining,Partnership,Hyderabad,Telangana,2025-07-27 00:00:00,XXXX6821,ACTIVE,1502.09
MCH9348,"Solanki, Chaudhary And Nori",5912,Pharmacies & Healthcare,Partnership,Pune,Maharashtra,2023-09-09 14:53:51,ACBK1959673899093,ACTIVE,1188.0
MCH3502,"Bail, Sawhney And Majumdar",5812,Restaurants & Dining,Individual,Hyderabad,Telangana,2024-02-05 16:37:39,,ACTIVE,4792.39
MCH9710,Trivedi Plc,5411,Grocery Stores,Partnership,Ludhiana,Punjab,2025-01-24 00:00:00,,ACTIVE,718.83
MCH9922,Chand-Jain,5411,Grocery Stores,Partnership,Chennai,Tamil Nadu,2023-09-10 00:00:00,XXXX1121,ACTIVE,1800.0
MCH7850,Reddy Inc,5699,Apparel & Clothing,Partnership,Chennai,Tamil Nadu,2024-05-16 05:07:55,,ACTIVE,1378.0
MCH4760,"Kalla, Mammen And Purohit",4814,Telecommunication Services,Individual,Delhi,Delhi,2024-10-27 00:00:00,,ACTIVE,964.0
MCH9476,Sama Plc,5812,Restaurants & Dining,Private Limited,Hyderabad,Telangana,,XXXX6830,ACTIVE,165.93
MCH1534,"Merchant, Sarna And Korpal",5912,Pharmacies & Healthcare,Private Limited,Hyderabad,Telangana,2023-02-04 14:45:00,,INACTIVE,3752.5
MCH1056,Mital-Jhaveri,5311,Department Stores,Partnership,Amritsar,Punjab,2023-09-10 00:09:34,6820698589,ACTIVE,5938.05
MCH1364,Krishnamurthy Llc,4131,Transportation,Individual,Hyderabad,Telangana,2023-01-02 00:00:00,IIJY7170442781592,ACTIVE,377.26
MCH9751,Memon-Sinha,5812,Restaurants & Dining,Sole Proprietorship,Ludhiana,Punjab,2023-07-16 00:00:00,4462778035,ACTIVE,2265.65
MCH6865,Mander-Chakrabarti,7011,Hotels & Lodging,Private Limited,Mumbai,Maharashtra,2023-04-20 10:35:00,,ACTIVE,465.56
MCH3179,"Sarma, Singh And Char",5311,Department Stores,Individual,Hyderabad,Telangana,,,ACTIVE,1817.49
MCH7289,Nayar-Dara,5699,Apparel & Clothing,Individual,Poona,Maharashtra,2025-12-28 00:00:00,AFIS6620860774027,ACTIVE,4510.0
MCH3130,"Arora, Karnik And Sarraf",5942,Books & Stationery,Sole Proprietorship,Kolkata,West Bengal,2023-07-10 21:24:05,,INACTIVE,1573.29
MCH4553,Zachariah-Dara,5812,Restaurants & Dining,Private Limited,Jalandhar,Punjab,2024-03-07 11:07:00,,ACTIVE,343.99
MCH9443,"Chowdhury, Kapadia And Chada",5812,Restaurants & Dining,Partnership,Chennai,Tamil Nadu,2024-02-20 00:00:00,,ACTIVE,1660.16
MCH2746,"Tella, Mane And Pillai",7011,Hotels & Lodging,Private Limited,Ludhiana,Punjab,2023-12-03 00:00:00,0851637180,INACTIVE,395.56
MCH4253,Mander-Sagar,5999,Miscellaneous Retail,Individual,Ldh,Punjab,2024-12-12 00:00:00,,ACTIVE,348.43
MCH8148,Sehgal-Banik,4131,Transportation,Sole Proprietorship,Bengaluru,Karnataka,2024-01-27 00:00:00,,ACTIVE,406.0
MCH8086,Contractor-Narain,5812,Restaurants & Dining,Partnership,Pune,Maharashtra,2024-08-28 09:47:00,,ACTIVE,1394.0
MCH4110,Suresh-Bassi,5942,Books & Stationery,Individual,Mumbai,Maharashtra,2024-09-18 08:58:00,,INACTIVE,1527.43
MCH2534,Shetty-Sundaram,5411,Grocery Stores,Private Limited,Pune,Maharashtra,2025-03-10 16:30:29,,ACTIVE,709.87
MCH1983,Jayaraman Plc,5912,Pharmacies & Healthcare,Sole Proprietorship,Hyderabad,Telangana,2024-12-13 00:00:00,6619790480,ACTIVE,657.32
MCH4754,Menon Inc,5999,Miscellaneous Retail,Private Limited,Hyderabad,Telangana,2023-03-24 00:00:00,XXXX5608,ACTIVE,1804.69
MCH4332,Varma Plc,5942,Books & Stationery,Individual,Mumbai,Maharashtra,2025-01-22 00:00:00,XXXX6546,ACTIVE,229.07
MCH2336,Narasimhan Inc,5411,Grocery Stores,Sole Proprietorship,Jalandhar,Punjab,2025-06-18 00:00:00,,INACTIVE,791.05
MCH5411,Kale Inc,5411,Grocery Stores,Partnership,Pune,Maharashtra,2024-06-21 06:11:57,,ACTIVE,708.0
MCH7636,Bir Plc,5699,Apparel & Clothing,Sole Proprietorship,Jalandhar,Punjab,2025-03-05 00:00:00,XXXX9076,ACTIVE,178.0
MCH8918,Solanki And Sons,5699,Apparel & Clothing,Private Limited,Bengaluru,Karnataka,2025-05-17 00:00:00,ITGT2090730500760,ACTIVE,
MCH6360,"Garg, Char And Sharaf",5912,Pharmacies & Healthcare,Sole Proprietorship,Mumbai,Maharashtra,2024-02-14 01:39:00,DELE6172573272913,ACTIVE,242.87
MCH5467,"Kurian, Anne And Borra",4814,Telecommunication Services,Individual,Ldh,Punjab,2024-05-17 00:00:00,3367286055,ACTIVE,940.0
MCH2763,Thaman-Virk,5912,Pharmacies & Healthcare,Private Limited,Bengaluru,Karnataka,2025-07-23 00:00:00,XXXX7625,ACTIVE,563.88
MCH9563,"Singh, Issac And Murty",4131,Transportation,Private Limited,Kolkata,West Bengal,2023-02-01 00:00:00,,ACTIVE,1366.02
MCH8413,"Mammen,Parmerandchandra",4814,Telecommunication Services,Sole Proprietorship,Bengaluru,Karnataka,2024-03-19 00:00:00,,ACTIVE,393.94
MCH9740,Jain And Sons,5812,Restaurants & Dining,Individual,Jaipur,Rajasthan,2025-01-31 05:45:13,BHGC5407337420204,ACTIVE,1510.42
MCH5162,Srinivas-Sule,5311,Department Stores,Individual,Jaipur,Rajasthan,2025-02-20 00:00:00,3127556904,ACTIVE,1145.33
MCH9772,Sachdeva Llc,5411,Grocery Stores,Sole Proprietorship,Kolkata,West Bengal,2025-10-23 00:00:00,BDSV5277645088008,ACTIVE,
MCH2506,"Sarna, Vora And Seth",4131,Transportation,Individual,Jaipur,Rajasthan,2024-06-13 02:51:27,,ACTIVE,222.33
MCH1350,"Krishnamurthy, Dutt And Sura",4814,Telecommunication Services,Partnership,Mumbai,Maharashtra,2024-07-25 00:00:00,3860313878,ACTIVE,1360.18
MCH5637,Desai-Sankaran,5942,Books & Stationery,Individual,Kolkata,West Bengal,2025-05-12 00:00:00,,ACTIVE,485.95
MCH6527,"Menon, Subramanian And Pai",7011,Hotels & Lodging,Individual,Ludhiana,Punjab,,,ACTIVE,1220.94
MCH1047,Rana-Aurora,4814,Telecommunication Services,Partnership,Bengaluru,Karnataka,2023-08-20 01:01:00,BJXS0430805448675,ACTIVE,1003.46
MCH9043,Setty And Sons,7011,Hotels & Lodging,Partnership,Pune,Maharashtra,2024-02-10 00:00:00,,ACTIVE,3323.0
MCH7566,Minhas Group,5912,Pharmacies & Healthcare,Partnership,Mumbai,Maharashtra,2024-03-08 07:53:44,,ACTIVE,880.25
MCH4788,Chauhan-Kh0S1A,5699,Apparel & Clothing,Individual,Bengaluru,Karnataka,,0651098523,ACTIVE,109.29
MCH7860,"Pall, Som And Dalal",5999,Miscellaneous Retail,Private Limited,Amritsar,Punjab,2024-11-11 02:08:53,1164754239,ACTIVE,625.05
MCH2159,Sawhney Llc,5812,Restaurants & Dining,Sole Proprietorship,Jalandhar,Punjab,2024-05-16 00:00:00,MGFR5989061568022,ACTIVE,1420.0
MCH9489,Badal-Sankaran,4131,Transportation,Sole Proprietorship,Chennai,Tamil Nadu,2026-03-02 18:53:00,,ACTIVE,1437.06
MCH9057,Dayal Ltd,5942,Books & Stationery,Partnership,Jaipur,Rajasthan,2024-10-11 00:00:00,TJAX1540713634286,ACTIVE,728.46
MCH2919,Menon-Vaidya,5912,Pharmacies & Healthcare,Sole Proprietorship,Delhi,Delhi,2023-03-20 14:46:24,,ACTIVE,3825.85
MCH6064,Viswanathan-Tak,5942,Books & Stationery,Sole Proprietorship,Chennai,Tamil Nadu,,RDFT0727994735934,SUSPENDED,519.38
MCH6869,"Oak, Kalla And Chand",4131,Transportation,Private Limited,Pune,Maharashtra,2025-01-21 15:07:04,XXXX1495,ACTIVE,2412.44
MCH4320,Vala And Sons,4814,Telecommunication Services,Private Limited,Mumbai,Maharashtra,2024-10-14 00:00:00,NNFD4351390281416,INACTIVE,288.28
MCH6401,Ramachandran-Borah,4814,Telecommunication Services,Private Limited,Bengaluru,Karnataka,2023-07-16 14:03:46,BIIV8391883916775,ACTIVE,371.0
MCH4218,Srivastava Ltd,5942,Books & Stationery,Sole Proprietorship,Mumbai,Maharashtra,2023-11-20 00:00:00,LFAP5704533731300,ACTIVE,1744.69
MCH3900,Mand-Bedi,5812,Restaurants & Dining,Private Limited,Kolkata,West Bengal,2025-02-20 00:00:00,XXXX1674,ACTIVE,1036.74
MCH8615,Devi-Narasimhan,5942,Books & Stationery,Sole Proprietorship,Kolkata,West Bengal,2024-11-18 00:00:00,8648906197,ACTIVE,722.58
MCH6447,Kant-Tella,7011,Hotels & Lodging,Partnership,Delhi,Delhi,2026-01-22 00:00:00,,ACTIVE,994.25
MCH5106,Luthra Llc,5942,Books & Stationery,Private Limited,Jalandhar,Punjab,2023-12-01 00:00:00,XXXX6321,ACTIVE,411.0
MCH9173,Bumb-Bandi,5999,Miscellaneous Retail,Sole Proprietorship,Poona,Maharashtra,2023-06-26 02:58:00,,ACTIVE,450.27
MCH3483,"Puri, Sachdeva And Jhaveri",5812,Restaurants & Dining,Private Limited,Jaipur,Rajasthan,2025-08-15 00:00:00,XXXX0583,INACTIVE,1128.9
MCH9811,"Dyal, Ranganathan And Sinha",5812,Restaurants & Dining,Private Limited,Delhi,Delhi,2025-04-11 00:00:00,RQQY2365576077878,ACTIVE,972.81
MCH1924,"Choudhary, Iyer And Boase",5912,Pharmacies & Healthcare,Partnership,Jaipur,Rajasthan,2024-11-12 00:00:00,XXXX3944,ACTIVE,7220.04
MCH1064,Nanda Ltd,5812,Restaurants & Dining,Individual,Amritsar,Punjab,2025-09-09 22:49:04,,ACTIVE,1182.15
MCH3842,"Rao, Rajagopal And Ratti",4131,Transportation,Private Limited,Jaipur,Rajasthan,2024-01-27 00:00:00,,ACTIVE,444.1
MCH3549,Khalsa And Sons,5812,Restaurants & Dining,Individual,Amritsar,Punjab,2025-07-01 00:00:00,AXNC2296857054867,ACTIVE,1756.73
MCH5450,"Karnik, Karan And Boase",5942,Books & Stationery,Partnership,Kolkata,West Bengal,2024-09-09 00:00:00,,ACTIVE,852.07
MCH9770,Jha-Andra,4131,Transportation,Sole Proprietorship,Chennai,Tamil Nadu,2026-01-22 00:00:00,BRJH7377264204006,SUSPENDED,1847.23
MCH4623,"Gokhale, Ranganathan And Shenoy",5999,Miscellaneous Retail,Private Limited,Hyderabad,Telangana,2025-08-17 15:21:40,0347099856,ACTIVE,171.0
MCH3465,"Patla, Tiwari And Bobal",4814,Telecommunication Services,Private Limited,Amritsar,Punjab,2024-10-09 22:44:00,BMXM3313589371926,ACTIVE,662.0
MCH8638,Ramanathan-Apte,5942,Books & Stationery,Partnership,Chennai,Tamil Nadu,2025-04-16 00:00:00,XXXX4259,ACTIVE,985.8
MCH6547,"Gupta,Dewanandnadig",5942,Books & Stationery,Individual,Hyderabad,Telangana,2023-05-27 00:00:00,,INACTIVE,974.14
MCH9827,Chaudry And Sons,5311,Department Stores,Private Limited,Bengaluru,Karnataka,2025-04-02 00:00:00,WKDN2531235762305,ACTIVE,1686.75
MCH8539,Arya-Char,5699,Apparel & Clothing,Sole Proprietorship,Chennai,Tamil Nadu,2025-10-07 09:25:50,XXXX4751,ACTIVE,3012.9
MCH3680,Gala And Sons,4131,Transportation,Partnership,Delhi,Delhi,2023-12-31 00:00:00,,ACTIVE,962.0
MCH9530,B0Rah Plc,5812,Restaurants & Dining,Individual,Hyderabad,Telangana,2023-11-01 00:00:00,,SUSPENDED,999.86
MCH4975,Bhakta-Sidhu,5699,Apparel & Clothing,Partnership,Jalandhar,Punjab,2024-09-18 00:00:00,,ACTIVE,280.66
MCH2995,Patil Ltd,7011,Hotels & Lodging,Private Limited,Amritsar,Punjab,2025-12-25 00:00:00,2612684538,ACTIVE,492.36
MCH7596,Bajwa-Luthra,4814,Telecommunication Services,Private Limited,Hyderabad,Telangana,2024-04-20 00:00:00,,SUSPENDED,
MCH5941,G0Ur Ltd,5942,Books & Stationery,Private Limited,Lucknow,Uttar Pradesh,2023-04-30 00:00:00,XXXX2222,INACTIVE,1448.04
MCH7025,"Shanker, Bandi And Bala",5999,Miscellaneous Retail,Individual,Bengaluru,Karnataka,2025-01-26 00:00:00,XXXX6482,ACTIVE,4575.03
MCH8943,Bassi-Dhingra,5942,Books & Stationery,Private Limited,Chennai,Tamil Nadu,2024-09-09 00:49:00,,ACTIVE,774.62
MCH1879,Maharaj Plc,5942,Books & Stationery,Partnership,Delhi,Delhi,2023-01-03 06:18:00,,ACTIVE,1269.91
MCH2792,Krishnamurthyplc,7011,Hotels & Lodging,Sole Proprietorship,Jalandhar,Punjab,2023-03-02 00:00:00,,ACTIVE,1501.9
MCH8613,Comar-Tata,5812,Restaurants & Dining,Individual,Lucknow,Uttar Pradesh,2023-09-05 12:31:28,,SUSPENDED,2485.09
MCH4283,Joshi-Srinivas,5411,Grocery Stores,Partnership,Amritsar,Punjab,2023-09-01 00:00:00,,ACTIVE,1135.0
MCH8821,Mukhopadhyay-Cherian,5812,Restaurants & Dining,Sole Proprietorship,Jalandhar,Punjab,2023-11-26 00:00:00,2404954167,ACTIVE,703.03
MCH8043,Lalla Group,5311,Department Stores,Private Limited,Ldh,Punjab,2024-07-31 00:00:00,,ACTIVE,1064.0
MCH5061,Natarajan Inc,5699,Apparel & Clothing,Sole Proprietorship,Ldh,Punjab,2025-10-10 11:35:42,3155448560,ACTIVE,1265.19
MCH4527,Bansalinc,5411,Grocery Stores,Private Limited,Lucknow,Uttar Pradesh,2025-10-29 21:36:00,BWHM6431375051395,ACTIVE,3449.0
MCH5873,"Kade, Srivastava And Iyengar",5999,Miscellaneous Retail,Partnership,Lucknow,Uttar Pradesh,2023-06-10 00:00:00,,ACTIVE,3185.85
MCH6772,"Sarin,Kaleandbava",5411,Grocery Stores,Individual,Amritsar,Punjab,2024-12-03 00:00:00,4810020944,INACTIVE,893.58
MCH2180,Chaudry-Sidhu,5699,Apparel & Clothing,Private Limited,Pune,Maharashtra,,4033666419,ACTIVE,3354.42
MCH7350,Sule Llc,5699,Apparel & Clothing,Private Limited,Amritsar,Punjab,2024-01-31 17:29:42,XXXX7331,ACTIVE,1887.59
MCH4717,Bir Ltd,4131,Transportation,Private Limited,Chennai,Tamil Nadu,2025-11-14 00:00:00,JKIU5676140711543,ACTIVE,7107.16
MCH6233,"Arora, Agarwal And Padmanabhan",5942,Books & Stationery,Sole Proprietorship,Amritsar,Punjab,2024-05-03 00:00:00,,ACTIVE,1090.35
MCH6907,Dhillon-Sama,5812,Restaurants & Dining,Private Limited,Jalandhar,Punjab,2024-12-21 07:31:00,,ACTIVE,4335.88
MCH8714,Guptagroup,5912,Pharmacies & Healthcare,Sole Proprietorship,Pune,Maharashtra,2023-08-10 00:00:00,XXXX2445,INACTIVE,569.38
MCH6239,"Majumdar, Lanka And Sehgal",5942,Books & Stationery,Partnership,Amritsar,Punjab,2024-01-21 00:00:00,,ACTIVE,1181.24
MCH8263,"Gara, Kar And Raval",5699,Apparel & Clothing,Sole Proprietorship,Chennai,Tamil Nadu,2025-07-21 16:32:17,XLDI5037601996445,ACTIVE,1443.08
MCH7890,Contractor Plc,7011,Hotels & Lodging,Partnership,Chennai,Tamil Nadu,2024-07-21 17:41:07,KQNM1742343730851,INACTIVE,652.34
MCH6480,Sundaram And S0Ns,5699,Apparel & Clothing,Partnership,Mumbai,Maharashtra,2023-11-13 01:40:00,XXXX8936,ACTIVE,680.72
MCH7973,"Dhar, Som And Mane",7011,Hotels & Lodging,Sole Proprietorship,Kolkata,West Bengal,2023-01-17 11:57:28,GEUZ7160822941996,ACTIVE,1422.91
MCH9567,"Dar, Gera And Sane",5812,Restaurants & Dining,Private Limited,Delhi,Delhi,2026-01-09 00:00:00,,ACTIVE,850.48
MCH6731,Thakurplc,5812,Restaurants & Dining,Individual,Hyderabad,Telangana,2025-10-25 00:00:00,,ACTIVE,305.3
MCH5163,"Pandit, Lad And V0Ra",4814,Telecommunication Services,Individual,Kolkata,West Bengal,2023-05-31 00:00:00,XXXX7995,ACTIVE,1014.92
MCH5897,Mutti-Doshi,5912,Pharmacies & Healthcare,Private Limited,Amritsar,Punjab,2026-06-01 00:00:00,,ACTIVE,1302.0
MCH3872,Krish Group,5699,Apparel & Clothing,Partnership,Amritsar,Punjab,2024-03-14 00:00:00,,ACTIVE,3660.6
MCH2941,Sengroup,5311,Department Stores,Sole Proprietorship,Mumbai,Maharashtra,2024-09-22 00:00:00,XXXX4390,ACTIVE,1783.76
MCH4395,Ramakrishnan-Rastogi,5999,Miscellaneous Retail,Private Limited,Chennai,Tamil Nadu,2025-11-19 00:00:00,,ACTIVE,
MCH9843,"Banerjee, Singh And Anne",5942,Books & Stationery,Individual,Chennai,Tamil Nadu,2025-04-07 00:00:00,,ACTIVE,8077.21
MCH4528,Memon Llc,5912,Pharmacies & Healthcare,Partnership,Hyderabad,Telangana,2023-01-05 23:02:24,VOFY4004091833640,ACTIVE,490.99
MCH4973,Vala-Raval,7011,Hotels & Lodging,Private Limited,Chennai,Tamil Nadu,2024-05-04 00:00:00,XXXX2841,ACTIVE,859.46
MCH1855,Kala-Shan,5812,Restaurants & Dining,Private Limited,Kolkata,West Bengal,2023-11-13 00:38:34,,ON_HOLD,1474.0
MCH6171,Naik And Sons,5812,Restaurants & Dining,Individual,Amritsar,Punjab,2023-08-09 00:00:00,,INACTIVE,4084.17
MCH6244,Maharaj Ltd,7011,Hotels & Lodging,Individual,Jaipur,Rajasthan,2023-07-29 00:00:00,,SUSPENDED,1112.58
MCH3720,"Bedi, Sanghvi And Balakrishnan",5411,Grocery Stores,Individual,Delhi,Delhi,2024-04-14 08:30:13,ECCR6940813795514,ACTIVE,610.0
MCH4989,Khanna And Sons,7011,Hotels & Lodging,Private Limited,Ludhiana,Punjab,2025-09-25 00:00:00,,ACTIVE,1981.95
MCH7149,Shanker-Kala,5942,Books & Stationery,Sole Proprietorship,Amritsar,Punjab,2023-07-09 09:54:42,,ACTIVE,1819.0
MCH2567,"Magar, Hora And Khare",4131,Transportation,Sole Proprietorship,Delhi,Delhi,2024-09-30 00:00:00,TLMQ4688047179537,ACTIVE,572.7
MCH6482,Mitra-Agate,5311,Department Stores,Individual,Amritsar,Punjab,2024-04-06 00:00:00,,INACTIVE,1340.0
MCH1729,Vora Llc,5812,Restaurants & Dining,Individual,Ludhiana,Punjab,2023-12-25 00:00:00,SJMV2211374932495,ACTIVE,2759.18
MCH1908,"Raghavan, Badami And Mani",5942,Books & Stationery,Partnership,Kolkata,West Bengal,2025-05-29 11:41:39,XXXX6948,ACTIVE,856.0
MCH9342,Dua-Lala,5999,Miscellaneous Retail,Sole Proprietorship,Bengaluru,Karnataka,2025-04-17 11:33:00,BUXU5026475055431,SUSPENDED,1698.37
MCH9231,Kala-Dugar,4131,Transportation,Partnership,Poona,Maharashtra,,7817631283,ACTIVE,228.82
MCH4414,"Manne, Arora And Goel",5411,Grocery Stores,Private Limited,Hyderabad,Telangana,2025-07-15 00:00:00,,ACTIVE,618.59
MCH1267,Master-Tiwari,4814,Telecommunication Services,Private Limited,Lucknow,Uttar Pradesh,,,INACTIVE,1213.17
MCH6396,Mani-Puri,5999,Miscellaneous Retail,Individual,Lucknow,Uttar Pradesh,2025-04-21 00:00:00,XXXX7558,ACTIVE,4113.97
MCH2607,Garg Plc,5812,Restaurants & Dining,Individual,Hyderabad,Telangana,2023-01-31 00:00:00,,ACTIVE,3395.0
MCH3212,Merchant Llc,5999,Miscellaneous Retail,Private Limited,Bengaluru,Karnataka,2023-07-06 11:16:53,9377229545,ACTIVE,980.37
MCH6293,Bora-Nigam,5311,Department Stores,Partnership,Jalandhar,Punjab,,,ACTIVE,4957.97
MCH6162,"Naik, Kade And Singh",4131,Transportation,Partnership,Amritsar,Punjab,2025-03-21 00:00:00,XXXX4537,ACTIVE,2176.24
MCH7104,Kothari Llc,4814,Telecommunication Services,Partnership,Jalandhar,Punjab,2023-07-12 00:00:00,XXXX8714,ACTIVE,810.17
MCH2009,"Tiwari, Naidu And Muni",5699,Apparel & Clothing,Partnership,Pune,Maharashtra,2024-04-05 00:00:00,NVFX6549311428381,ACTIVE,732.0
MCH7513,Buch Inc,5812,Restaurants & Dining,Individual,Kolkata,West Bengal,2024-09-02 00:00:00,MLTA1304721995984,ACTIVE,584.0
MCH2241,Patla-Prabhakar,5942,Books & Stationery,Partnership,Kolkata,West Bengal,2026-01-15 00:00:00,,ACTIVE,868.0
MCH6198,Rana-Sabharwal,5311,Department Stores,Individual,Mumbai,Maharashtra,,,ACTIVE,410.5
MCH5611,"Bawa, Grewal And Chakrabarti",5311,Department Stores,Partnership,Mumbai,Maharashtra,,,ACTIVE,764.0
MCH6026,Narayanan-Bhatt,5942,Books & Stationery,Partnership,Hyderabad,Telangana,2025-09-14 00:00:00,1281831300,ACTIVE,746.02
MCH7455,"Mody, Bhattacharyya And Palla",4814,Telecommunication Services,Individual,Delhi,Delhi,2024-04-11 22:40:38,XXXX4231,ACTIVE,113.99
MCH9541,"Grover, Bhatia And Tandon",5812,Restaurants & Dining,Partnership,Lucknow,Uttar Pradesh,2025-07-02 05:37:38,,ACTIVE,2401.33
MCH6711,Loyal-Srinivasan,5411,Grocery Stores,Partnership,Hyderabad,Telangana,2025-06-15 00:00:00,XXXX4153,INACTIVE,931.24
MCH5545,Parikh-Raja,5942,Books & Stationery,Sole Proprietorship,Lucknow,Uttar Pradesh,2023-06-04 00:00:00,,ACTIVE,1144.37
MCH6928,Tata-Wagle,5912,Pharmacies & Healthcare,Partnership,Bengaluru,Karnataka,2023-12-31 04:58:57,RIXU6958241048195,ACTIVE,1008.0
MCH7523,"Sharaf, Chad And Prashad",5912,Pharmacies & Healthcare,Sole Proprietorship,Lucknow,Uttar Pradesh,2023-09-11 00:00:00,XXXX3383,ACTIVE,2848.66
MCH3619,"Mody, Sami And Batta",5999,Miscellaneous Retail,Sole Proprietorship,Kolkata,West Bengal,2026-01-27 07:14:00,7469875023,INACTIVE,3456.23
MCH4984,"Aurora, Mohan And Jain",4814,Telecommunication Services,Sole Proprietorship,Jaipur,Rajasthan,2024-07-02 00:00:00,XXLT9593960471643,ACTIVE,1500.11
MCH2590,Goyal Group,7011,Hotels & Lodging,Individual,Delhi,Delhi,2025-06-22 04:22:00,XXXX8497,ACTIVE,531.43
MCH4200,Mahajan Group,5942,Books & Stationery,Sole Proprietorship,Pune,Maharashtra,2024-05-21 03:12:53,XXXX4189,ACTIVE,839.74
MCH1815,Bhasin-Hans,5999,Miscellaneous Retail,Private Limited,Hyderabad,Telangana,2025-05-10 00:00:00,,ACTIVE,789.34
MCH3253,Khatri-Krishnamurthy,5942,Books & Stationery,Partnership,Lucknow,Uttar Pradesh,2023-12-19 08:58:42,,ACTIVE,2086.58
MCH9715,Desai Plc,7011,Hotels & Lodging,Partnership,Kolkata,West Bengal,2023-10-01 00:00:00,5413889015,INACTIVE,547.82
MCH6210,Sem Group,5812,Restaurants & Dining,Private Limited,Amritsar,Punjab,2024-01-03 02:42:08,,ACTIVE,2370.64
MCH1019,Iyer-Thaker,5699,Apparel & Clothing,Partnership,Kolkata,West Bengal,2025-05-23 00:00:00,XXXX9462,ACTIVE,
MCH1848,Acharya-Bail,5311,Department Stores,Partnership,Poona,Maharashtra,2025-09-05 00:00:00,3196162533,ACTIVE,3044.0
MCH6803,Babu-Aggarwal,5942,Books & Stationery,Partnership,Pune,Maharashtra,2025-05-24 00:00:00,KCIX8411550946242,ACTIVE,2653.94
MCH5144,Johal Ltd,7011,Hotels & Lodging,Sole Proprietorship,Jalandhar,Punjab,2024-02-01 16:44:47,XXXX0257,INACTIVE,490.7
MCH6775,La11 Gr0Up,5999,Miscellaneous Retail,Private Limited,Chennai,Tamil Nadu,,WEWN8816151774902,INACTIVE,196.61
MCH2003,Rajagopalan Inc,5311,Department Stores,Individual,Poona,Maharashtra,2023-06-16 00:00:00,3428467704,ACTIVE,567.0
MCH2914,Bassi-Varghese,5812,Restaurants & Dining,Sole Proprietorship,Hyderabad,Telangana,2025-01-01 00:00:00,VBYI2823908948465,INACTIVE,90.0
MCH7560,Chakraborty And Sons,5311,Department Stores,Partnership,Pune,Maharashtra,,WVEJ5381131962008,ACTIVE,2097.03
MCH8927,Raj-Kala,5999,Miscellaneous Retail,Individual,Delhi,Delhi,2024-04-22 22:45:00,XXXX1023,ACTIVE,261.67
MCH9395,Bhagat-Chana,5699,Apparel & Clothing,Private Limited,Jaipur,Rajasthan,2024-12-12 00:00:00,,ACTIVE,2768.73
MCH4937,Mand And Sons,5912,Pharmacies & Healthcare,Partnership,Kolkata,West Bengal,,FBXP3192759861569,INACTIVE,2054.97
MCH8765,"Kamdar, Sehgal And Tata",5411,Grocery Stores,Partnership,Delhi,Delhi,2025-01-06 00:00:00,XXXX8883,ACTIVE,4863.17
MCH9074,Sa1Vi-Tata,7011,Hotels & Lodging,Partnership,Chennai,Tamil Nadu,2025-04-24 00:00:00,XXXX6816,ACTIVE,1227.0
MCH2438,Saxena-Sagar,5999,Miscellaneous Retail,Sole Proprietorship,Amritsar,Punjab,2025-06-21 03:10:13,TOND5392493573658,ACTIVE,1010.25
MCH7391,"Vora, Lad And Sekhon",5411,Grocery Stores,Partnership,Poona,Maharashtra,2023-07-08 00:00:00,,INACTIVE,4971.16
MCH9969,Tiwari And Sons,5942,Books & Stationery,Private Limited,Ludhiana,Punjab,2023-01-15 00:00:00,3536281860,INACTIVE,1542.28
MCH7270,Subramanian Llc,7011,Hotels & Lodging,Private Limited,Amritsar,Punjab,2025-01-15 22:39:15,,ACTIVE,1469.96
MCH4244,Kade-Devan,7011,Hotels & Lodging,Sole Proprietorship,Chennai,Tamil Nadu,2025-07-12 00:00:00,0738245695,ACTIVE,1429.19
MCH8093,"Seth, Bassi And Raman",7011,Hotels & Lodging,Partnership,Hyderabad,Telangana,2024-05-15 00:00:00,XXXX3618,ACTIVE,1629.96
MCH2476,Choudhary-Borah,7011,Hotels & Lodging,Private Limited,Kolkata,West Bengal,2025-10-15 00:00:00,PXIN8486080746921,ACTIVE,1108.38
MCH4517,"Madan, Gola And Srivastava",5812,Restaurants & Dining,Sole Proprietorship,Kolkata,West Bengal,2025-05-07 14:26:04,,ACTIVE,671.65
MCH8176,Bala Plc,5311,Department Stores,Sole Proprietorship,Hyderabad,Telangana,,,ACTIVE,3488.0
MCH5086,Balan Llc,5999,Miscellaneous Retail,Private Limited,Amritsar,Punjab,2023-12-19 00:00:00,XXXX8174,ACTIVE,575.58
MCH5951,"Sahni, Gour And Sama",5311,Department Stores,Private Limited,Pune,Maharashtra,2024-05-13 00:00:00,,ACTIVE,2353.06
MCH3903,"Khare, Balasubramanian And Mital",5942,Books & Stationery,Sole Proprietorship,Jaipur,Rajasthan,2024-08-25 14:04:47,7400031518,ACTIVE,3531.21
MCH1311,"Dugal, Munshi And Kunda",4814,Telecommunication Services,Individual,Jaipur,Rajasthan,2025-03-27 21:22:00,XXXX7230,ACTIVE,1605.92
MCH2743,Joshi Plc,5912,Pharmacies & Healthcare,Private Limited,Kolkata,West Bengal,2024-12-02 17:56:14,,ACTIVE,
MCH8680,Bhatt-Toor,5311,Department Stores,Private Limited,Jaipur,Rajasthan,2025-12-02 00:00:00,,ACTIVE,1399.6
MCH4656,"Verma,Sanghaandvora",5942,Books & Stationery,Private Limited,Delhi,Delhi,2024-07-02 00:00:00,,ACTIVE,431.25
MCH9774,Trivedi Group,5912,Pharmacies & Healthcare,Partnership,Jaipur,Rajasthan,2024-03-08 00:00:00,5443660478,ACTIVE,1811.0
MCH5100,Garde-Mody,5411,Grocery Stores,Sole Proprietorship,Hyderabad,Telangana,2023-12-02 00:00:00,HBWM0411273165352,ACTIVE,347.68
MCH3873,"Dugal, Thakur And Puri",7011,Hotels & Lodging,Private Limited,Jalandhar,Punjab,2023-02-07 00:00:00,,ACTIVE,1499.22
MCH1764,"K0H1I, Sa1Vi And Ch0Kshi",5699,Apparel & Clothing,Partnership,Amritsar,Punjab,2025-09-13 00:00:00,,ACTIVE,12860.85
MCH9594,Ben Group,5311,Department Stores,Sole Proprietorship,Jaipur,Rajasthan,2023-01-10 00:00:00,3846101369,ACTIVE,4070.31
MCH8489,Mand And Sons,7011,Hotels & Lodging,Individual,Poona,Maharashtra,2025-08-24 00:00:00,XXXX8251,ACTIVE,2744.11
MCH5874,Pandya Plc,7011,Hotels & Lodging,Partnership,Hyderabad,Telangana,,XXXX1960,SUSPENDED,3183.86
MCH2514,"Dua, Peri And Sani",4814,Telecommunication Services,Sole Proprietorship,Kolkata,West Bengal,,VHRN8113044559744,ACTIVE,937.87
MCH7449,"Brahmbhatt, Nagarajan And Kaul",5311,Department Stores,Sole Proprietorship,Amritsar,Punjab,,,ACTIVE,397.32
MCH4390,Ar0Ra Llc,5812,Restaurants & Dining,Sole Proprietorship,Hyderabad,Telangana,2025-06-07 00:00:00,XXXX2296,ACTIVE,1372.0
MCH5662,Kannan-Yogi,4131,Transportation,Individual,Chennai,Tamil Nadu,2025-08-01 00:00:00,,ACTIVE,1393.63
MCH5524,"Mangat, Sanghvi And Shah",5942,Books & Stationery,Partnership,Jalandhar,Punjab,2024-09-30 00:00:00,XXXX2255,ACTIVE,6188.2
MCH7246,Lata Ltd,5699,Apparel & Clothing,Partnership,Chennai,Tamil Nadu,2024-03-17 08:45:00,XXXX2358,ACTIVE,1315.04
MCH9311,Sathe Group,5942,Books & Stationery,Private Limited,Ludhiana,Punjab,2025-05-31 23:35:00,,ACTIVE,595.82
MCH4812,Rai-Aurora,7011,Hotels & Lodging,Private Limited,Jaipur,Rajasthan,2025-09-07 00:00:00,IKZY9727785883400,ACTIVE,1732.91
MCH4447,"Sodhi, Dalal And Iyengar",5311,Department Stores,Private Limited,Bengaluru,Karnataka,,XXXX0235,ACTIVE,208.51
MCH5091,Rau-Ratta,5812,Restaurants & Dining,Partnership,Kolkata,West Bengal,2024-03-24 00:00:00,ZHRH0362265719965,ACTIVE,755.0
MCH5281,Rajagopalan Ltd,7011,Hotels & Lodging,Sole Proprietorship,Bengaluru,Karnataka,2024-02-04 00:00:00,,ACTIVE,939.26
MCH4096,"Bhat, Kapoor And Borah",5999,Miscellaneous Retail,Private Limited,Hyderabad,Telangana,2024-11-27 00:00:00,0474814059,ACTIVE,2092.25
MCH9702,Ranganathan-Madan,7011,Hotels & Lodging,Individual,Hyderabad,Telangana,2025-04-10 00:00:00,RTHS3346421176187,ACTIVE,1980.13
MCH5813,Nair Inc,4814,Telecommunication Services,Sole Proprietorship,Chennai,Tamil Nadu,,,ACTIVE,1408.29
MCH8976,Prakash Plc,5699,Apparel & Clothing,Sole Proprietorship,Jalandhar,Punjab,2023-02-15 00:00:00,YWYW3270588037167,SUSPENDED,1358.57
MCH6863,Mani Group,5311,Department Stores,Individual,Jaipur,Rajasthan,2024-05-30 00:00:00,EJVY0425294699404,ACTIVE,2985.0
MCH3586,Dayal-Nagar,5912,Pharmacies & Healthcare,Partnership,Hyderabad,Telangana,2026-01-28 00:00:00,1143347480,ACTIVE,2093.13
MCH4723,Kanda Ltd,5999,Miscellaneous Retail,Individual,Chennai,Tamil Nadu,2024-08-27 00:00:00,XXXX1287,ACTIVE,649.83
MCH8811,Bobal Llc,5999,Miscellaneous Retail,Partnership,Hyderabad,Telangana,2023-12-18 00:00:00,4729552126,ACTIVE,1645.76
MCH2047,Ghose-Kannan,5942,Books & Stationery,Sole Proprietorship,Lucknow,Uttar Pradesh,2025-05-24 00:00:00,,ACTIVE,1609.08
MCH2308,Bhattacharyya Llc,5311,Department Stores,Sole Proprietorship,Jalandhar,Punjab,2023-10-14 00:00:00,,INACTIVE,4753.89
MCH9162,Shankar-Shah,5999,Miscellaneous Retail,Private Limited,Bengaluru,Karnataka,2023-02-22 00:00:00,BRKF3158800571527,ACTIVE,
MCH5430,Thakkar And Sons,5699,Apparel & Clothing,Private Limited,Amritsar,Punjab,2023-01-19 00:00:00,,INACTIVE,4264.84
MCH7768,Sahota-Walia,4131,Transportation,Partnership,Delhi,Delhi,2025-06-19 07:32:00,,ON_HOLD,1097.55
MCH7362,Kothari Plc,5942,Books & Stationery,Private Limited,Pune,Maharashtra,2026-02-11 00:00:00,XXXX4121,ACTIVE,478.42
MCH1032,Nori-Nigam,7011,Hotels & Lodging,Sole Proprietorship,Pune,Maharashtra,2025-09-21 00:00:00,DXHQ1859405929058,ACTIVE,652.29
MCH7763,"Choudhury, Mody And Tank",5912,Pharmacies & Healthcare,Individual,Chennai,Tamil Nadu,2023-11-03 00:00:00,,ACTIVE,777.85
MCH2487,"Virk, Ganguly And Saraf",5812,Restaurants & Dining,Partnership,Bengaluru,Karnataka,2024-04-24 00:00:00,,INACTIVE,362.02
MCH5219,Pillay Group,4814,Telecommunication Services,Partnership,Jalandhar,Punjab,,XXXX0337,ACTIVE,834.97
MCH6308,Seshadri Llc,5699,Apparel & Clothing,Private Limited,Delhi,Delhi,2025-03-10 00:00:00,,ACTIVE,422.55
MCH6119,Hayerltd,5912,Pharmacies & Healthcare,Individual,Amritsar,Punjab,2025-12-11 00:00:00,,ACTIVE,1262.04
MCH4360,Khurana Ltd,5699,Apparel & Clothing,Partnership,Jaipur,Rajasthan,,7767895451,ACTIVE,507.91
MCH3334,Majumdar-Raja,4814,Telecommunication Services,Private Limited,Hyderabad,Telangana,2023-02-09 04:50:00,7204878806,ACTIVE,2941.2
MCH9879,Venkataraman-Tata,4814,Telecommunication Services,Individual,Ldh,Punjab,2024-04-01 00:00:00,5404250897,INACTIVE,2839.66
MCH3553,"Bajwa, Tata And Narula",5912,Pharmacies & Healthcare,Private Limited,Lucknow,Uttar Pradesh,2023-02-01 19:20:00,7783034910,ACTIVE,1334.71
MCH3504,"Ram, Dora And Bhatti",5942,Books & Stationery,Individual,Pune,Maharashtra,2025-05-08 00:00:00,OOSJ0277155475198,INACTIVE,520.17
MCH3568,"Choudhury, Trivedi And Bhatnagar",5311,Department Stores,Private Limited,Ludhiana,Punjab,2025-10-04 00:00:00,XXXX4927,ACTIVE,1208.3
MCH6721,Pradhan-Taneja,5411,Grocery Stores,Individual,Bengaluru,Karnataka,,XXXX4118,ACTIVE,433.36
MCH3574,Sodhi-Shan,4131,Transportation,Partnership,Poona,Maharashtra,2025-05-31 00:00:00,YFPD1472473488670,INACTIVE,4407.0
MCH2015,Gulati Llc,4814,Telecommunication Services,Private Limited,Jaipur,Rajasthan,2023-06-22 07:04:00,,ACTIVE,17945.28
MCH2215,Maharaj-Kale,7011,Hotels & Lodging,Individual,Kolkata,West Bengal,2024-08-03 00:00:00,,ACTIVE,3526.35
MCH4725,Joshi Plc,5311,Department Stores,Private Limited,Amritsar,Punjab,2023-05-23 00:00:00,UNBB3297911061225,ACTIVE,639.24
MCH7452,Vora-Gill,5999,Miscellaneous Retail,Private Limited,Ludhiana,Punjab,2024-12-05 11:38:47,NKBN9107928248400,ACTIVE,254.79
MCH7118,Chaudhry Ltd,5311,Department Stores,Sole Proprietorship,Hyderabad,Telangana,2025-05-15 00:00:00,XXXX9631,ACTIVE,6144.18
MCH8813,Dey-Dua,5812,Restaurants & Dining,Partnership,Hyderabad,Telangana,2023-11-10 00:00:00,7101082372,ACTIVE,1432.39
MCH3698,"Prashad, Viswanathan And Sama",5311,Department Stores,Partnership,Amritsar,Punjab,2026-02-09 00:00:00,,ACTIVE,514.0
MCH4727,Dua-Mishra,5311,Department Stores,Sole Proprietorship,Pune,Maharashtra,2024-05-18 00:00:00,9730998246,ACTIVE,1242.0
MCH1526,Chowdhury And Sons,4814,Telecommunication Services,Sole Proprietorship,Bengaluru,Karnataka,2023-07-14 00:00:00,HWTS1273017978357,ACTIVE,2697.93
MCH1224,Setty-Sami,5942,Books & Stationery,Individual,Kolkata,West Bengal,2023-02-09 05:59:00,7626814027,ACTIVE,609.48
MCH8068,Narula-Nadkarni,4131,Transportation,Private Limited,Bengaluru,Karnataka,2025-06-08 09:19:38,ATPT6936183619498,ACTIVE,452.45
MCH6563,Naik Plc,4131,Transportation,Individual,Jalandhar,Punjab,2025-04-04 00:38:00,,ACTIVE,1376.0
MCH2556,"Zachariah, Manne And Bedi",5942,Books & Stationery,Partnership,Kolkata,West Bengal,2024-05-10 01:12:00,8663284555,ACTIVE,1248.82
MCH8326,"Bassi, Lalla And Sastry",5411,Grocery Stores,Individual,Amritsar,Punjab,2025-12-30 00:00:00,XXXX1031,ACTIVE,1031.0
MCH7629,Taneja-Vyas,5999,Miscellaneous Retail,Individual,Poona,Maharashtra,2023-01-01 17:10:32,0070872652,ACTIVE,1413.56
MCH2144,Choudhary-Kashyap,5942,Books & Stationery,Partnership,Ldh,Punjab,2024-08-13 16:56:48,XXXX3571,ACTIVE,350.72
MCH7034,Deol Llc,5942,Books & Stationery,Individual,Pune,Maharashtra,2026-01-27 00:00:00,,ACTIVE,856.21
MCH1954,"Kunda, Kata And Shetty",4814,Telecommunication Services,Individual,Poona,Maharashtra,2025-10-19 00:00:00,0079661036,ACTIVE,923.81
MCH9414,Banik-Garde,5812,Restaurants & Dining,Individual,Jalandhar,Punjab,2025-01-16 00:00:00,VESW9193556812149,ACTIVE,942.13
MCH6843,Tata-Borah,5942,Books & Stationery,Sole Proprietorship,Mumbai,Maharashtra,2023-04-25 00:00:00,,ACTIVE,395.55
MCH4474,Ram Ltd,4814,Telecommunication Services,Partnership,Jalandhar,Punjab,2024-07-13 00:00:00,,ACTIVE,1082.17
MCH9988,"Johal, Padmanabhan And Sagar",5912,Pharmacies & Healthcare,Individual,Delhi,Delhi,2026-02-02 00:00:00,,ACTIVE,1620.14
MCH8734,"Ganguly, Hayre And Choudhury",4814,Telecommunication Services,Sole Proprietorship,Lucknow,Uttar Pradesh,2023-05-05 00:00:00,8075659044,ACTIVE,4276.72
MCH3288,"Bains, Arya And Sanghvi",7011,Hotels & Lodging,Partnership,Mumbai,Maharashtra,2025-11-26 00:00:00,ZNEZ2979868781030,ON_HOLD,3587.5
MCH6985,Devi-Radhakrishnan,5942,Books & Stationery,Individual,Jalandhar,Punjab,2023-01-20 03:57:02,VEKB0627444661101,ACTIVE,694.07
MCH1923,Barad-Devan,5699,Apparel & Clothing,Private Limited,Hyderabad,Telangana,2025-08-12 00:00:00,,ACTIVE,300.28
MCH4957,Natt Ltd,5699,Apparel & Clothing,Individual,Lucknow,Uttar Pradesh,,5191776924,ACTIVE,1324.11
MCH9467,"Pall, Lala And Dhar",4131,Transportation,Individual,Chennai,Tamil Nadu,2024-09-03 09:23:16,,ACTIVE,1206.07
MCH1543,Parmer Group,4131,Transportation,Individual,Hyderabad,Telangana,2025-04-02 20:13:00,,ACTIVE,1064.76
MCH2962,"Bala, Grover And Dutta",5411,Grocery Stores,Partnership,Ludhiana,Punjab,2024-07-12 18:53:51,,ACTIVE,1134.0
MCH2924,Chaudhary-Dugar,5942,Books & Stationery,Individual,Mumbai,Maharashtra,2024-12-26 03:07:13,2683760099,ACTIVE,770.99
MCH3180,Sanghvi And S0Ns,5912,Pharmacies & Healthcare,Private Limited,Delhi,Delhi,2023-06-03 00:00:00,XXXX6774,ACTIVE,2608.0
MCH4969,"Bobal, Garde And Upadhyay",4814,Telecommunication Services,Sole Proprietorship,Chennai,Tamil Nadu,2023-11-01 00:00:00,XXXX2131,ACTIVE,817.93
MCH7435,"Puri, Biswas And Roy",5912,Pharmacies & Healthcare,Partnership,Jaipur,Rajasthan,2023-11-12 00:00:00,XXXX1625,SUSPENDED,1536.78
MCH1299,Mutti Plc,5699,Apparel & Clothing,Partnership,Jaipur,Rajasthan,2023-06-27 00:00:00,8421728078,ACTIVE,605.64
MCH5562,Savant-Narayan,4131,Transportation,Private Limited,Hyderabad,Telangana,2025-11-18 00:00:00,1333760731,ACTIVE,2799.21
MCH6839,Saha Llc,5411,Grocery Stores,Individual,Chennai,Tamil Nadu,2025-07-20 00:00:00,XXXX2777,ACTIVE,1531.04
MCH5749,"Bir, Sibal And Arya",5942,Books & Stationery,Partnership,Mumbay,Maharashtra,2024-05-10 03:51:33,,ACTIVE,1490.24
MCH9135,"Nath, Samra And Chopra",4814,Telecommunication Services,Sole Proprietorship,Kolkata,West Bengal,2026-04-02 01:44:00,7899898758,ACTIVE,387.53
MCH6045,"Bajwa, Wali And Walla",5912,Pharmacies & Healthcare,Private Limited,Bengaluru,Karnataka,2023-09-28 00:00:00,2003662760,ACTIVE,2897.0
MCH7606,Chaudhari-Raman,5999,Miscellaneous Retail,Private Limited,Bengaluru,Karnataka,2024-08-27 00:00:00,,ACTIVE,296.04
MCH8789,"Pingle,Nadigandnarula",5812,Restaurants & Dining,Individual,Ludhiana,Punjab,2025-02-07 00:00:00,3828234177,ACTIVE,1463.08
MCH4123,"Parekh, Patla And Kar",5942,Books & Stationery,Partnership,Jalandhar,Punjab,2024-11-09 00:00:00,5310260642,ACTIVE,2764.76
MCH7554,"J0Ha1, K0Thari And Nagar",4131,Transportation,Individual,Jalandhar,Punjab,2023-02-05 23:53:12,,ACTIVE,572.11
MCH4124,"Dara, Salvi And Sawhney",5411,Grocery Stores,Sole Proprietorship,Bengaluru,Karnataka,2025-10-12 00:00:00,INFT7849125820167,ACTIVE,2121.35
MCH3945,Mukhopadhyay-Raghavan,4131,Transportation,Sole Proprietorship,Mumbai,Maharashtra,2023-03-05 00:00:00,XXXX6774,ACTIVE,942.71
MCH2516,Ben-Varghese,5411,Grocery Stores,Sole Proprietorship,Chennai,Tamil Nadu,2023-04-08 21:20:00,,SUSPENDED,398.68
MCH1713,Dubey Inc,5812,Restaurants & Dining,Sole Proprietorship,Kolkata,West Bengal,2025-02-06 00:00:00,XXXX0557,ACTIVE,1132.0
MCH1393,Hegde-Bahri,5912,Pharmacies & Healthcare,Partnership,Ludhiana,Punjab,2024-11-15 00:00:00,BAUM6641100955450,ACTIVE,6478.07
MCH6508,Kalla-Ramachandran,5699,Apparel & Clothing,Sole Proprietorship,Lucknow,Uttar Pradesh,2024-02-04 12:15:51,,ACTIVE,321.73
MCH5744,Dalal-Lall,7011,Hotels & Lodging,Private Limited,Chennai,Tamil Nadu,2023-05-31 00:00:00,XXXX1007,ACTIVE,3350.6
MCH9798,Mann-Gera,4131,Transportation,Individual,Jalandhar,Punjab,2025-07-15 05:53:00,AQRW3805344799887,ACTIVE,952.0
MCH2041,"Sagar, Chakraborty And Kurian",4131,Transportation,Sole Proprietorship,Ludhiana,Punjab,2024-03-22 10:36:41,,INACTIVE,
MCH6114,"Khurana, Chowdhury And Chaudhary",4814,Telecommunication Services,Private Limited,Chennai,Tamil Nadu,,XXXX2122,ACTIVE,1212.0
MCH6582,Mukhopadhyay Plc,4814,Telecommunication Services,Individual,Ludhiana,Punjab,,,ACTIVE,572.51
MCH2634,"Duga1, G0Pa1 And La1A",7011,Hotels & Lodging,Private Limited,Lucknow,Uttar Pradesh,2023-11-01 11:24:38,XXXX1684,ACTIVE,3213.29
MCH5408,"Setty, Mangal And Dhar",5411,Grocery Stores,Individual,Mumbai,Maharashtra,2026-01-31 00:00:00,XXXX4132,ACTIVE,1231.49
MCH8525,Bah1-Mangat,7011,Hotels & Lodging,Individual,Mumbai,Maharashtra,2025-03-27 07:27:27,,INACTIVE,444.54
MCH4857,Sethi-Soni,4131,Transportation,Individual,Ludhiana,Punjab,2026-02-28 06:57:59,,ACTIVE,278.84
MCH2119,Kashyap Ltd,5699,Apparel & Clothing,Individual,Chennai,Tamil Nadu,2023-07-23 08:53:50,QOGH2854636021780,INACTIVE,1155.58
MCH5723,Doctor Llc,5411,Grocery Stores,Private Limited,Kolkata,West Bengal,2023-04-08 00:00:00,XXXX6555,ACTIVE,574.8
MCH9813,Modi Group,5912,Pharmacies & Healthcare,Sole Proprietorship,Kolkata,West Bengal,2023-01-13 00:00:00,NMVQ7058285918265,INACTIVE,3354.47
MCH8569,Tara Ltd,5812,Restaurants & Dining,Individual,Lucknow,Uttar Pradesh,2025-11-18 04:42:59,,ACTIVE,1022.19
MCH4614,"Savant, Sur And Sani",5411,Grocery Stores,Sole Proprietorship,Chennai,Tamil Nadu,2023-05-03 00:00:00,,INACTIVE,1483.0
MCH7165,Kulkarni-Ramanathan,4814,Telecommunication Services,Private Limited,Amritsar,Punjab,2025-01-28 00:00:00,8142627827,ACTIVE,284.68
MCH7038,Mannan-Singh,5942,Books & Stationery,Individual,Bengaluru,Karnataka,2025-05-25 00:00:00,KOWX5085991997722,INACTIVE,620.0
MCH4690,Natt-Bhattacharyya,5311,Department Stores,Private Limited,Amritsar,Punjab,,HZVJ1693332420203,INACTIVE,150.96
MCH8399,"La11A, Wadhwa And Bhardwaj",5812,Restaurants & Dining,Private Limited,Kolkata,West Bengal,2025-09-05 20:30:25,XXXX6906,ACTIVE,1773.81
MCH4932,Khosla And Sons,5812,Restaurants & Dining,Sole Proprietorship,Jalandhar,Punjab,2024-08-09 02:55:00,QSCW5400259337785,INACTIVE,340.55
MCH6862,"Agrawal, Butala And Ravi",5912,Pharmacies & Healthcare,Private Limited,Mumbai,Maharashtra,2025-01-25 00:00:00,,ACTIVE,1279.37
MCH6922,"Bassi, Dara And Dutt",5699,Apparel & Clothing,Private Limited,Bengaluru,Karnataka,2023-04-01 00:00:00,XXXX6999,ACTIVE,1736.93
MCH6654,Cheema-Dara,7011,Hotels & Lodging,Partnership,Mumbai,Maharashtra,2023-12-26 12:35:00,ETTT3125962256169,ACTIVE,581.25
MCH2755,"Majumdar, Ravi And Dave",5999,Miscellaneous Retail,Partnership,Mumbai,Maharashtra,2026-02-13 00:00:00,,ACTIVE,889.32
MCH5136,Thakur And Sons,4131,Transportation,Sole Proprietorship,Jaipur,Rajasthan,2025-02-10 00:00:00,8466988688,SUSPENDED,2681.3
MCH1096,Subramanian-Prasad,5699,Apparel & Clothing,Individual,Hyderabad,Telangana,2025-03-07 02:41:50,,ACTIVE,8373.82
MCH6628,Thakur-Kunda,4814,Telecommunication Services,Private Limited,Delhi,Delhi,2025-05-13 14:37:00,XXXX4289,ACTIVE,1718.0
MCH2725,Varma-Loke,5812,Restaurants & Dining,Partnership,Kolkata,West Bengal,2023-12-21 15:48:41,,INACTIVE,4486.37
MCH3600,Gole And Sons,4131,Transportation,Sole Proprietorship,Delhi,Delhi,2023-10-09 00:00:00,,ON_HOLD,1548.59
MCH2724,Aggarwal Group,5812,Restaurants & Dining,Individual,Bengaluru,Karnataka,,2736138598,ACTIVE,7977.75
MCH1100,Swamy Inc,5311,Department Stores,Partnership,Ludhiana,Punjab,2024-08-17 00:00:00,9084083237,INACTIVE,2008.22
MCH4153,Shroff Ltd,5999,Miscellaneous Retail,Sole Proprietorship,Kolkata,West Bengal,2025-11-07 00:00:00,,ACTIVE,3578.7
MCH5459,Sachdev Ltd,5699,Apparel & Clothing,Sole Proprietorship,Bengaluru,Karnataka,,HQPJ1613148200279,ON_HOLD,1804.28
MCH7482,"Bail, Verma And Sur",5699,Apparel & Clothing,Private Limited,Jalandhar,Punjab,2024-02-06 00:00:00,,ACTIVE,249.45
MCH9831,"Nayar, Sridhar And Shankar",5411,Grocery Stores,Sole Proprietorship,Bengaluru,Karnataka,2023-05-03 00:00:00,,ACTIVE,2558.5
MCH1183,Rajan Llc,5812,Restaurants & Dining,Private Limited,Bengaluru,Karnataka,2023-02-02 00:00:00,,ACTIVE,1717.84
MCH1050,Trivedi-Zachariah,5699,Apparel & Clothing,Sole Proprietorship,Jaipur,Rajasthan,2025-01-30 00:00:00,0368449602,ACTIVE,2479.88
MCH7088,Prabhu-Agarwal,5311,Department Stores,Sole Proprietorship,Mumbai,Maharashtra,2025-11-30 13:55:45,1353265918,INACTIVE,5426.05
MCH5360,Pillai And Sons,5912,Pharmacies & Healthcare,Individual,Lucknow,Uttar Pradesh,2025-05-07 04:59:14,,ACTIVE,745.28
MCH9840,"Gara, Bedi And Dua",5942,Books & Stationery,Private Limited,Amritsar,Punjab,2025-09-12 00:00:00,4627903528,ACTIVE,369.0
MCH7167,"Bir, Kunda And Manne",5942,Books & Stationery,Partnership,Hyderabad,Telangana,2023-05-26 00:00:00,DXXE7335968012539,ACTIVE,397.0
MCH3520,Jhaveri And Sons,7011,Hotels & Lodging,Individual,Bengaluru,Karnataka,2023-03-22 00:00:00,2637882357,ACTIVE,1231.0
MCH8004,Hayre-Agate,5999,Miscellaneous Retail,Individual,Amritsar,Punjab,2025-01-10 20:15:00,2751341092,INACTIVE,934.62
MCH4807,"Dutt, Pandey And Tella",5912,Pharmacies & Healthcare,Individual,Chennai,Tamil Nadu,2024-05-14 00:00:00,RXUW0906720577178,ACTIVE,1458.0
MCH7428,Vohra Ltd,5311,Department Stores,Sole Proprietorship,Kolkata,West Bengal,,,ACTIVE,1227.52
MCH9431,Madan-Kota,4131,Transportation,Private Limited,Bengaluru,Karnataka,2023-02-05 00:00:00,1678744111,ACTIVE,436.79
MCH3887,Pa11A-Sah0Ta,7011,Hotels & Lodging,Partnership,Kolkata,West Bengal,2025-11-19 10:50:37,EUVX7549332799238,INACTIVE,1596.95
MCH4831,Gala Group,5311,Department Stores,Sole Proprietorship,Poona,Maharashtra,2025-05-05 00:00:00,,ACTIVE,1889.75
MCH6683,Pai Inc,5411,Grocery Stores,Individual,Chennai,Tamil Nadu,2025-11-29 00:42:00,XSXE7944444672498,ACTIVE,808.55
MCH2199,Subramanian Inc,5311,Department Stores,Private Limited,Bengaluru,Karnataka,2024-01-14 00:00:00,,SUSPENDED,369.25
MCH8481,"Dixit,Geraandgara",4131,Transportation,Sole Proprietorship,Jaipur,Rajasthan,,COTV7157526007969,ACTIVE,1730.88
MCH6036,Chhabra Group,5699,Apparel & Clothing,Sole Proprietorship,Amritsar,Punjab,2024-01-10 00:00:00,XXXX4226,ACTIVE,
MCH6431,"Batra, Pant And Devan",7011,Hotels & Lodging,Partnership,Bengaluru,Karnataka,2026-01-31 00:00:00,XXXX1013,INACTIVE,1564.0
MCH8920,"Parekh, Srivastava And Choudhury",5311,Department Stores,Private Limited,Delhi,Delhi,2023-12-15 00:00:00,XXXX5523,ACTIVE,19788.99
MCH5516,Muni Llc,5699,Apparel & Clothing,Individual,Kolkata,West Bengal,2025-11-17 13:15:12,,ACTIVE,1139.0
MCH6559,"Master, Dutta And Dash",5999,Miscellaneous Retail,Individual,Ldh,Punjab,2024-05-12 00:00:00,,ACTIVE,521.0
MCH9845,Misra-Varghese,5912,Pharmacies & Healthcare,Sole Proprietorship,Ludhiana,Punjab,2025-12-30 00:00:00,,ACTIVE,186.59
MCH8953,Narayan-Uppal,5912,Pharmacies & Healthcare,Private Limited,Ldh,Punjab,2025-06-28 10:02:00,AXNQ2993996148384,ACTIVE,2726.98
MCH3086,Nori-Mishra,5912,Pharmacies & Healthcare,Sole Proprietorship,Kolkata,West Bengal,2023-05-20 00:00:00,,INACTIVE,1788.09
MCH4990,"Ramakrishnan, Dey And Thakkar",5411,Grocery Stores,Private Limited,Mumbai,Maharashtra,,OWGO7691795560125,ACTIVE,
MCH4794,Borra-Dutt,7011,Hotels & Lodging,Private Limited,Jaipur,Rajasthan,2024-09-19 22:25:00,XRGH9133437458010,ACTIVE,1006.04
MCH6262,Saran Ltd,5311,Department Stores,Partnership,Mumbay,Maharashtra,2025-08-04 12:06:38,XXXX7596,INACTIVE,6560.0
MCH8146,Bath-Purohit,5942,Books & Stationery,Sole Proprietorship,Delhi,Delhi,2025-04-28 17:40:46,XXXX1421,ACTIVE,5566.64
MCH4827,"Deol, Rastogi And Khatri",4814,Telecommunication Services,Sole Proprietorship,Lucknow,Uttar Pradesh,2024-10-05 03:12:00,,ACTIVE,810.0
MCH9826,Rana And Sons,5411,Grocery Stores,Private Limited,Bengaluru,Karnataka,2023-07-07 16:29:00,ZBMZ7199667891551,ACTIVE,739.28
MCH2582,Lal Plc,5912,Pharmacies & Healthcare,Sole Proprietorship,Delhi,Delhi,2025-09-13 00:00:00,,ACTIVE,1344.48
MCH8268,Krishnamurthy-Chopra,5942,Books & Stationery,Private Limited,Chennai,Tamil Nadu,2025-09-13 00:00:00,9959196450,ACTIVE,1218.95
MCH5934,Halder Llc,7011,Hotels & Lodging,Private Limited,Amritsar,Punjab,2023-03-22 00:00:00,CBWB3662425285759,ACTIVE,1201.69
MCH1072,Kalla-Khalsa,5812,Restaurants & Dining,Private Limited,Mumbai,Maharashtra,2025-11-10 00:00:00,,INACTIVE,422.23
MCH5979,Mani Group,4131,Transportation,Private Limited,Bengaluru,Karnataka,2024-07-15 00:00:00,,SUSPENDED,4686.23
MCH9802,Kashyap Llc,4814,Telecommunication Services,Private Limited,Amritsar,Punjab,,4417851194,INACTIVE,378.5
MCH2403,Chana-Yohannan,5411,Grocery Stores,Partnership,Kolkata,West Bengal,2025-07-28 00:00:00,,ACTIVE,574.13
MCH2347,"Dara, Ravel And Soni",5912,Pharmacies & Healthcare,Sole Proprietorship,Amritsar,Punjab,2023-12-09 00:00:00,LYBJ8156884625938,ACTIVE,3169.93
MCH1974,Kap00R Llc,4131,Transportation,Partnership,Chennai,Tamil Nadu,2024-05-12 08:25:13,5931788473,ACTIVE,
MCH2994,Kumar Plc,4814,Telecommunication Services,Sole Proprietorship,Jalandhar,Punjab,2024-11-13 00:00:00,,ACTIVE,653.34
MCH1126,"Nayak, Dhaliwal And Soman",5411,Grocery Stores,Partnership,Jalandhar,Punjab,2026-02-12 00:00:00,,ACTIVE,564.83
MCH4237,"Deshmukh, Ghose And Chhabra",5812,Restaurants & Dining,Sole Proprietorship,Pune,Maharashtra,2024-02-12 12:00:50,,SUSPENDED,5905.65
MCH7744,Nath Plc,5311,Department Stores,Individual,Amritsar,Punjab,2026-02-08 11:39:38,,ACTIVE,283.48
MCH1806,Thaker-Dutt,5699,Apparel & Clothing,Individual,Ludhiana,Punjab,2024-05-02 09:16:54,1201362088,ACTIVE,6418.0
MCH1401,Din And Sons,5411,Grocery Stores,Individual,Amritsar,Punjab,2025-07-20 20:31:24,2717124397,ACTIVE,286.09
MCH9692,Parekh-Kurian,5699,Apparel & Clothing,Individual,Jaipur,Rajasthan,2025-10-20 00:00:00,XXXX0036,ACTIVE,
MCH5476,Buch Group,5912,Pharmacies & Healthcare,Private Limited,Delhi,Delhi,2024-03-08 00:00:00,,ACTIVE,1311.87
MCH1059,Prasad Ltd,4814,Telecommunication Services,Partnership,Hyderabad,Telangana,2023-03-18 00:00:00,XXXX9900,ACTIVE,4187.75
MCH6585,Kara-Nath,5699,Apparel & Clothing,Private Limited,Kolkata,West Bengal,2024-12-29 01:18:00,0436756334,INACTIVE,2202.59
MCH7026,Ganesan-Manda,7011,Hotels & Lodging,Sole Proprietorship,Mumbai,Maharashtra,2025-09-30 00:00:00,6953234378,ACTIVE,1364.0
MCH7949,Vohra-Chaudhary,4131,Transportation,Private Limited,Mumbai,Maharashtra,2023-10-14 00:00:00,,ACTIVE,265.37
MCH8473,"Tella, Dara And Krish",4814,Telecommunication Services,Private Limited,Mumbai,Maharashtra,2025-06-21 06:51:14,,ACTIVE,320.84
MCH7144,"Char, Kapadia And Palla",5999,Miscellaneous Retail,Private Limited,Mumbai,Maharashtra,2025-03-23 00:00:00,8545782179,INACTIVE,4555.85
MCH1736,Barman Inc,4131,Transportation,Partnership,Jaipur,Rajasthan,2025-08-06 20:56:00,,ACTIVE,1937.05
MCH1365,Ahluwalia-Choudhary,5311,Department Stores,Private Limited,Ldh,Punjab,2023-03-10 00:00:00,XXXX5844,ACTIVE,4292.21
MCH4496,"Shroff,Ahujaandkumar",4814,Telecommunication Services,Partnership,Amritsar,Punjab,2025-11-05 18:25:00,5684338286,ACTIVE,497.26
MCH9091,"Dewan, Hayre And Kala",4131,Transportation,Sole Proprietorship,Amritsar,Punjab,,VGTR9380587606414,INACTIVE,4267.28
MCH6882,"Thaker, Hans And Chandra",4131,Transportation,Private Limited,Lucknow,Uttar Pradesh,2025-02-10 06:27:51,XXXX2452,INACTIVE,274.11
MCH4736,Suresh-Gola,5942,Books & Stationery,Partnership,Mumbai,Maharashtra,2023-08-24 02:12:00,OCLG6376733151298,ACTIVE,885.16
MCH3882,Kannan Plc,5912,Pharmacies & Healthcare,Individual,Poona,Maharashtra,2024-08-06 00:00:00,4780136395,ACTIVE,1470.9
MCH8568,Krishna-Agrawal,4814,Telecommunication Services,Partnership,Kolkata,West Bengal,2024-10-25 03:43:00,7283032727,INACTIVE,412.1
MCH2075,"Dhar,Deoandrau",5912,Pharmacies & Healthcare,Individual,Delhi,Delhi,2024-09-01 00:59:41,0032289516,ACTIVE,1584.12
MCH4006,Thakur-Narayan,5411,Grocery Stores,Private Limited,Amritsar,Punjab,2024-06-23 00:00:00,0693723278,INACTIVE,282.17
MCH5236,Basak-Madan,5999,Miscellaneous Retail,Private Limited,Delhi,Delhi,,1939509420,ACTIVE,389.03
MCH9394,Pal-Taneja,4814,Telecommunication Services,Private Limited,Ludhiana,Punjab,2024-01-02 00:00:00,,INACTIVE,311.59
MCH3817,Subramanian Group,5311,Department Stores,Sole Proprietorship,Ludhiana,Punjab,,XXXX6376,ACTIVE,3916.72
MCH2658,"Parmar, Purohit And Bhasin",5812,Restaurants & Dining,Sole Proprietorship,Bengaluru,Karnataka,,8958415885,ACTIVE,548.82
MCH4922,Cheema Group,5999,Miscellaneous Retail,Partnership,Hyderabad,Telangana,2024-03-20 00:00:00,,ACTIVE,324.81
MCH6420,Wadhwa And Sons,5912,Pharmacies & Healthcare,Partnership,Bengaluru,Karnataka,,0724197412,ACTIVE,160.44
MCH3167,"Grewal, Biswas And Naidu",5411,Grocery Stores,Sole Proprietorship,Jaipur,Rajasthan,2024-02-19 00:00:00,,ACTIVE,2704.22
MCH1987,"Dora, Sarma And Biswas",4814,Telecommunication Services,Partnership,Mumbai,Maharashtra,2023-01-31 00:00:00,NNVG3490646202999,ACTIVE,3268.84
MCH5710,Karnik Ltd,5942,Books & Stationery,Partnership,Jaipur,Rajasthan,2025-12-24 00:00:00,4751773025,ACTIVE,2156.34
MCH6789,Sanghvi-Garg,5699,Apparel & Clothing,Individual,Kolkata,West Bengal,,XXXX2367,ACTIVE,8043.93
MCH5807,Madan Ltd,5311,Department Stores,Sole Proprietorship,Jalandhar,Punjab,2023-06-11 00:00:00,XXXX1600,ACTIVE,1974.14
MCH4389,"Bobal, Chakrabarti And Dash",5912,Pharmacies & Healthcare,Sole Proprietorship,Pune,Maharashtra,2026-02-04 00:00:00,,ACTIVE,445.95
MCH6072,"Bassi, Sarma And Yohannan",5999,Miscellaneous Retail,Sole Proprietorship,Chennai,Tamil Nadu,2024-01-14 00:00:00,OFUG5890068758335,ACTIVE,1959.53
MCH7619,"Ranganathan, Kumer And Pandya",5311,Department Stores,Private Limited,Kolkata,West Bengal,2023-11-02 00:00:00,XXXX7479,ACTIVE,
MCH6050,"Choudhary, Shanker And Rajan",5812,Restaurants & Dining,Individual,Ldh,Punjab,2024-03-26 21:03:47,1328212555,ACTIVE,2324.79
MCH2730,Hans Llc,5999,Miscellaneous Retail,Individual,Jaipur,Rajasthan,2025-06-23 00:00:00,,ACTIVE,1392.27
MCH4490,"Doshi, Raj And Bumb",5411,Grocery Stores,Partnership,Ldh,Punjab,2025-07-28 00:00:00,XXXX2409,ACTIVE,748.4
MCH4031,"Mitra, Bali And Rai",5942,Books & Stationery,Private Limited,Lucknow,Uttar Pradesh,2026-12-01 00:00:00,,ACTIVE,9089.26
MCH3031,Morar And Sons,5411,Grocery Stores,Individual,Pune,Maharashtra,2025-04-23 00:00:00,,ACTIVE,4053.43
MCH4700,"Rajan, Garg And Ray",5699,Apparel & Clothing,Individual,Chennai,Tamil Nadu,,ZNYW6274259007166,ACTIVE,805.94
MCH9517,Menon Inc,7011,Hotels & Lodging,Sole Proprietorship,Mumbai,Maharashtra,2023-09-23 00:00:00,XXXX3518,ACTIVE,1486.34
MCH1763,Dhillon Ltd,5311,Department Stores,Partnership,Jalandhar,Punjab,2026-02-22 00:00:00,4567982166,ACTIVE,231.69
MCH1948,"Sundaram, Sami And Jha",4814,Telecommunication Services,Private Limited,Jaipur,Rajasthan,2024-07-17 00:00:00,4160009756,ACTIVE,634.29
MCH9457,Som-Ravi,5311,Department Stores,Sole Proprietorship,Jaipur,Rajasthan,2025-02-19 05:25:00,,ACTIVE,672.31
MCH3974,"Mishra, Baral And Char",5942,Books & Stationery,Sole Proprietorship,Chennai,Tamil Nadu,2026-02-22 00:00:00,XXXX0042,ON_HOLD,2017.65
MCH7736,Kara Plc,5699,Apparel & Clothing,Individual,Amritsar,Punjab,2024-02-01 00:00:00,,ACTIVE,778.45
MCH1872,Rege Llc,4814,Telecommunication Services,Partnership,Bengaluru,Karnataka,2024-06-26 00:00:00,,ACTIVE,768.52
MCH7194,Shan And S0Ns,4131,Transportation,Individual,Ludhiana,Punjab,,,ACTIVE,983.19
MCH6742,"Garde, Chaudhry And Mistry",7011,Hotels & Lodging,Sole Proprietorship,Jalandhar,Punjab,2024-05-03 00:00:00,,ACTIVE,646.0
MCH2289,Tank-Datta,5812,Restaurants & Dining,Private Limited,Hyderabad,Telangana,2025-10-26 00:00:00,2288122436,ACTIVE,372.03
MCH1674,"Bansal, Babu And Bansal",5699,Apparel & Clothing,Individual,Chennai,Tamil Nadu,2024-03-11 05:59:00,,ACTIVE,811.0
MCH7412,Chand-Bada1,5812,Restaurants & Dining,Private Limited,Mumbai,Maharashtra,2025-08-15 00:00:00,,INACTIVE,539.2
MCH1107,Sen-Das,4814,Telecommunication Services,Private Limited,Chennai,Tamil Nadu,2024-09-16 00:00:00,VDXT6754486241555,ACTIVE,
MCH1581,"Nayak, Verma And Sawhney",5311,Department Stores,Partnership,Mumbai,Maharashtra,2025-01-11 00:00:00,,ACTIVE,3655.93
MCH3678,"Ramanathan, Oza And Aggarwal",5699,Apparel & Clothing,Partnership,Jalandhar,Punjab,2023-03-04 10:00:00,9191196267,ACTIVE,1617.86
MCH2200,Choudhry-Vig,4814,Telecommunication Services,Private Limited,Jaipur,Rajasthan,2023-04-21 06:16:00,JBNG6240536039384,ACTIVE,207.14
MCH8890,"Kumar, Yogi And Seshadri",5999,Miscellaneous Retail,Sole Proprietorship,Lucknow,Uttar Pradesh,2025-12-01 18:31:00,,ACTIVE,535.53
MCH2754,Chahal Group,5812,Restaurants & Dining,Sole Proprietorship,Amritsar,Punjab,2023-09-27 00:00:00,,ACTIVE,1452.51
MCH7577,"Gandhi, Golla And Arora",5699,Apparel & Clothing,Private Limited,Amritsar,Punjab,2023-01-26 00:00:00,XXXX6249,ACTIVE,
MCH5093,Khatri-Kata,5411,Grocery Stores,Partnership,Jaipur,Rajasthan,2024-10-28 00:00:00,,INACTIVE,1344.37
MCH1366,"Shah, Roy And Srinivasan",5411,Grocery Stores,Sole Proprietorship,Kolkata,West Bengal,2023-08-03 07:31:06,5320028837,ACTIVE,935.11
MCH2189,"Mammen, Balakrishnan And Prakash",5311,Department Stores,Sole Proprietorship,Jaipur,Rajasthan,2025-05-14 00:00:00,,ACTIVE,2363.97
MCH9440,Ratti Llc,5311,Department Stores,Individual,Jalandhar,Punjab,,MAUW1308281422202,ACTIVE,186.6
MCH8933,Karpe Inc,5912,Pharmacies & Healthcare,Private Limited,Amritsar,Punjab,,UYYR5964634247104,ACTIVE,2968.0
MCH6809,Reddy-Bhatt,5699,Apparel & Clothing,Partnership,Bengaluru,Karnataka,2024-08-05 00:00:00,,ACTIVE,2382.0
MCH7585,Rattan-Ratti,5699,Apparel & Clothing,Partnership,Pune,Maharashtra,2026-02-10 00:00:00,,ACTIVE,3222.54
MCH3072,Vora-Soman,5699,Apparel & Clothing,Individual,Amritsar,Punjab,2026-02-13 04:04:19,DNMO7101498768595,ACTIVE,1993.93
MCH8352,Tailor And Sons,7011,Hotels & Lodging,Sole Proprietorship,Lucknow,Uttar Pradesh,2024-06-11 00:00:00,,ACTIVE,1393.59
MCH4260,"Kalla, Banerjee And Choudhary",4814,Telecommunication Services,Partnership,Ldh,Punjab,,,ACTIVE,389.14
MCH3732,"Bhat, Sarin And Wag1E",7011,Hotels & Lodging,Sole Proprietorship,Lucknow,Uttar Pradesh,2025-06-23 19:32:43,,ACTIVE,604.0
MCH5490,"Bahl, Kakar And Dara",5699,Apparel & Clothing,Individual,Hyderabad,Telangana,2025-12-28 00:00:00,JQDE2976951081698,ACTIVE,1917.65
MCH3715,Bansal Inc,5942,Books & Stationery,Individual,Lucknow,Uttar Pradesh,2024-11-27 00:00:00,,SUSPENDED,2025.81
MCH1588,Doctor Ltd,4131,Transportation,Individual,Ludhiana,Punjab,2025-07-27 00:00:00,XXXX2866,SUSPENDED,1791.21
MCH6949,"Dada, Suri And Chhabra",7011,Hotels & Lodging,Sole Proprietorship,Poona,Maharashtra,2024-01-26 00:00:00,2829880140,ACTIVE,333.77
MCH4709,Dewan-Jain,4131,Transportation,Partnership,Lucknow,Uttar Pradesh,2025-02-11 05:55:00,KNDG8941878782288,ACTIVE,108.08
MCH9919,"Ramaswamy,Pallandbahri",5912,Pharmacies & Healthcare,Private Limited,Mumbai,Maharashtra,2026-02-09 00:00:00,,ACTIVE,1346.24
MCH7145,Ratti And Sons,5411,Grocery Stores,Sole Proprietorship,Pune,Maharashtra,2025-01-07 00:00:00,9050093816,ACTIVE,1161.56
MCH7100,Sanghvi-Pandit,5699,Apparel & Clothing,Individual,Pune,Maharashtra,2024-09-07 00:00:00,,ACTIVE,638.61
MCH8968,"Mukherjee,Moraranddesai",5411,Grocery Stores,Individual,Amritsar,Punjab,2023-09-04 00:00:00,,ACTIVE,8122.94
MCH4055,Rai Plc,5812,Restaurants & Dining,Private Limited,Ludhiana,Punjab,2023-08-12 00:00:00,XXXX0097,ACTIVE,283.42
MCH7281,Kalita-Mistry,4814,Telecommunication Services,Private Limited,Hyderabad,Telangana,2024-11-24 00:00:00,XXXX5201,ACTIVE,2941.71
MCH2154,"Chhabra, Walla And Ramakrishnan",5942,Books & Stationery,Sole Proprietorship,Ludhiana,Punjab,2023-10-28 00:00:00,,INACTIVE,1662.0
MCH7501,Jayaraman Inc,5311,Department Stores,Partnership,Kolkata,West Bengal,2024-03-10 00:00:00,XXXX9347,ACTIVE,2898.16
MCH7930,"Boase, Barman And Virk",5812,Restaurants & Dining,Private Limited,Amritsar,Punjab,2025-02-05 00:00:00,,ACTIVE,1076.5
MCH7549,Narayan Plc,7011,Hotels & Lodging,Sole Proprietorship,Kolkata,West Bengal,2023-02-22 04:38:14,8324142833,INACTIVE,2720.0
MCH3172,Kumarandsons,5311,Department Stores,Partnership,Amritsar,Punjab,2026-01-14 00:00:00,,ACTIVE,3144.22
MCH1063,"Samra, Sur And Venkataraman",5999,Miscellaneous Retail,Private Limited,Chennai,Tamil Nadu,2023-06-13 00:00:00,2476053551,ACTIVE,1297.7
MCH4599,Majumdar-Choudhary,5411,Grocery Stores,Private Limited,Mumbai,Maharashtra,2023-05-03 16:37:00,5607530943,INACTIVE,1341.81
MCH8345,"Srinivas, Bali And Bhatt",7011,Hotels & Lodging,Sole Proprietorship,Jalandhar,Punjab,2023-02-08 02:01:40,,INACTIVE,1909.16
MCH7846,Chad-Gole,5999,Miscellaneous Retail,Individual,Mumbai,Maharashtra,2023-08-24 00:00:00,XXXX4268,ACTIVE,228.0
MCH9302,Savant-Dave,5311,Department Stores,Partnership,Bengaluru,Karnataka,2025-08-17 00:00:00,,ACTIVE,543.56
MCH9136,Mody Ltd,5411,Grocery Stores,Individual,Chennai,Tamil Nadu,2024-07-10 00:00:00,MHEB9502738400073,ACTIVE,1976.5
MCH8145,Dhi110N Llc,7011,Hotels & Lodging,Private Limited,Chennai,Tamil Nadu,2025-10-12 00:00:00,,ACTIVE,180.43
MCH7298,"Sangha, Sangha And Kulkarni",5411,Grocery Stores,Individual,Delhi,Delhi,2024-01-28 17:48:18,VEZZ6158628097451,ACTIVE,1661.92
MCH6825,Viswanathan Ltd,5912,Pharmacies & Healthcare,Partnership,Mumbai,Maharashtra,2023-01-10 00:00:00,7090133493,ACTIVE,1083.22
MCH3055,"Batta, Sha And Dugar",7011,Hotels & Lodging,Private Limited,Chennai,Tamil Nadu,2025-08-18 17:51:00,XXXX2455,ACTIVE,262.1
MCH1617,Cherian Llc,5311,Department Stores,Individual,Hyderabad,Telangana,2024-02-09 07:13:57,4300505477,ACTIVE,11340.36
MCH9220,"Agate,Boaseandkurian",4131,Transportation,Sole Proprietorship,Delhi,Delhi,,XXXX4686,INACTIVE,728.01
MCH3161,Mittal-Bawa,5999,Miscellaneous Retail,Private Limited,Jalandhar,Punjab,2023-04-01 15:06:38,,ACTIVE,2703.14
MCH7111,Kohli-Zachariah,5411,Grocery Stores,Partnership,Ldh,Punjab,2025-04-08 00:00:00,XXXX9398,ACTIVE,585.6
MCH9665,Baria And Sons,5699,Apparel & Clothing,Sole Proprietorship,Chennai,Tamil Nadu,2023-09-08 00:00:00,VFLG7914496362461,SUSPENDED,4561.8
MCH2094,Ratti Ltd,5411,Grocery Stores,Sole Proprietorship,Bengaluru,Karnataka,,2357394958,ACTIVE,4897.48
MCH6255,"Gupta, Kibe And Aurora",7011,Hotels & Lodging,Partnership,Lucknow,Uttar Pradesh,2023-10-31 04:07:14,5876602681,ACTIVE,3182.0
MCH5278,"Sarraf, Peri And Ratti",5999,Miscellaneous Retail,Private Limited,Kolkata,West Bengal,2025-04-27 00:00:00,,ACTIVE,1446.64
MCH7164,"Tata, Sachdeva And Palan",4131,Transportation,Individual,Jalandhar,Punjab,2023-08-10 05:30:25,FKFD7859864387581,ACTIVE,519.18
MCH5245,"Bhatt, Kakar And Boase",5311,Department Stores,Individual,Jalandhar,Punjab,2025-06-27 04:58:08,4405470614,ACTIVE,2923.74
MCH7814,Mallick-Puri,5812,Restaurants & Dining,Sole Proprietorship,Jaipur,Rajasthan,2024-01-03 00:00:00,,ACTIVE,2963.54
MCH9082,Seshadri Group,5812,Restaurants & Dining,Sole Proprietorship,Jaipur,Rajasthan,2025-11-24 03:08:55,,ACTIVE,862.0
MCH2701,"Prabhakar, Saraf And Mand",7011,Hotels & Lodging,Private Limited,Hyderabad,Telangana,2023-01-25 00:00:00,1250735780,ACTIVE,2599.41
MCH1409,Baral Llc,5912,Pharmacies & Healthcare,Individual,Hyderabad,Telangana,2023-06-03 00:00:00,,ACTIVE,1891.12
MCH6943,Vyas Group,5699,Apparel & Clothing,Individual,Amritsar,Punjab,2023-04-11 00:00:00,KIUE4469872424797,ACTIVE,651.75
MCH1498,Deo-Mand,5999,Miscellaneous Retail,Sole Proprietorship,Chennai,Tamil Nadu,2025-01-03 00:00:00,,ACTIVE,1460.33
MCH5367,Reddy-Chakraborty,5699,Apparel & Clothing,Sole Proprietorship,Mumbai,Maharashtra,2025-03-01 03:24:42,WHOV7357855523116,ACTIVE,1679.09
MCH7262,Loke Llc,4814,Telecommunication Services,Partnership,Mumbai,Maharashtra,2023-12-13 00:00:00,XXXX0516,ACTIVE,3675.05
MCH7344,Rama-Shukla,5699,Apparel & Clothing,Sole Proprietorship,Hyderabad,Telangana,2023-10-11 00:00:00,,ACTIVE,1447.45
MCH6523,Ramanathan-Wali,5999,Miscellaneous Retail,Private Limited,Bengaluru,Karnataka,2024-08-27 00:00:00,CTGF7705622759501,ACTIVE,2272.75
MCH2450,Bail Plc,5812,Restaurants & Dining,Private Limited,Hyderabad,Telangana,2024-04-25 12:52:00,XXXX3279,ACTIVE,3923.0
MCH9836,"Nori, Malhotra And Deep",7011,Hotels & Lodging,Sole Proprietorship,Chennai,Tamil Nadu,,XXXX5684,ACTIVE,3007.0
MCH3688,"Nayak, Brar And Sahni",4814,Telecommunication Services,Individual,Chennai,Tamil Nadu,2025-08-20 00:00:00,,ON_HOLD,2787.88
MCH8131,Sekhon-Agrawal,5999,Miscellaneous Retail,Private Limited,Kolkata,West Bengal,2023-05-15 00:00:00,,INACTIVE,5430.66
MCH7276,Talwar-Kant,4131,Transportation,Partnership,Jaipur,Rajasthan,2023-06-23 22:04:06,,ACTIVE,692.16
MCH8018,Lad Plc,5411,Grocery Stores,Private Limited,Kolkata,West Bengal,2025-03-27 00:00:00,XXXX3019,ACTIVE,655.7
MCH9102,Sastry-Wali,5942,Books & Stationery,Private Limited,Poona,Maharashtra,2025-06-30 04:03:18,WUTS6822135925592,ACTIVE,1846.0
MCH3017,Ramanathan And Sons,5311,Department Stores,Partnership,Delhi,Delhi,2024-06-07 00:00:00,,ACTIVE,3967.02
MCH6051,"Prashad, Date And Sodhi",5311,Department Stores,Private Limited,Jalandhar,Punjab,2026-01-18 00:00:00,,ACTIVE,212.27
MCH4977,Arora-Nayak,5999,Miscellaneous Retail,Individual,Ldh,Punjab,2025-05-03 00:00:00,,ACTIVE,1505.38
MCH4114,"Pandya, Jayaraman And Ray",4814,Telecommunication Services,Sole Proprietorship,Hyderabad,Telangana,2025-01-15 00:00:00,SSMR5889038460894,INACTIVE,436.15
MCH5963,Mukhopadhyay Ltd,5999,Miscellaneous Retail,Partnership,Pune,Maharashtra,2023-04-09 00:00:00,XXXX5492,INACTIVE,5714.63
MCH8825,"Mandal, Chaudhari And Savant",5699,Apparel & Clothing,Individual,Jalandhar,Punjab,2025-07-27 00:00:00,8501342789,ACTIVE,1817.3
MCH1830,Shan Llc,7011,Hotels & Lodging,Private Limited,Lucknow,Uttar Pradesh,,8821748714,ACTIVE,405.35
MCH2896,"Date, Sahota And Hayre",4131,Transportation,Individual,Chennai,Tamil Nadu,,KPBN8019714054804,ACTIVE,1484.62
MCH1093,"Dubey, Uppal And Bhatt",5812,Restaurants & Dining,Private Limited,Poona,Maharashtra,2025-04-26 00:00:00,,INACTIVE,4005.67
MCH3008,"Datta, Sarkar And Nori",5311,Department Stores,Partnership,Ldh,Punjab,2024-11-11 00:00:00,,ACTIVE,522.31
MCH5159,"Boase, Nadkarni And Kala",4131,Transportation,Private Limited,Jaipur,Rajasthan,2025-05-18 00:00:00,DDIU4780752450137,ACTIVE,214.1
MCH5333,Rajagopal-Agate,4814,Telecommunication Services,Sole Proprietorship,Amritsar,Punjab,,,INACTIVE,15510.71
MCH2498,Peri-Sachdeva,7011,Hotels & Lodging,Individual,Lucknow,Uttar Pradesh,2024-07-22 00:00:00,7968546113,ACTIVE,1576.69
MCH4235,Nagar-Sharma,5311,Department Stores,Sole Proprietorship,Kolkata,West Bengal,2024-10-02 00:00:00,,ACTIVE,1671.65
MCH4636,Sura And Sons,5699,Apparel & Clothing,Partnership,Mumbai,Maharashtra,2023-12-17 17:58:35,8723730767,ACTIVE,
MCH7828,Jhaveri And Sons,5699,Apparel & Clothing,Individual,Kolkata,West Bengal,2026-02-23 00:00:00,3888843924,ACTIVE,3105.54
MCH6277,"Mangat, Kaur And Guha",7011,Hotels & Lodging,Partnership,Delhi,Delhi,2024-04-07 03:31:48,,ACTIVE,1786.0
MCH1243,"Buch, Atwal And Roy",5912,Pharmacies & Healthcare,Partnership,Ludhiana,Punjab,2025-12-06 08:43:00,,ACTIVE,1323.94
MCH4064,"Sastry, Sibal And Rajagopal",4131,Transportation,Partnership,Lucknow,Uttar Pradesh,2024-11-23 00:00:00,XXXX7853,INACTIVE,460.13
MCH8389,Thaman Group,5812,Restaurants & Dining,Individual,Mumbai,Maharashtra,2024-02-17 16:36:00,XXXX0828,INACTIVE,1716.78
MCH8601,Chahal-Parekh,5812,Restaurants & Dining,Private Limited,Amritsar,Punjab,2025-02-20 00:00:00,SPNT7219401023773,ACTIVE,600.58
MCH7997,"Rattan, Naik And Singh",5999,Miscellaneous Retail,Individual,Poona,Maharashtra,2024-05-31 14:52:38,MFLT0388804537888,ACTIVE,397.79
MCH6078,Oza-Srinivasan,4814,Telecommunication Services,Individual,Mumbai,Maharashtra,2023-10-15 19:51:00,,ACTIVE,4379.06
MCH7042,Halder-Kalla,5999,Miscellaneous Retail,Private Limited,Pune,Maharashtra,2023-09-26 00:00:00,,ACTIVE,1230.3
MCH9415,Krishnamurthy-Warrior,7011,Hotels & Lodging,Sole Proprietorship,Ludhiana,Punjab,2023-02-21 00:00:00,,ACTIVE,438.69
MCH4364,Sastry-Shetty,4131,Transportation,Sole Proprietorship,Kolkata,West Bengal,2024-06-14 00:00:00,BYKR5512266480306,ACTIVE,1128.0
MCH9778,"Chandra, Subramanian And Borde",5942,Books & Stationery,Private Limited,Bengaluru,Karnataka,2025-05-20 15:00:27,2832098556,ACTIVE,2313.1
MCH3743,Doctor Ltd,5912,Pharmacies & Healthcare,Sole Proprietorship,Hyderabad,Telangana,2023-01-16 20:06:00,BRVO9557812490695,ACTIVE,12417.3
MCH1730,Buch Ltd,5699,Apparel & Clothing,Individual,Kolkata,West Bengal,2023-04-25 00:00:00,,ACTIVE,813.32
MCH1122,Bakshi And Sons,5311,Department Stores,Private Limited,Chennai,Tamil Nadu,2023-03-09 00:00:00,,ACTIVE,638.59
MCH1921,Raj Llc,5999,Miscellaneous Retail,Partnership,Lucknow,Uttar Pradesh,2024-02-12 00:00:00,5917860419,ACTIVE,2280.24
MCH3795,Sinha-Ramesh,4814,Telecommunication Services,Partnership,Hyderabad,Telangana,2024-06-19 00:00:00,XXXX9092,ACTIVE,1083.1
MCH7236,"Ramanathan, Varkey And Iyengar",5812,Restaurants & Dining,Partnership,Ludhiana,Punjab,2024-01-17 20:37:00,8807064129,ACTIVE,843.44
MCH7057,"Lad, Kala And Bhagat",4814,Telecommunication Services,Partnership,Jaipur,Rajasthan,2026-10-02 15:50:00,,ACTIVE,1333.8
MCH3129,"Ghose,Hariandgarde",5411,Grocery Stores,Sole Proprietorship,Ludhiana,Punjab,2025-06-27 03:24:00,GWXI4589298577824,ACTIVE,1908.27
MCH5857,"Varughese, Vora And Chokshi",4814,Telecommunication Services,Individual,Lucknow,Uttar Pradesh,2025-11-21 00:00:00,,INACTIVE,687.33
MCH5631,"Bhattacharyya, Behl And Barad",5699,Apparel & Clothing,Sole Proprietorship,Bengaluru,Karnataka,2025-08-30 16:56:41,XXXX1656,ACTIVE,857.0
MCH9430,"Shetty, Pau And Chhabra",4814,Telecommunication Services,Partnership,Poona,Maharashtra,2023-10-31 00:00:00,,ACTIVE,927.24
MCH4211,Amb1E-Saha,5411,Grocery Stores,Sole Proprietorship,Delhi,Delhi,2023-06-27 00:00:00,,ACTIVE,525.0
MCH6366,"Hora, Edwin And Zacharia",4814,Telecommunication Services,Sole Proprietorship,Ludhiana,Punjab,2025-03-29 00:00:00,8367872742,ACTIVE,780.59
MCH3637,Pai-Parikh,5812,Restaurants & Dining,Sole Proprietorship,Hyderabad,Telangana,2024-06-26 00:00:00,,ACTIVE,3420.81
MCH8446,Kuruvi11A Gr0Up,5999,Miscellaneous Retail,Sole Proprietorship,Chennai,Tamil Nadu,2025-07-07 00:00:00,,ACTIVE,979.24
MCH8038,"Sane, Bir And Singhal",5311,Department Stores,Individual,Amritsar,Punjab,,,INACTIVE,1346.16
MCH7919,"Dugar, Buch And Bhatti",5812,Restaurants & Dining,Private Limited,Hyderabad,Telangana,2023-11-17 17:05:00,,ACTIVE,3138.05
MCH1968,Shroff-Mani,5411,Grocery Stores,Partnership,Mumbai,Maharashtra,2024-10-04 00:00:00,FIQR5425866491953,ACTIVE,1674.0
MCH9153,Amble And Sons,4131,Transportation,Sole Proprietorship,Amritsar,Punjab,2025-11-04 00:00:00,RQJV0029687316825,ACTIVE,
MCH2237,Chatterjee-Din,4814,Telecommunication Services,Sole Proprietorship,Lucknow,Uttar Pradesh,2023-01-23 00:00:00,4350832934,ACTIVE,
MCH6630,"Kalla, Vyas And Lanka",5942,Books & Stationery,Sole Proprietorship,Jaipur,Rajasthan,,,ACTIVE,257.87
MCH3512,"Bhatti, Khosla And Chhabra",4814,Telecommunication Services,Private Limited,Amritsar,Punjab,2023-05-04 23:36:19,,ACTIVE,1112.0
MCH2196,Badal-Ghosh,4131,Transportation,Individual,Delhi,Delhi,2024-04-07 00:00:00,XXXX7232,ACTIVE,188.84
MCH4340,"Nadig, Kothari And Khalsa",7011,Hotels & Lodging,Partnership,Mumbai,Maharashtra,,,ACTIVE,1756.35
MCH6998,Jani-Nayak,5311,Department Stores,Individual,Delhi,Delhi,2026-01-27 00:00:00,,ACTIVE,3349.13
MCH6746,"Tank, Chanda And Kothari",5411,Grocery Stores,Private Limited,Ludhiana,Punjab,2024-02-04 00:00:00,2882499145,ACTIVE,2445.51
MCH6730,"Babu, Sarma And Setty",5912,Pharmacies & Healthcare,Partnership,Lucknow,Uttar Pradesh,2023-10-28 00:00:00,XXXX4738,ACTIVE,1118.53
MCH8982,Deo-Nath,5812,Restaurants & Dining,Private Limited,Amritsar,Punjab,2023-07-18 09:15:26,,ACTIVE,1840.43
MCH9946,Jain Llc,5912,Pharmacies & Healthcare,Partnership,Pune,Maharashtra,2024-12-10 16:23:14,WESP3308956963595,ACTIVE,1421.0
MCH6520,Manda-Shah,5912,Pharmacies & Healthcare,Individual,Kolkata,West Bengal,2024-01-08 00:55:00,,ACTIVE,1457.02
MCH1959,"Barad, Bala And Chad",5999,Miscellaneous Retail,Individual,Pune,Maharashtra,2025-10-12 19:55:24,,ACTIVE,578.42
MCH1388,"Kala, Kunda And Pandit",5912,Pharmacies & Healthcare,Sole Proprietorship,Bengaluru,Karnataka,2025-07-22 00:00:00,PZDL0297294331143,ACTIVE,3155.43
MCH7735,Nanda Plc,5912,Pharmacies & Healthcare,Individual,Kolkata,West Bengal,,4101693364,ACTIVE,763.99
MCH1756,Ben And Sons,5999,Miscellaneous Retail,Private Limited,Hyderabad,Telangana,2023-08-02 00:00:00,XXXX4519,ACTIVE,1706.9
MCH2092,"Dubey, Tara And Thaker",4131,Transportation,Individual,Kolkata,West Bengal,2023-11-09 00:00:00,6682311847,ACTIVE,1262.97
MCH8437,Sinha Llc,7011,Hotels & Lodging,Sole Proprietorship,Kolkata,West Bengal,2025-12-04 08:30:12,,INACTIVE,761.27
MCH3541,"Srivastava, Tella And Konda",4814,Telecommunication Services,Private Limited,Delhi,Delhi,2024-10-31 00:00:00,XXXX6960,ACTIVE,2341.43
MCH8777,Kibe Plc,7011,Hotels & Lodging,Partnership,Mumbai,Maharashtra,2023-06-16 00:00:00,3399976956,INACTIVE,1945.67
MCH6473,Tata Group,5812,Restaurants & Dining,Private Limited,Lucknow,Uttar Pradesh,2023-04-09 00:00:00,3128582685,SUSPENDED,2924.69
MCH2915,"Vohra, Pathak And Bumb",5912,Pharmacies & Healthcare,Individual,Kolkata,West Bengal,2025-06-09 00:00:00,,ACTIVE,459.58
MCH1782,Kari Plc,5411,Grocery Stores,Sole Proprietorship,Mumbai,Maharashtra,2024-06-26 00:00:00,,ACTIVE,4762.58
MCH5423,"Chanda, Mallick And Butala",5311,Department Stores,Sole Proprietorship,Jaipur,Rajasthan,2024-08-25 00:00:00,XXXX3345,ACTIVE,458.56
MCH4431,"Wali, Zachariah And Toor",5411,Grocery Stores,Sole Proprietorship,Mumbai,Maharashtra,2023-05-13 00:00:00,,SUSPENDED,3595.68
MCH5565,Chatterjee And Sons,5411,Grocery Stores,Sole Proprietorship,Poona,Maharashtra,2025-12-11 00:00:00,NMWT6772454974745,ACTIVE,1083.09
MCH7273,Keer And S0Ns,7011,Hotels & Lodging,Private Limited,Chennai,Tamil Nadu,2024-08-24 09:54:21,,ACTIVE,3146.24
MCH7204,Thaman Ltd,5942,Books & Stationery,Individual,Jalandhar,Punjab,2023-09-05 00:00:00,,ACTIVE,937.0
MCH6541,"Mahal, Panchal And Doshi",5912,Pharmacies & Healthcare,Individual,Mumbay,Maharashtra,2024-06-12 16:15:10,XXXX5174,ACTIVE,307.0
MCH6607,Bedi-Bhandari,5812,Restaurants & Dining,Sole Proprietorship,Ludhiana,Punjab,2023-12-30 00:00:00,,ACTIVE,1203.0
MCH8879,Raju And Sons,5912,Pharmacies & Healthcare,Sole Proprietorship,Lucknow,Uttar Pradesh,2023-08-30 05:18:50,,ACTIVE,906.0
MCH4994,"Uppal, Bawa And Gera",5812,Restaurants & Dining,Sole Proprietorship,Delhi,Delhi,2023-04-21 00:00:00,,ACTIVE,1710.0
MCH1865,Chandra-Pandey,5942,Books & Stationery,Individual,Pune,Maharashtra,2025-11-15 00:00:00,,ACTIVE,3847.74
MCH6213,Sangha Llc,5999,Miscellaneous Retail,Private Limited,Delhi,Delhi,2025-03-12 12:46:00,,ACTIVE,722.0
MCH5484,Vasa Plc,7011,Hotels & Lodging,Individual,Lucknow,Uttar Pradesh,2023-06-01 00:00:00,KFFT4078081558704,ACTIVE,
MCH1591,Ramaswamy-Babu,5311,Department Stores,Partnership,Amritsar,Punjab,2024-04-18 00:00:00,,ACTIVE,1638.46
MCH4273,Bava Group,5999,Miscellaneous Retail,Private Limited,Ludhiana,Punjab,2024-12-28 15:12:00,OCKK9490643242644,INACTIVE,2773.64
MCH5160,Subramanian Inc,7011,Hotels & Lodging,Partnership,Amritsar,Punjab,2025-11-17 00:00:00,,ACTIVE,1435.76
MCH7517,"Banik, Kamdar And Dada",5699,Apparel & Clothing,Individual,Amritsar,Punjab,2025-07-20 00:00:00,YYXV9001319720217,ACTIVE,2046.69
MCH6187,"Shanker, Sastry And Rattan",4131,Transportation,Individual,Delhi,Delhi,2025-11-17 00:00:00,,ACTIVE,327.19
MCH6390,Barman Plc,5912,Pharmacies & Healthcare,Individual,Kolkata,West Bengal,2023-11-24 00:00:00,XXXX9714,ACTIVE,904.29
MCH4835,Hari Inc,5912,Pharmacies & Healthcare,Individual,Hyderabad,Telangana,2024-10-06 00:00:00,XXXX3222,ACTIVE,348.86
MCH2731,Krishna-Kumar,5311,Department Stores,Private Limited,Ludhiana,Punjab,2025-12-18 00:00:00,XXXX8549,ACTIVE,1031.53
MCH5040,Lala-Pandit,5411,Grocery Stores,Individual,Kolkata,West Bengal,,,ACTIVE,709.71
MCH4086,"Kannan, Varghese And Lalla",5311,Department Stores,Private Limited,Mumbai,Maharashtra,2024-12-08 00:00:00,0493830742,ACTIVE,1459.96
MCH1033,Sidhu And Sons,4814,Telecommunication Services,Individual,Jalandhar,Punjab,2023-09-11 00:00:00,WXKC0706100279623,ACTIVE,1871.48
MCH7514,Ahuja-Bobal,5311,Department Stores,Sole Proprietorship,Lucknow,Uttar Pradesh,2024-04-19 10:36:48,,ACTIVE,1943.52
MCH1193,"Padmanabhan, Sekhon And Dhawan",5812,Restaurants & Dining,Partnership,Lucknow,Uttar Pradesh,2025-01-16 00:00:00,,ACTIVE,1712.05
MCH6256,Manda Inc,5912,Pharmacies & Healthcare,Partnership,Ludhiana,Punjab,2024-09-27 22:23:00,,ACTIVE,574.96
MCH8337,Padmanabhan-Nanda,5999,Miscellaneous Retail,Individual,Bengaluru,Karnataka,2024-08-20 08:14:01,OIGZ3615629643358,ACTIVE,694.67
MCH9797,"Basu, Kota And Hora",7011,Hotels & Lodging,Individual,Jaipur,Rajasthan,,,ACTIVE,3455.43
MCH8939,"Dhawan, Kamdar And Dalal",5812,Restaurants & Dining,Individual,Bengaluru,Karnataka,2023-01-06 17:37:02,0807622113,ACTIVE,729.0
MCH6112,Luthra-Grover,5942,Books & Stationery,Partnership,Jaipur,Rajasthan,2024-06-22 00:00:00,,ACTIVE,1366.0
MCH6493,"Subramaniam, Prashad And Parmer",4131,Transportation,Sole Proprietorship,Mumbay,Maharashtra,2025-04-13 00:00:00,XXXX8820,INACTIVE,
MCH2825,Ku1Karni Inc,4814,Telecommunication Services,Individual,Ludhiana,Punjab,2023-07-18 00:00:00,QGWN3520325181186,ACTIVE,1291.01
MCH2404,Mutti-Seshadri,5411,Grocery Stores,Individual,Ludhiana,Punjab,2026-01-13 07:54:00,,ACTIVE,233.4
MCH4674,Sachar-Loke,5699,Apparel & Clothing,Private Limited,Jalandhar,Punjab,,,ACTIVE,1222.52
MCH1071,Shankargroup,7011,Hotels & Lodging,Individual,Mumbai,Maharashtra,2024-06-23 13:38:43,6765564160,ACTIVE,389.19
MCH7862,Pandit-Ratti,5912,Pharmacies & Healthcare,Individual,Amritsar,Punjab,2023-04-23 00:00:00,,ACTIVE,558.23
MCH7965,Magar-Kant,5311,Department Stores,Sole Proprietorship,Pune,Maharashtra,2024-05-13 00:00:00,XXXX3832,ACTIVE,567.32
MCH3269,Kara-Ramaswamy,5812,Restaurants & Dining,Partnership,Poona,Maharashtra,2023-12-07 00:00:00,,ACTIVE,1481.0
MCH2501,Ravel Inc,5912,Pharmacies & Healthcare,Partnership,Ludhiana,Punjab,2024-08-13 00:00:00,XXXX9432,ACTIVE,2494.94
MCH5502,Kaul-Nayar,5912,Pharmacies & Healthcare,Sole Proprietorship,Chennai,Tamil Nadu,2024-10-18 20:35:14,0267393457,ACTIVE,716.0
MCH3610,Khanna-Goswami,4814,Telecommunication Services,Sole Proprietorship,Amritsar,Punjab,2023-07-11 00:00:00,,ACTIVE,940.6
MCH7900,Lala-Kashyap,5912,Pharmacies & Healthcare,Individual,Chennai,Tamil Nadu,2024-01-06 00:00:00,DYCG4683635893934,ACTIVE,1298.0
MCH1697,Sodhi-Ramakrishnan,4814,Telecommunication Services,Private Limited,Lucknow,Uttar Pradesh,2023-04-13 07:04:31,QYQC0323724202438,SUSPENDED,1234.06
MCH5825,Bhardwaj-Sachdeva,5942,Books & Stationery,Partnership,Bengaluru,Karnataka,2024-05-17 00:03:40,,ACTIVE,1108.32
MCH9637,Handa-Basu,5699,Apparel & Clothing,Partnership,Poona,Maharashtra,2025-09-17 00:00:00,,ACTIVE,515.71
MCH8698,"Boase, Bal And Mand",5311,Department Stores,Private Limited,Kolkata,West Bengal,2025-06-13 00:00:00,,ACTIVE,3054.52
MCH6372,G0Da And S0Ns,5699,Apparel & Clothing,Individual,Chennai,Tamil Nadu,2024-05-14 00:00:00,WEUJ5834386997769,ACTIVE,515.6
MCH5129,"Kant, Chaudhari And Sarna",4131,Transportation,Sole Proprietorship,Chennai,Tamil Nadu,2025-07-19 00:00:00,QYZU2715177783366,ACTIVE,4873.16
MCH4965,"Shukla, Brahmbhatt And Natarajan",5699,Apparel & Clothing,Individual,Pune,Maharashtra,2024-11-20 08:09:00,3036734144,ACTIVE,168.46
MCH8996,Bala-Bhalla,5999,Miscellaneous Retail,Private Limited,Lucknow,Uttar Pradesh,2025-08-18 00:00:00,,ACTIVE,1146.92
MCH6877,Jain Plc,5699,Apparel & Clothing,Partnership,Delhi,Delhi,2023-11-23 17:40:08,,ACTIVE,3249.89
MCH6828,Warrior-Bhardwaj,4814,Telecommunication Services,Partnership,Lucknow,Uttar Pradesh,2023-06-01 00:00:00,NTMS5038197940684,ACTIVE,2500.44
MCH8370,Tandon-Khosla,4131,Transportation,Partnership,Hyderabad,Telangana,2024-09-15 22:48:07,2595692413,ACTIVE,574.0
MCH4027,"Hegde, Ratti And Gera",5411,Grocery Stores,Private Limited,Hyderabad,Telangana,2025-02-08 00:00:00,,ACTIVE,659.89
MCH8261,"Sridhar, Manda And Arora",5812,Restaurants & Dining,Sole Proprietorship,Jaipur,Rajasthan,2023-02-12 15:30:00,,SUSPENDED,8032.44
MCH9481,Kata Llc,4814,Telecommunication Services,Partnership,Amritsar,Punjab,2025-11-25 00:00:00,,ACTIVE,1054.88
MCH4677,"Sethi, Bora And Karpe",5942,Books & Stationery,Individual,Poona,Maharashtra,,,INACTIVE,5089.5
MCH9258,Edwin Inc,5942,Books & Stationery,Partnership,Lucknow,Uttar Pradesh,2024-09-26 00:00:00,0028974564,ACTIVE,1647.77
MCH2474,"Setty, Reddy And Singh",5912,Pharmacies & Healthcare,Sole Proprietorship,Kolkata,West Bengal,2023-12-11 00:00:00,XXXX1604,ACTIVE,3043.1
MCH1533,Wason And Sons,5812,Restaurants & Dining,Partnership,Amritsar,Punjab,2025-03-27 07:32:49,,INACTIVE,419.64
MCH9112,Saini-Sinha,5699,Apparel & Clothing,Private Limited,Pune,Maharashtra,2024-03-08 00:00:00,,ACTIVE,1129.73
MCH2096,"Taneja, Basu And Bal",4814,Telecommunication Services,Private Limited,Pune,Maharashtra,2024-09-28 00:00:00,6426260442,ACTIVE,1660.3
MCH7524,"Sarna, Mital And Deo",7011,Hotels & Lodging,Private Limited,Bengaluru,Karnataka,2025-07-13 10:56:49,XXXX6292,ACTIVE,1847.0
MCH9147,Bedi-Dugar,5912,Pharmacies & Healthcare,Sole Proprietorship,Bengaluru,Karnataka,2024-05-31 05:15:00,,ACTIVE,1264.98
MCH9642,Sarin Group,4814,Telecommunication Services,Individual,Mumbai,Maharashtra,2025-09-10 00:00:00,LEVP3171266345624,ACTIVE,11510.93
MCH7803,Mukherjee-Sha,4814,Telecommunication Services,Private Limited,Jaipur,Rajasthan,2023-02-16 00:00:00,7883892457,ACTIVE,763.0
MCH2973,"Bhargava, Dani And Krishnamurthy",4131,Transportation,Partnership,Ludhiana,Punjab,2023-08-30 00:00:00,,ACTIVE,3748.31
MCH2293,"Pandit, Bhavsar And Barman",4814,Telecommunication Services,Private Limited,Pune,Maharashtra,2023-03-20 00:50:23,,ACTIVE,792.61
MCH6645,Buch Llc,4131,Transportation,Private Limited,Amritsar,Punjab,2024-09-25 00:00:00,,ACTIVE,102.32
MCH3941,"Khanna, Sama And Korpal",5999,Miscellaneous Retail,Sole Proprietorship,Pune,Maharashtra,,,ACTIVE,1016.43
MCH2419,Suri Ltd,5999,Miscellaneous Retail,Individual,Mumbai,Maharashtra,2024-05-02 00:00:00,2248391109,ACTIVE,5184.52
MCH8762,Dani-Saha,4131,Transportation,Partnership,Kolkata,West Bengal,,,ACTIVE,778.15
MCH1917,"Chowdhury, Krishna And Rajagopal",5699,Apparel & Clothing,Sole Proprietorship,Amritsar,Punjab,2024-10-20 00:00:00,,SUSPENDED,909.84
MCH7192,Subramaniam And S0Ns,5942,Books & Stationery,Private Limited,Delhi,Delhi,2025-09-20 00:00:00,,ACTIVE,2702.97
MCH1845,Goel Inc,4131,Transportation,Private Limited,Delhi,Delhi,2023-10-17 00:00:00,6579207527,ACTIVE,1675.96
MCH1459,"Palla, Saini And Date",7011,Hotels & Lodging,Individual,Ludhiana,Punjab,2024-02-20 00:00:00,,SUSPENDED,1582.79
MCH1611,Karan-Kibe,5411,Grocery Stores,Sole Proprietorship,Jalandhar,Punjab,2024-06-03 00:00:00,,ACTIVE,343.64
MCH2844,Misra-Seth,4131,Transportation,Individual,Amritsar,Punjab,2023-05-24 00:00:00,XXXX4860,ACTIVE,162.5
MCH4250,"Subramaniam, Datta And Patel",5411,Grocery Stores,Partnership,Kolkata,West Bengal,2023-07-06 00:00:00,,ACTIVE,1320.67
MCH5558,"Rao, Sidhu And Barad",7011,Hotels & Lodging,Partnership,Amritsar,Punjab,2024-09-14 00:00:00,,ACTIVE,626.0
MCH2767,"Patel, Jhaveri And Dugar",4814,Telecommunication Services,Private Limited,Jalandhar,Punjab,2025-06-16 00:00:00,,ACTIVE,1222.94
MCH6681,Baria Plc,4131,Transportation,Individual,Delhi,Delhi,2026-02-17 00:00:00,0443076547,INACTIVE,1343.0
MCH1709,Sachdeva-Khanna,5999,Miscellaneous Retail,Partnership,Chennai,Tamil Nadu,2023-08-25 07:56:38,XXXX5946,ACTIVE,481.17
MCH1610,Sodhi-Parekh,5411,Grocery Stores,Partnership,Amritsar,Punjab,,XXXX7277,ACTIVE,1488.13
MCH5918,Bora-Rege,5699,Apparel & Clothing,Partnership,Pune,Maharashtra,2024-09-23 00:00:00,USII8978521648386,ACTIVE,203.17
MCH6812,"Gade, Badami And Choudhary",4814,Telecommunication Services,Sole Proprietorship,Amritsar,Punjab,2023-12-21 00:00:00,,ACTIVE,200.21
MCH7290,"Subramanian, B0Rde And Ba1Akrishnan",5699,Apparel & Clothing,Individual,Lucknow,Uttar Pradesh,2023-03-17 00:00:00,IRWT0239440992204,ACTIVE,2695.0
MCH7981,"Singhal, Manne And Ray",5699,Apparel & Clothing,Private Limited,Jalandhar,Punjab,2023-11-02 00:00:00,IOCQ7344534204502,ACTIVE,234.87
MCH9121,Divan-Char,5942,Books & Stationery,Partnership,Amritsar,Punjab,2025-02-18 00:00:00,YDYC9354203967320,INACTIVE,339.98
MCH6568,Minhas Plc,7011,Hotels & Lodging,Sole Proprietorship,Amritsar,Punjab,2024-04-10 18:11:31,8442730412,ACTIVE,1486.0
MCH8050,Bora-Oommen,5311,Department Stores,Individual,Jalandhar,Punjab,2023-12-16 05:28:51,YBIM5056880883544,ACTIVE,587.46
MCH5833,Deep And Sons,5411,Grocery Stores,Partnership,Jaipur,Rajasthan,2024-04-04 00:00:00,,ACTIVE,4335.22
MCH1497,Lanka Plc,5912,Pharmacies & Healthcare,Private Limited,Amritsar,Punjab,2025-09-24 00:00:00,,ACTIVE,1817.0
MCH8416,"Bal, Kant And Gola",5411,Grocery Stores,Private Limited,Chennai,Tamil Nadu,2025-03-31 00:00:00,XXXX9605,ACTIVE,5069.39
MCH4129,"Lad, Raja And Sachdev",7011,Hotels & Lodging,Partnership,Mumbai,Maharashtra,2023-11-09 00:00:00,0929537946,ACTIVE,954.07
MCH9027,"Dani, Soni And Nagy",7011,Hotels & Lodging,Partnership,Jalandhar,Punjab,2023-10-26 00:00:00,XXXX0115,ACTIVE,905.68
MCH7574,Loke Ltd,5311,Department Stores,Sole Proprietorship,Kolkata,West Bengal,,XXXX9656,ACTIVE,302.53
MCH6113,Tara-Kala,5699,Apparel & Clothing,Private Limited,Amritsar,Punjab,,,ACTIVE,915.2
MCH5586,Andra-Sha,5699,Apparel & Clothing,Private Limited,Amritsar,Punjab,2023-07-03 00:00:00,4565854983,SUSPENDED,349.98
MCH4782,Salvi-Comar,7011,Hotels & Lodging,Sole Proprietorship,Jalandhar,Punjab,2025-07-13 09:44:30,XXXX1728,ACTIVE,876.5
MCH1518,Saini-Gole,5999,Miscellaneous Retail,Private Limited,Jalandhar,Punjab,2023-07-08 00:00:00,,ACTIVE,957.31
MCH8566,Magar-Kota,4131,Transportation,Partnership,Amritsar,Punjab,2026-03-01 12:47:00,,ACTIVE,1353.18
MCH6586,Pandya Plc,5999,Miscellaneous Retail,Individual,Bengaluru,Karnataka,2024-04-29 00:00:00,ADLW1268933500473,ACTIVE,520.0
MCH4212,Raman-Kohli,5411,Grocery Stores,Partnership,Ludhiana,Punjab,2024-10-27 10:39:27,AIWO1178745904405,ACTIVE,3361.0
MCH5602,Kaul Plc,5411,Grocery Stores,Private Limited,Hyderabad,Telangana,2023-05-17 00:00:00,2312889197,INACTIVE,469.06
MCH8291,Walia Inc,7011,Hotels & Lodging,Private Limited,Ludhiana,Punjab,2023-04-01 19:11:00,,ACTIVE,1898.37
MCH3545,"Chacko, Oza And Jaggi",7011,Hotels & Lodging,Sole Proprietorship,Hyderabad,Telangana,2023-09-30 00:00:00,,ACTIVE,867.82
MCH3889,Upadhyay-Chaudhry,4131,Transportation,Individual,Ludhiana,Punjab,2026-01-16 00:00:00,5975404049,ACTIVE,
MCH5413,"K0Shy, Batra And K0H1I",5311,Department Stores,Sole Proprietorship,Lucknow,Uttar Pradesh,2023-04-09 00:00:00,,ACTIVE,608.0
MCH7533,"Boase, Krishnan And Tiwari",5699,Apparel & Clothing,Partnership,Lucknow,Uttar Pradesh,2025-04-06 21:09:50,YYIV1816207811981,ACTIVE,1221.0
MCH3412,Tak And Sons,7011,Hotels & Lodging,Sole Proprietorship,Jaipur,Rajasthan,2024-10-31 00:00:00,XXXX3873,ACTIVE,4884.39
MCH1095,Mander Group,4814,Telecommunication Services,Partnership,Kolkata,West Bengal,2023-01-30 03:08:00,XXXX5510,ACTIVE,1277.94
MCH1010,Menon-Andra,5411,Grocery Stores,Private Limited,Delhi,Delhi,2024-11-17 00:00:00,XXXX4837,ACTIVE,678.36
MCH9133,"Rai, Nadig And Karpe",4131,Transportation,Private Limited,Ludhiana,Punjab,2025-03-09 00:00:00,,ACTIVE,268.65
MCH9363,Mannan Group,4131,Transportation,Private Limited,Mumbai,Maharashtra,2024-07-29 00:00:00,,ACTIVE,
MCH9035,Merchant Plc,5411,Grocery Stores,Private Limited,Jaipur,Rajasthan,2023-02-04 00:00:00,UCPE5658691269773,ACTIVE,1280.34
MCH2695,Patil Inc,5411,Grocery Stores,Partnership,Pune,Maharashtra,2024-06-26 00:00:00,9565066028,ACTIVE,792.09
MCH4952,"Anne,Choudhryandbhattacharyya",5812,Restaurants & Dining,Individual,Delhi,Delhi,,XAPW5259361506192,ACTIVE,4302.0
MCH9739,"Gupta, Bhatia And Dhillon",4131,Transportation,Private Limited,Jaipur,Rajasthan,2025-03-20 00:00:00,,ACTIVE,374.45
MCH1268,Vyas Ltd,5311,Department Stores,Individual,Amritsar,Punjab,2023-06-28 00:00:00,,ACTIVE,
MCH8242,Choudhary-Pall,7011,Hotels & Lodging,Private Limited,Ludhiana,Punjab,2023-06-27 07:50:14,XXXX7286,ACTIVE,607.04
MCH5233,Raghavan-Mall,4814,Telecommunication Services,Partnership,Bengaluru,Karnataka,2026-11-02 05:56:00,,ACTIVE,3087.5
MCH2131,Boase-Varghese,5699,Apparel & Clothing,Sole Proprietorship,Poona,Maharashtra,2025-03-29 00:00:00,,ACTIVE,2157.11
MCH5911,Chacko-Kota,5311,Department Stores,Partnership,Hyderabad,Telangana,2023-09-07 00:00:00,,ACTIVE,797.25
MCH5678,Kumar And Sons,5311,Department Stores,Private Limited,Jaipur,Rajasthan,2024-03-25 00:00:00,JJQM4342551832633,ACTIVE,6122.0
MCH1944,Morar Ltd,5812,Restaurants & Dining,Individual,Pune,Maharashtra,2023-04-23 00:00:00,XXXX8672,ACTIVE,1207.98
MCH5497,Dayal And Sons,5999,Miscellaneous Retail,Private Limited,Delhi,Delhi,2024-04-28 22:58:00,XXXX0595,ACTIVE,1767.24
MCH4002,"Bora, Kant And Chauhan",5411,Grocery Stores,Individual,Bengaluru,Karnataka,2023-06-16 12:46:40,7171127147,ACTIVE,
MCH6147,Singhal-Murthy,4131,Transportation,Partnership,Mumbay,Maharashtra,2023-01-06 00:00:00,,ACTIVE,1814.59
MCH9325,"Patel, Parikh And Kaul",4814,Telecommunication Services,Private Limited,Lucknow,Uttar Pradesh,2023-03-13 00:58:46,9323786200,ACTIVE,1538.45
MCH6795,"Hans, Majumdar And Mangat",5999,Miscellaneous Retail,Individual,Hyderabad,Telangana,2023-06-05 00:00:00,,ACTIVE,1573.9
MCH7986,Pathak Inc,5999,Miscellaneous Retail,Individual,Chennai,Tamil Nadu,2024-05-30 00:00:00,,INACTIVE,1602.91
MCH5740,Dayal-Desai,5699,Apparel & Clothing,Sole Proprietorship,Chennai,Tamil Nadu,2025-10-04 00:00:00,,ACTIVE,4887.0
MCH6400,Sem-Keer,5411,Grocery Stores,Partnership,Ludhiana,Punjab,2025-12-21 00:00:00,4217077300,ACTIVE,13683.2
MCH8951,Golla-Venkataraman,4814,Telecommunication Services,Individual,Mumbai,Maharashtra,2023-09-02 00:00:00,2811788004,ACTIVE,436.83
MCH8157,Lall-Char,5942,Books & Stationery,Private Limited,Jalandhar,Punjab,2023-07-08 23:15:42,CLWX6992397328584,ACTIVE,3861.94
MCH7810,Bail Inc,5942,Books & Stationery,Sole Proprietorship,Ludhiana,Punjab,2025-01-25 00:00:00,9018773100,INACTIVE,529.29
MCH2764,"Yogi, Jani And Choudhry",4814,Telecommunication Services,Individual,Ludhiana,Punjab,2024-04-19 00:00:00,3163531350,ACTIVE,516.18
MCH6369,"Chaudhry, Batra And Rama",4131,Transportation,Partnership,Jalandhar,Punjab,2024-04-15 00:00:00,3514628122,INACTIVE,612.29
MCH1326,"Chaudhry, Agrawa1 And Sridhar",5942,Books & Stationery,Sole Proprietorship,Bengaluru,Karnataka,2024-05-20 00:00:00,ZQNQ7613300121760,ACTIVE,177.58
MCH9048,Sastry-Prakash,5812,Restaurants & Dining,Private Limited,Pune,Maharashtra,2023-01-02 00:00:00,,SUSPENDED,469.83
MCH9844,Menon And Sons,4131,Transportation,Sole Proprietorship,Mumbai,Maharashtra,2024-04-14 00:00:00,,ACTIVE,1083.0
MCH3911,"Majumdar, Sane And Raval",5812,Restaurants & Dining,Sole Proprietorship,Poona,Maharashtra,2025-09-05 21:26:37,2993218520,ON_HOLD,2093.32
MCH2444,Barman-Prakash,5999,Miscellaneous Retail,Individual,Chennai,Tamil Nadu,,,ACTIVE,
MCH9151,Ravi Ltd,4131,Transportation,Partnership,Jalandhar,Punjab,2025-06-26 08:37:00,,INACTIVE,779.12
MCH8555,Gopal Llc,5942,Books & Stationery,Private Limited,Chennai,Tamil Nadu,2025-06-13 00:00:00,3381139283,ACTIVE,
MCH8496,Sandhu Plc,5942,Books & Stationery,Partnership,Hyderabad,Telangana,2025-10-01 19:16:00,PCDO3725942171870,INACTIVE,
MCH1335,"Wagle, Kamdar And Mallick",7011,Hotels & Lodging,Sole Proprietorship,Mumbai,Maharashtra,2024-05-03 01:55:00,OQHA9321120180853,SUSPENDED,398.0
MCH4531,Bail-Ramachandran,4814,Telecommunication Services,Private Limited,Jaipur,Rajasthan,2025-05-11 18:13:55,XXXX9300,ACTIVE,597.69
MCH3351,"Loke, Narasimhan And Gandhi",5912,Pharmacies & Healthcare,Partnership,Amritsar,Punjab,2023-06-22 00:00:00,,SUSPENDED,1029.99
MCH8425,"Bhatnagar,Comarandhans",7011,Hotels & Lodging,Individual,Jalandhar,Punjab,2025-12-06 00:00:00,NAVX0262232106872,ACTIVE,637.53
MCH4913,Baral-Bhattacharyya,4131,Transportation,Individual,Amritsar,Punjab,2023-05-19 19:12:00,MXBT0588021899874,INACTIVE,697.03
MCH1448,Tak And Sons,5999,Miscellaneous Retail,Sole Proprietorship,Mumbay,Maharashtra,2024-03-30 02:02:17,XXXX9348,ACTIVE,2897.23
MCH7013,"Menon, Bahri And Pal",7011,Hotels & Lodging,Partnership,Lucknow,Uttar Pradesh,2024-02-23 00:00:00,YKID8300912408123,ACTIVE,419.34
MCH8192,"Oza, Sant And Loke",5411,Grocery Stores,Private Limited,Kolkata,West Bengal,2024-11-05 00:46:00,XXXX6524,INACTIVE,408.0
MCH4274,Bhat-Tailor,5411,Grocery Stores,Private Limited,Ldh,Punjab,2025-03-17 00:00:00,0718437905,INACTIVE,168.98
MCH7294,"Kuruvilla, Ahluwalia And Gole",5912,Pharmacies & Healthcare,Partnership,Pune,Maharashtra,2023-06-11 00:00:00,FATQ4333129690113,ACTIVE,1573.98
MCH2624,Pandya Group,5311,Department Stores,Individual,Mumbai,Maharashtra,2023-09-12 00:00:00,3278618323,ON_HOLD,606.95
MCH1558,Shroff-Khanna,4814,Telecommunication Services,Partnership,Bengaluru,Karnataka,2023-01-20 12:52:42,,ACTIVE,1953.35
MCH4306,"Narula, Hegde And Minhas",5411,Grocery Stores,Private Limited,Bengaluru,Karnataka,2025-08-03 01:58:17,,ACTIVE,2023.94
MCH9930,Kale Llc,5699,Apparel & Clothing,Sole Proprietorship,Jaipur,Rajasthan,,,ACTIVE,1917.92
MCH9605,Chokshi Llc,5812,Restaurants & Dining,Sole Proprietorship,Bengaluru,Karnataka,2026-01-31 00:00:00,,ACTIVE,2523.0
MCH5042,Narasimhan Ltd,7011,Hotels & Lodging,Private Limited,Pune,Maharashtra,2025-11-03 00:00:00,,ACTIVE,
MCH2859,"Doctor, Bir And Lanka",5411,Grocery Stores,Private Limited,Hyderabad,Telangana,2025-04-03 00:00:00,,ACTIVE,2296.45
MCH3469,Ha1Der-Bains,4814,Telecommunication Services,Private Limited,Ludhiana,Punjab,,AHBB0158183764134,ACTIVE,943.76
MCH3402,"Lala, Loyal And Trivedi",5999,Miscellaneous Retail,Partnership,Poona,Maharashtra,2025-12-14 00:00:00,4812392751,INACTIVE,1152.61
MCH5111,Ramachandran Group,5311,Department Stores,Private Limited,Ludhiana,Punjab,2026-05-01 10:29:00,9740232667,ACTIVE,541.94
MCH7163,"Chowdhury, Goyal And Pradhan",4131,Transportation,Sole Proprietorship,Pune,Maharashtra,2023-08-11 00:00:00,5098805593,ACTIVE,806.17
MCH6268,"Yogi, Sachar And Mammen",5411,Grocery Stores,Sole Proprietorship,Jalandhar,Punjab,2025-11-05 00:00:00,XXXX1380,ACTIVE,1773.0
MCH1084,Krishnamurthy Inc,5999,Miscellaneous Retail,Private Limited,Jalandhar,Punjab,2025-04-21 00:00:00,7207827487,ACTIVE,4469.21
MCH6221,Dey-Maharaj,5912,Pharmacies & Healthcare,Private Limited,Ludhiana,Punjab,2026-01-22 00:00:00,8909550882,INACTIVE,402.9
MCH3061,Viswanathan Ltd,5942,Books & Stationery,Private Limited,Lucknow,Uttar Pradesh,2025-04-25 00:00:00,,INACTIVE,574.59
MCH2376,"Lata, Krishnamurthy And Lal",5311,Department Stores,Partnership,Jalandhar,Punjab,2025-12-05 00:00:00,,ACTIVE,113.0
MCH4040,"Bahri, Solanki And Magar",5311,Department Stores,Private Limited,Chennai,Tamil Nadu,2025-01-28 03:48:23,DNQF3989342164675,ACTIVE,1173.0
MCH9912,"Gade, Bajaj And Zachariah",7011,Hotels & Lodging,Sole Proprietorship,Ldh,Punjab,2023-02-22 18:06:00,,ACTIVE,564.0
MCH9846,Mukherjee Ltd,5812,Restaurants & Dining,Sole Proprietorship,Chennai,Tamil Nadu,2024-09-15 00:00:00,XXXX2201,ACTIVE,1799.62
MCH3242,"Upadhyay, Dash And Vaidya",5999,Miscellaneous Retail,Partnership,Jaipur,Rajasthan,,,ACTIVE,1731.73
MCH5371,Tailor Ltd,5311,Department Stores,Sole Proprietorship,Jalandhar,Punjab,2024-10-08 00:00:00,3819002392,ACTIVE,2851.53
MCH4324,Choudhury Group,5311,Department Stores,Individual,Chennai,Tamil Nadu,2024-02-11 00:00:00,ZMED4163796029617,ACTIVE,10680.0
MCH9358,Shroff Ltd,5311,Department Stores,Sole Proprietorship,Kolkata,West Bengal,2023-05-21 00:00:00,RLLU5222765967468,ACTIVE,1856.54
MCH1352,Mukherjee-Sethi,5812,Restaurants & Dining,Sole Proprietorship,Pune,Maharashtra,2024-03-19 01:21:36,,ACTIVE,737.77
MCH8277,"Patil, Goyal And Sarin",5912,Pharmacies & Healthcare,Individual,Amritsar,Punjab,2025-07-04 00:00:00,XXXX6940,INACTIVE,1542.69
MCH4444,Kara-Murty,5999,Miscellaneous Retail,Partnership,Jaipur,Rajasthan,2023-11-24 00:00:00,SVOB9088353520562,ACTIVE,1214.6
MCH9041,Kade-Sahota,4131,Transportation,Individual,Poona,Maharashtra,,8030172107,ACTIVE,2738.21
MCH1288,"Jain, Loke And Zacharia",4131,Transportation,Sole Proprietorship,Bengaluru,Karnataka,2023-07-17 08:08:00,XXXX2041,ACTIVE,915.81
MCH6409,Wason And Sons,5699,Apparel & Clothing,Private Limited,Bengaluru,Karnataka,2024-10-07 00:00:00,TVOP0202048560476,SUSPENDED,1111.14
MCH2928,"Hans, Parmer And Buch",5812,Restaurants & Dining,Private Limited,Ludhiana,Punjab,2025-04-12 00:00:00,,INACTIVE,1903.0
MCH4746,"Srivastava, Bhattacharyya And Morar",5999,Miscellaneous Retail,Sole Proprietorship,Chennai,Tamil Nadu,2025-07-29 00:00:00,,INACTIVE,402.85
MCH9729,Prabhakar Ltd,5812,Restaurants & Dining,Individual,Bengaluru,Karnataka,2025-12-28 11:50:57,,ACTIVE,1127.0
MCH5727,"Sandal, Deshmukh And Lata",5699,Apparel & Clothing,Partnership,Bengaluru,Karnataka,2024-04-21 23:21:20,9631209751,ACTIVE,411.34
MCH3079,Anne-Sen,5942,Books & Stationery,Individual,Poona,Maharashtra,2025-08-04 00:00:00,,ACTIVE,
MCH9045,"Kaul, Sethi And Vaidya",4814,Telecommunication Services,Partnership,Bengaluru,Karnataka,,6906668934,INACTIVE,1488.0
MCH7335,Keer-Goyal,5411,Grocery Stores,Sole Proprietorship,Mumbai,Maharashtra,2025-01-25 13:25:00,XXXX8870,ACTIVE,470.18
MCH8934,Dubey And Sons,5411,Grocery Stores,Sole Proprietorship,Bengaluru,Karnataka,2025-09-12 05:11:51,,INACTIVE,1359.0
MCH6095,"Sahota, Misra And Kata",5942,Books & Stationery,Partnership,Hyderabad,Telangana,2024-11-29 00:00:00,,ACTIVE,665.0
MCH5121,Din-Dar,5812,Restaurants & Dining,Individual,Jalandhar,Punjab,,,ACTIVE,2367.99
MCH7729,Keer Llc,5942,Books & Stationery,Private Limited,Mumbai,Maharashtra,,,ACTIVE,884.0
MCH6917,"Deshmukh, Parmar And Lad",4814,Telecommunication Services,Sole Proprietorship,Jaipur,Rajasthan,2023-07-29 00:00:00,KZXC7074900980989,ACTIVE,1543.47
MCH1605,Shethandsons,4131,Transportation,Sole Proprietorship,Mumbai,Maharashtra,,9021316639,ACTIVE,1128.85
MCH2618,"Loyal, Nadkarni And Mangal",5942,Books & Stationery,Partnership,Bengaluru,Karnataka,2026-01-27 20:44:00,NZSX7829638547170,ACTIVE,816.0
MCH8697,Karnik Ltd,5999,Miscellaneous Retail,Sole Proprietorship,Hyderabad,Telangana,2023-01-19 11:39:00,ELBE1390395985700,ACTIVE,353.31
MCH4658,Kapadia Inc,5311,Department Stores,Individual,Hyderabad,Telangana,2023-05-21 00:00:00,OORB1075233391671,ACTIVE,2693.95
MCH1179,Suresh-Chand,5942,Books & Stationery,Partnership,Chennai,Tamil Nadu,2025-11-19 00:00:00,,ACTIVE,
MCH2598,Sani Gr0Up,5699,Apparel & Clothing,Partnership,Pune,Maharashtra,2025-11-27 17:05:19,1059212674,ACTIVE,489.0
MCH7648,"Trivedi, Ramachandran And Keer",5999,Miscellaneous Retail,Private Limited,Hyderabad,Telangana,2024-11-12 16:04:31,7503405109,SUSPENDED,1840.11
MCH5597,"Shankar, Pandey And Sridhar",5812,Restaurants & Dining,Private Limited,Lucknow,Uttar Pradesh,,,ACTIVE,380.65
MCH4774,Wadhwa Plc,5311,Department Stores,Partnership,Jalandhar,Punjab,2026-01-09 14:20:47,4049174087,ACTIVE,374.94
MCH9015,Prashad Inc,5812,Restaurants & Dining,Sole Proprietorship,Chennai,Tamil Nadu,2025-08-05 00:00:00,ZMCX8700350444666,ACTIVE,787.45
MCH8727,Vig-Mann,5999,Miscellaneous Retail,Partnership,Delhi,Delhi,,PYLB7387354028266,ACTIVE,157.65
MCH7444,Lanka-Shukla,5699,Apparel & Clothing,Private Limited,Mumbai,Maharashtra,2023-03-13 03:58:00,7637285335,ACTIVE,2750.67
MCH6626,Zacharia-Kapadia,5912,Pharmacies & Healthcare,Private Limited,Lucknow,Uttar Pradesh,2024-07-25 00:00:00,,INACTIVE,2864.89
MCH5937,"Babu, Contractor And Sem",5411,Grocery Stores,Private Limited,Hyderabad,Telangana,2023-04-01 00:00:00,,INACTIVE,415.88
MCH9986,Tak Ltd,4131,Transportation,Partnership,Delhi,Delhi,2025-01-21 00:00:00,PVFQ1310778139722,ACTIVE,1750.99
MCH6926,Bhattacharyya And S0Ns,5912,Pharmacies & Healthcare,Private Limited,Jaipur,Rajasthan,2025-08-28 10:51:00,,ACTIVE,3997.27
MCH3080,Lad-Soman,5411,Grocery Stores,Sole Proprietorship,Jalandhar,Punjab,2024-12-01 13:22:52,,ACTIVE,152.69
MCH8240,Sur Llc,5912,Pharmacies & Healthcare,Partnership,Lucknow,Uttar Pradesh,2025-08-10 00:00:00,0641477724,ACTIVE,1777.69
MCH1204,Rana Group,5311,Department Stores,Private Limited,Jaipur,Rajasthan,2025-05-24 15:30:29,,ACTIVE,733.33
MCH1347,D’Alia Group,7011,Hotels & Lodging,Private Limited,Chennai,Tamil Nadu,2023-07-02 00:00:00,XXXX4418,ACTIVE,1739.0
MCH2831,Rastogi-Devi,5999,Miscellaneous Retail,Private Limited,Delhi,Delhi,2023-10-20 00:00:00,XXXX4746,ACTIVE,501.88
MCH3308,Misra Inc,5311,Department Stores,Sole Proprietorship,Ldh,Punjab,,2104958437,ACTIVE,8756.33
MCH8448,"Roy, Parekh And Ratti",7011,Hotels & Lodging,Private Limited,Jaipur,Rajasthan,2024-07-25 22:15:50,,ACTIVE,364.74
MCH1491,"Sarna, Chand And Goda",4814,Telecommunication Services,Sole Proprietorship,Ludhiana,Punjab,2026-01-27 00:00:00,,ACTIVE,1075.6
MCH5183,Chandra Llc,5942,Books & Stationery,Individual,Jaipur,Rajasthan,2023-10-16 12:28:48,,ACTIVE,578.29
MCH3089,Tata Plc,5942,Books & Stationery,Sole Proprietorship,Jalandhar,Punjab,2025-08-30 00:00:00,XXXX2474,ACTIVE,2328.32
MCH3369,"Yadav, Deep And Bassi",5999,Miscellaneous Retail,Individual,Lucknow,Uttar Pradesh,2024-05-16 00:00:00,0407364103,ACTIVE,786.0
MCH7700,"Lanka, Setty And Muni",5812,Restaurants & Dining,Partnership,Delhi,Delhi,2025-06-14 00:00:00,,INACTIVE,4782.98
MCH2261,Gr0Ver Inc,5812,Restaurants & Dining,Sole Proprietorship,Mumbai,Maharashtra,2025-11-25 01:19:55,,ACTIVE,1519.0
MCH5084,Doshi Llc,5942,Books & Stationery,Individual,Jalandhar,Punjab,2025-11-06 20:48:00,5224325531,ACTIVE,182.0
MCH3096,"Pradhan, Anne And Dhillon",5812,Restaurants & Dining,Individual,Kolkata,West Bengal,2025-02-25 00:00:00,XXXX9447,ACTIVE,
MCH8554,Mangat Plc,5999,Miscellaneous Retail,Sole Proprietorship,Mumbai,Maharashtra,2023-04-03 00:00:00,,INACTIVE,
MCH9095,Mital-Reddy,4814,Telecommunication Services,Partnership,Lucknow,Uttar Pradesh,2025-12-07 00:00:00,,SUSPENDED,1105.17
MCH9855,Samra-Manda,4814,Telecommunication Services,Private Limited,Chennai,Tamil Nadu,2025-01-02 00:00:00,PEIX9794404707965,ACTIVE,1167.22
MCH3968,"Peri, Sane And Mohanty",5812,Restaurants & Dining,Individual,Mumbai,Maharashtra,2024-10-06 04:21:00,,ACTIVE,1174.15
MCH4600,Devi Group,5311,Department Stores,Individual,Delhi,Delhi,2024-02-17 00:00:00,2508192627,INACTIVE,1126.47
MCH2124,"Chander, Kohli And Dube",4131,Transportation,Individual,Delhi,Delhi,2024-02-15 00:00:00,XXXX2531,ACTIVE,1551.09
MCH8316,Bakshi-Rout,5311,Department Stores,Private Limited,Delhi,Delhi,2024-11-10 02:40:36,,ACTIVE,618.0
MCH2690,Nagarajan Inc,5912,Pharmacies & Healthcare,Sole Proprietorship,Lucknow,Uttar Pradesh,2023-06-22 00:00:00,LDEV4758391652112,SUSPENDED,3091.83
MCH7478,"Sami, Brahmbhatt And Khurana",5699,Apparel & Clothing,Private Limited,Mumbay,Maharashtra,2024-08-19 11:01:33,,INACTIVE,
MCH5090,Chacko-Dora,5411,Grocery Stores,Sole Proprietorship,Hyderabad,Telangana,2023-12-27 00:00:00,DVGQ3463891046958,ACTIVE,658.73
MCH8944,"Zachariah, Ratta And Contractor",5311,Department Stores,Private Limited,Hyderabad,Telangana,2024-07-16 13:53:35,0653764901,ACTIVE,2179.0
MCH3088,Suresh Llc,5411,Grocery Stores,Partnership,Chennai,Tamil Nadu,2024-03-08 00:00:00,,ACTIVE,4739.6
MCH5388,Mann-Oza,5942,Books & Stationery,Private Limited,Hyderabad,Telangana,,,ACTIVE,1696.0
MCH2591,"Deol, Palla And Goel",5411,Grocery Stores,Individual,Hyderabad,Telangana,2025-08-22 00:00:00,2241068743,ACTIVE,468.59
MCH5784,"Kakar, Palla And Vyas",5699,Apparel & Clothing,Private Limited,Jalandhar,Punjab,2024-06-01 22:17:58,,ACTIVE,220.77
MCH1441,"Kakar, Parsa And Sodhi",5999,Miscellaneous Retail,Partnership,Lucknow,Uttar Pradesh,2024-09-06 00:00:00,SBUL4886955523512,ACTIVE,1723.15
MCH5560,"D’Alia, Dasgupta And Chakrabarti",4131,Transportation,Sole Proprietorship,Jalandhar,Punjab,2023-09-02 00:00:00,,INACTIVE,1247.75
MCH2818,Sibal Inc,5411,Grocery Stores,Sole Proprietorship,Jalandhar,Punjab,2025-06-03 00:00:00,HHRP3016788161129,ACTIVE,600.04
MCH6391,"Bhatti, Keer And Gupta",4814,Telecommunication Services,Individual,Mumbai,Maharashtra,2025-08-22 10:17:00,,ACTIVE,684.0
MCH7228,Swaminathanltd,4814,Telecommunication Services,Partnership,Ludhiana,Punjab,2024-03-13 00:00:00,XXXX9584,ACTIVE,
MCH4501,Barman And Sons,5812,Restaurants & Dining,Private Limited,Delhi,Delhi,2025-04-24 00:00:00,,ACTIVE,523.04
MCH2013,"Nanda, Saraf And Halder",5411,Grocery Stores,Individual,Kolkata,West Bengal,2025-04-22 00:00:00,,ACTIVE,1721.62
MCH4524,Tara Ltd,5999,Miscellaneous Retail,Private Limited,Hyderabad,Telangana,2025-07-23 17:42:29,,ACTIVE,1296.94
MCH3012,Sathe Llc,5411,Grocery Stores,Private Limited,Chennai,Tamil Nadu,2024-10-23 02:09:00,,ON_HOLD,448.76
MCH3564,"Konda, Natarajan And Chawla",5999,Miscellaneous Retail,Private Limited,Amritsar,Punjab,2025-10-08 00:00:00,,ACTIVE,982.65
MCH4373,Raman-Karnik,5942,Books & Stationery,Partnership,Delhi,Delhi,2023-08-09 15:36:00,IPHA4538122781630,ACTIVE,
MCH6351,Mahal-Padmanabhan,5812,Restaurants & Dining,Partnership,Bengaluru,Karnataka,2025-03-30 00:00:00,IXWO1858083433710,ACTIVE,3129.06
MCH7268,Mand-Char,5912,Pharmacies & Healthcare,Private Limited,Mumbay,Maharashtra,2025-06-20 02:06:05,,ACTIVE,1359.5
MCH5684,Dua-Ghose,5311,Department Stores,Partnership,Pune,Maharashtra,2024-07-10 04:56:00,,ACTIVE,465.0
MCH4179,"Choudhry, Bera And Pandit",5699,Apparel & Clothing,Partnership,Kolkata,West Bengal,2025-08-14 04:33:40,ABQY2242292056782,ACTIVE,1930.08
MCH5965,Wason Llc,4814,Telecommunication Services,Partnership,Hyderabad,Telangana,2025-06-03 21:59:21,,ACTIVE,2365.0
MCH3039,Murty Inc,5411,Grocery Stores,Individual,Delhi,Delhi,2023-12-03 08:34:21,SVKA2268543185915,ACTIVE,1465.47
MCH6079,"Chaudhuri, Mody And Goswami",5912,Pharmacies & Healthcare,Partnership,Ldh,Punjab,2025-10-04 05:27:15,IGWP7360975530260,INACTIVE,
MCH1484,"Uppal, Butala And Tata",7011,Hotels & Lodging,Individual,Bengaluru,Karnataka,2025-02-18 00:00:00,,ACTIVE,3825.1
MCH7847,Ramakrishnan-Misra,5411,Grocery Stores,Individual,Mumbay,Maharashtra,2025-04-12 00:00:00,,ACTIVE,2108.0
MCH4613,"Kapadia, Sankar And Nadig",5311,Department Stores,Individual,Lucknow,Uttar Pradesh,2023-02-09 15:38:00,ALEY9883118921328,ACTIVE,1451.15
MCH8080,Brar Plc,4814,Telecommunication Services,Individual,Pune,Maharashtra,2025-02-02 00:00:00,,ACTIVE,1241.0
MCH9080,Jani And Sons,5699,Apparel & Clothing,Partnership,Lucknow,Uttar Pradesh,2025-05-13 00:00:00,XXXX8347,SUSPENDED,672.43
MCH3468,Aurora-Ben,7011,Hotels & Lodging,Private Limited,Hyderabad,Telangana,2025-03-16 00:00:00,,ACTIVE,199.0
MCH4871,Kunda Ltd,5812,Restaurants & Dining,Partnership,Lucknow,Uttar Pradesh,2024-09-02 06:08:34,,SUSPENDED,648.87
MCH3787,Rajan-Swaminathan,7011,Hotels & Lodging,Private Limited,Kolkata,West Bengal,2024-02-07 11:49:11,,ACTIVE,
MCH2737,"Sani, Chowdhury And Ganesan",5999,Miscellaneous Retail,Partnership,Bengaluru,Karnataka,2023-05-01 00:00:00,1105547451,ACTIVE,610.07
MCH2076,Chad Ltd,5942,Books & Stationery,Sole Proprietorship,Jalandhar,Punjab,2024-03-07 02:08:00,7969775416,ACTIVE,579.16
MCH3499,"Mand, Munshi And Bali",5311,Department Stores,Sole Proprietorship,Chennai,Tamil Nadu,2026-02-01 00:00:00,,ACTIVE,1115.88
MCH9713,"Toor, Nayak And Varma",5699,Apparel & Clothing,Individual,Jalandhar,Punjab,,,ACTIVE,297.05
MCH9083,Vohra-Mishra,5812,Restaurants & Dining,Partnership,Pune,Maharashtra,2024-06-16 00:00:00,,ACTIVE,2189.0
MCH1097,"Narayan, Datta And Chowdhury",5999,Miscellaneous Retail,Individual,Lucknow,Uttar Pradesh,2025-05-09 00:00:00,,ACTIVE,343.8
MCH8837,Tata-Rajagopal,5411,Grocery Stores,Partnership,Ludhiana,Punjab,2023-09-03 00:00:00,,SUSPENDED,2586.19
MCH5529,"Ganguly, Mukherjee And Boase",5411,Grocery Stores,Private Limited,Chennai,Tamil Nadu,2025-04-01 00:00:00,EMNT5419387001495,ACTIVE,879.0
MCH2302,"Sekhon, Tak And Dhingra",5942,Books & Stationery,Sole Proprietorship,Amritsar,Punjab,2023-11-11 00:00:00,8509370195,ACTIVE,852.28
MCH1247,"Nayak, Lala And Pillai",5411,Grocery Stores,Sole Proprietorship,Bengaluru,Karnataka,2023-01-19 00:00:00,9109437765,INACTIVE,677.02
MCH4951,Cheema-Dugal,5311,Department Stores,Individual,Amritsar,Punjab,2024-04-03 00:00:00,,ACTIVE,
MCH9613,Tella Group,5912,Pharmacies & Healthcare,Partnership,Hyderabad,Telangana,2024-07-29 00:00:00,IJFC0895713811161,ACTIVE,
MCH9928,Krishnaninc,7011,Hotels & Lodging,Private Limited,Jaipur,Rajasthan,2025-05-06 06:23:57,8263891927,ACTIVE,477.53
MCH2897,Bath Ltd,5999,Miscellaneous Retail,Private Limited,Hyderabad,Telangana,2025-07-23 05:48:07,,ACTIVE,2239.12
MCH6535,Nagy And Sons,5411,Grocery Stores,Sole Proprietorship,Hyderabad,Telangana,2023-11-24 00:00:00,,ACTIVE,291.26
MCH7465,Bhatt Group,5999,Miscellaneous Retail,Individual,Pune,Maharashtra,2023-10-04 00:00:00,XXXX7739,ACTIVE,3040.67
MCH7458,"Hans, Som And Krish",5812,Restaurants & Dining,Sole Proprietorship,Bengaluru,Karnataka,2025-09-20 20:06:00,,ACTIVE,8448.66
MCH6758,"Kaul, Vyas And Bobal",5912,Pharmacies & Healthcare,Sole Proprietorship,Jaipur,Rajasthan,,OLOU3337406191926,ACTIVE,1560.09
MCH9070,"Buch, Samra And Tata",5912,Pharmacies & Healthcare,Partnership,Lucknow,Uttar Pradesh,2023-11-19 07:02:51,6049785311,ACTIVE,5075.53
MCH6251,"Sodhi, Handa And Venkatesh",5411,Grocery Stores,Sole Proprietorship,Lucknow,Uttar Pradesh,2025-09-18 00:00:00,2729847488,SUSPENDED,291.55
MCH8602,Raghavan-Ah1Uwa1Ia,5411,Grocery Stores,Individual,Chennai,Tamil Nadu,2023-01-19 00:00:00,,ACTIVE,292.78
MCH8219,Devi Group,4814,Telecommunication Services,Individual,Ludhiana,Punjab,2023-01-06 05:16:57,,ACTIVE,1980.0
MCH9075,Bhakta Inc,4814,Telecommunication Services,Partnership,Delhi,Delhi,2023-10-20 00:00:00,,INACTIVE,1186.46
MCH7029,"Vasa, Zachariah And Narula",5812,Restaurants & Dining,Private Limited,Kolkata,West Bengal,2025-01-15 00:00:00,6099382833,ACTIVE,2526.83
MCH9738,Barman-Rastogi,5411,Grocery Stores,Partnership,Chennai,Tamil Nadu,2024-11-19 00:00:00,XXXX3047,ACTIVE,2419.77
MCH6280,Khanna-Kanda,5699,Apparel & Clothing,Sole Proprietorship,Pune,Maharashtra,,1584508627,ACTIVE,243.27
MCH4009,Deo Plc,4814,Telecommunication Services,Sole Proprietorship,Kolkata,West Bengal,2025-10-10 23:14:50,,ACTIVE,1937.0
MCH7796,"Kari, Sridhar And J0Ha1",5411,Grocery Stores,Partnership,Poona,Maharashtra,2024-09-12 00:00:00,5623137802,ACTIVE,489.31
MCH2046,Konda-Garde,5411,Grocery Stores,Sole Proprietorship,Lucknow,Uttar Pradesh,2026-01-28 00:00:00,,ACTIVE,1405.98
MCH5180,"Gaba, Chacko And Khatri",5699,Apparel & Clothing,Private Limited,Poona,Maharashtra,2025-02-12 00:00:00,XXXX8144,ACTIVE,753.85
MCH2390,Bandi-Sidhu,5311,Department Stores,Sole Proprietorship,Jaipur,Rajasthan,,XXXX9688,ACTIVE,1091.1
MCH5305,Taneja Inc,7011,Hotels & Lodging,Sole Proprietorship,Chennai,Tamil Nadu,2024-06-01 00:00:00,XXXX9718,ACTIVE,1731.48
MCH4848,"Borra, Balakrishnan And Chad",5699,Apparel & Clothing,Partnership,Delhi,Delhi,2024-06-18 00:00:00,5183213301,ACTIVE,3072.49
MCH7597,Vohra-Mitter,4131,Transportation,Sole Proprietorship,Pune,Maharashtra,2025-07-31 00:00:00,BWIV7516426838159,ACTIVE,2111.86
MCH7017,"Roy, Khosla And Oak",5999,Miscellaneous Retail,Sole Proprietorship,Lucknow,Uttar Pradesh,2025-09-14 00:00:00,XXXX0409,ACTIVE,952.71
MCH3661,"Deshmukh, Patla And Goel",4131,Transportation,Individual,Ludhiana,Punjab,2023-11-17 00:00:00,XXXX0412,SUSPENDED,1439.0
MCH7128,Agarwal Group,5912,Pharmacies & Healthcare,Private Limited,Jalandhar,Punjab,2023-06-06 20:54:00,,ACTIVE,6405.9
MCH5758,"Aggarwal, Hayer And Nayar",5999,Miscellaneous Retail,Individual,Amritsar,Punjab,2023-09-22 00:00:00,XXXX0401,ACTIVE,3630.79
MCH7502,Gokhale Llc,5311,Department Stores,Individual,Amritsar,Punjab,2024-07-06 00:00:00,5976838930,ACTIVE,1185.45
MCH6180,Thakur And Sons,5699,Apparel & Clothing,Private Limited,Lucknow,Uttar Pradesh,2025-05-24 02:59:23,MWYN7782824521830,ACTIVE,699.96
MCH9335,Srinivasan-Shere,5311,Department Stores,Partnership,Ludhiana,Punjab,2024-04-13 00:00:00,,ACTIVE,1875.12
MCH7591,Gour-Hora,5812,Restaurants & Dining,Sole Proprietorship,Amritsar,Punjab,2023-12-07 05:34:00,XXXX5661,ACTIVE,1230.68
MCH7370,Peri Llc,4131,Transportation,Private Limited,Kolkata,West Bengal,2023-09-28 00:00:00,0713043152,ACTIVE,1188.42
MCH8588,"Kala, Kant And Gola",4131,Transportation,Individual,Chennai,Tamil Nadu,2025-11-24 00:00:00,5957904984,ACTIVE,
MCH2244,Master Plc,5912,Pharmacies & Healthcare,Private Limited,Jalandhar,Punjab,2024-10-06 01:44:00,,INACTIVE,2383.0
MCH9565,Gaba Llc,5912,Pharmacies & Healthcare,Individual,Kolkata,West Bengal,2025-03-08 00:00:00,5752723069,INACTIVE,715.93
MCH7972,Lata Inc,5411,Grocery Stores,Partnership,Bengaluru,Karnataka,2024-12-16 00:00:00,6873256015,ACTIVE,401.1
MCH2583,Gole-Prabhakar,4814,Telecommunication Services,Private Limited,Bengaluru,Karnataka,2025-04-21 00:00:00,XXXX1523,ACTIVE,323.0
MCH1478,Sah0Ta Llc,5912,Pharmacies & Healthcare,Individual,Jaipur,Rajasthan,2024-09-12 18:14:03,1321864172,INACTIVE,2037.0
MCH5645,Dey Ltd,4814,Telecommunication Services,Private Limited,Jalandhar,Punjab,2025-12-18 00:00:00,9437173245,ACTIVE,1164.31
MCH5188,"Dube, Nair And Datta",4131,Transportation,Individual,Jalandhar,Punjab,2023-03-22 00:00:00,4717131081,ACTIVE,2008.92
MCH9404,Baral And Sons,4131,Transportation,Private Limited,Kolkata,West Bengal,2025-10-02 00:00:00,,ACTIVE,
MCH9343,Sridhar-Sarna,7011,Hotels & Lodging,Partnership,Chennai,Tamil Nadu,2025-08-16 00:00:00,XXXX5274,ACTIVE,287.96
MCH2155,Vig-Bobal,4814,Telecommunication Services,Private Limited,Delhi,Delhi,2023-05-03 00:00:00,XXXX5202,ACTIVE,8483.0
MCH6274,Mall Inc,7011,Hotels & Lodging,Partnership,Amritsar,Punjab,2025-06-21 00:00:00,XXXX1310,ACTIVE,1700.39
MCH5698,Rana Ltd,5942,Books & Stationery,Private Limited,Chennai,Tamil Nadu,2025-01-07 00:00:00,,ACTIVE,2808.27
MCH1940,Anne Group,4131,Transportation,Sole Proprietorship,Hyderabad,Telangana,2025-01-16 19:34:00,XXXX3192,ACTIVE,2525.67
MCH1817,Wadhwa Group,4814,Telecommunication Services,Partnership,Kolkata,West Bengal,2024-06-30 00:00:00,XZWP2134363743881,ACTIVE,200.17
MCH8852,Bali-Hora,5912,Pharmacies & Healthcare,Individual,Delhi,Delhi,2024-07-09 00:00:00,,ACTIVE,2821.74
MCH9143,Prakash Inc,5812,Restaurants & Dining,Partnership,Lucknow,Uttar Pradesh,2023-03-02 00:00:00,XXXX9977,ACTIVE,1791.89
MCH7338,"Verma, Rai And Patla",5912,Pharmacies & Healthcare,Private Limited,Bengaluru,Karnataka,2024-05-06 00:00:00,XXXX7454,ACTIVE,2235.57
MCH5496,Bhagat And Sons,5912,Pharmacies & Healthcare,Partnership,Lucknow,Uttar Pradesh,2024-08-13 00:00:00,DOMQ3055982121356,ACTIVE,199.73
MCH5361,"Baria,Santandmunshi",5942,Books & Stationery,Private Limited,Delhi,Delhi,2025-02-01 00:00:00,XXXX6510,ACTIVE,1636.11
MCH3970,"Chawla, Sami And Mani",5942,Books & Stationery,Sole Proprietorship,Poona,Maharashtra,2023-04-25 00:00:00,XXXX3871,ACTIVE,2506.67
MCH3509,Tandon-Thakur,5999,Miscellaneous Retail,Private Limited,Poona,Maharashtra,2024-03-27 19:41:52,TBRS8526244076916,ACTIVE,253.7
MCH8188,"Ram, Krish And Pai",5999,Miscellaneous Retail,Partnership,Lucknow,Uttar Pradesh,2025-02-16 00:00:00,XXXX6724,INACTIVE,734.28
MCH5465,"Keer, Gill And Tank",4814,Telecommunication Services,Individual,Jaipur,Rajasthan,2023-10-23 00:00:00,WBGT3042878113023,ACTIVE,3170.0
MCH9837,Raval-Aurora,5812,Restaurants & Dining,Sole Proprietorship,Kolkata,West Bengal,2023-04-26 00:00:00,,ACTIVE,2990.0
MCH3145,Chaudry And Sons,5311,Department Stores,Individual,Bengaluru,Karnataka,2026-01-29 00:00:00,,ACTIVE,
MCH1874,Kanda-Mane,5942,Books & Stationery,Partnership,Ludhiana,Punjab,2024-06-12 00:00:00,0940514966,ACTIVE,2286.66
MCH7881,Menon Plc,5311,Department Stores,Partnership,Pune,Maharashtra,2024-02-04 00:00:00,1137446678,ACTIVE,1357.1
MCH7395,Bera Group,5912,Pharmacies & Healthcare,Partnership,Jalandhar,Punjab,,,ACTIVE,307.59
MCH4547,Rout Inc,5812,Restaurants & Dining,Private Limited,Bengaluru,Karnataka,2026-01-28 00:00:00,4666460002,ACTIVE,307.37
MCH5646,Badal-Anand,4814,Telecommunication Services,Private Limited,Mumbai,Maharashtra,2025-05-06 23:31:00,XXXX0079,ACTIVE,4606.04
MCH2278,"Mohanty, Bobal And Minhas",7011,Hotels & Lodging,Sole Proprietorship,Poona,Maharashtra,2023-08-25 22:07:00,2573696997,ACTIVE,4540.82
MCH4377,Kale-Krishnan,5942,Books & Stationery,Partnership,Bengaluru,Karnataka,2023-10-12 00:00:00,,INACTIVE,2218.12
MCH1477,Ahluwalia-Devan,5912,Pharmacies & Healthcare,Partnership,Jaipur,Rajasthan,2024-04-15 00:00:00,XXXX2364,ACTIVE,551.17
MCH5020,Sarna-Sarraf,5411,Grocery Stores,Individual,Lucknow,Uttar Pradesh,2023-02-27 19:58:28,,ACTIVE,3351.89
MCH6965,Lala Group,5912,Pharmacies & Healthcare,Private Limited,Pune,Maharashtra,2023-08-26 00:00:00,,ACTIVE,256.0
MCH9782,"Prashad, Sura And Mutti",5311,Department Stores,Sole Proprietorship,Amritsar,Punjab,2025-04-17 00:00:00,,ACTIVE,2734.0
MCH7471,Dass Llc,5812,Restaurants & Dining,Sole Proprietorship,Lucknow,Uttar Pradesh,2023-02-14 00:00:00,XXXX4634,ACTIVE,390.54
MCH5505,Shan-Cherian,5311,Department Stores,Individual,Delhi,Delhi,2023-08-19 00:00:00,,ACTIVE,3177.98
MCH7728,Gaba Ltd,7011,Hotels & Lodging,Partnership,Jalandhar,Punjab,2024-06-07 00:00:00,,ACTIVE,970.98
MCH3386,"Balay, Chacko And Dani",5311,Department Stores,Private Limited,Jaipur,Rajasthan,2025-10-27 15:17:05,XXXX2339,ACTIVE,2775.53
MCH4676,Shan Inc,5999,Miscellaneous Retail,Sole Proprietorship,Mumbai,Maharashtra,2026-01-20 00:00:00,DCZB8927650142403,ACTIVE,2805.31
MCH5055,Aggarwal-Doctor,5912,Pharmacies & Healthcare,Private Limited,Hyderabad,Telangana,2024-07-04 02:56:33,,ACTIVE,3805.08
MCH7297,"Bhasin, Sankar And Pradhan",5812,Restaurants & Dining,Private Limited,Delhi,Delhi,2025-05-03 21:06:30,,ACTIVE,
MCH8798,"Taneja, Maharaj And Sa1Vi",5942,Books & Stationery,Partnership,Mumbai,Maharashtra,,,SUSPENDED,2125.0
MCH4454,"Varghese, Shenoy And Mahajan",5812,Restaurants & Dining,Partnership,Mumbai,Maharashtra,2025-06-21 20:18:19,,ACTIVE,1952.0
MCH6575,Sanghvi Plc,5942,Books & Stationery,Individual,Lucknow,Uttar Pradesh,2025-02-15 00:00:00,JZFS4748636238917,ACTIVE,819.0
MCH4702,Nath Group,5311,Department Stores,Sole Proprietorship,Lucknow,Uttar Pradesh,2024-08-15 23:18:00,,ACTIVE,584.0
MCH7709,Kala Llc,5411,Grocery Stores,Partnership,Jalandhar,Punjab,2023-06-21 15:24:12,,ACTIVE,
MCH4169,"Vaidya, Vasa And Palan",4814,Telecommunication Services,Individual,Hyderabad,Telangana,2024-11-15 00:00:00,,ACTIVE,1965.48
MCH1083,Chaudhry-Bhat,5812,Restaurants & Dining,Sole Proprietorship,Jalandhar,Punjab,2025-04-30 00:00:00,DSMZ2555394666399,INACTIVE,730.39
MCH9503,"Lanka, Bhasin And Srinivas",5411,Grocery Stores,Partnership,Kolkata,West Bengal,2024-10-29 00:00:00,,ACTIVE,1065.1
MCH5798,Divan-Mahal,5812,Restaurants & Dining,Individual,Jaipur,Rajasthan,2023-02-19 00:00:00,1492699438,ACTIVE,110.98
MCH2788,"Dash, Mallick And Sachdev",5812,Restaurants & Dining,Individual,Bengaluru,Karnataka,2025-04-06 04:08:29,WZXG3956270476463,ACTIVE,3989.94
MCH3256,"Patil, Tripathi And Seshadri",5942,Books & Stationery,Partnership,Ludhiana,Punjab,2025-02-11 00:00:00,0074721461,ACTIVE,4035.32
MCH6853,Prashad Plc,7011,Hotels & Lodging,Private Limited,Delhi,Delhi,2024-06-13 00:00:00,KVIV4494971706487,ACTIVE,410.64
MCH8226,Das-Subramanian,5999,Miscellaneous Retail,Partnership,Jaipur,Rajasthan,2024-03-26 00:00:00,6578658444,ACTIVE,789.74
MCH8372,Parsa-Chokshi,4814,Telecommunication Services,Private Limited,Amritsar,Punjab,2023-10-02 09:57:00,XXXX0623,ACTIVE,714.9
MCH5590,"Bhandari, M0Re And Bhatti",4131,Transportation,Partnership,Pune,Maharashtra,2024-10-07 00:00:00,CXPI7064872826114,INACTIVE,2034.57
MCH6030,"Dhillon, Sunder And Sodhi",5999,Miscellaneous Retail,Partnership,Jaipur,Rajasthan,2025-02-19 00:00:00,FIPF1132011620068,ACTIVE,884.98
MCH2056,"Kadakia, Nagi And Ramakrishnan",5699,Apparel & Clothing,Sole Proprietorship,Mumbai,Maharashtra,2023-02-23 00:00:00,XXXX6025,ACTIVE,2168.0
MCH4041,Salvi-Mishra,5812,Restaurants & Dining,Sole Proprietorship,Amritsar,Punjab,,IIMZ0020327103815,INACTIVE,1291.58
MCH3859,"Mall, Bassi And Seshadri",5411,Grocery Stores,Partnership,Mumbay,Maharashtra,,,ACTIVE,610.0
MCH8007,Chaudhari Inc,5699,Apparel & Clothing,Sole Proprietorship,Poona,Maharashtra,2025-11-26 16:25:31,KFYF9189766472754,ACTIVE,1165.41
MCH9731,Chaudhry-Pillay,5311,Department Stores,Individual,Jaipur,Rajasthan,2025-09-19 16:43:34,4390962437,ACTIVE,516.39
MCH5790,Devi And Sons,5942,Books & Stationery,Partnership,Jaipur,Rajasthan,2024-06-03 01:35:36,LANA4621044039956,ACTIVE,8961.2
MCH1189,"Rai, Doctor And Dar",5699,Apparel & Clothing,Sole Proprietorship,Mumbay,Maharashtra,2024-11-13 20:40:00,8075572970,ACTIVE,1513.0
MCH6504,"Wagle, Choudhry And Patla",5942,Books & Stationery,Private Limited,Jalandhar,Punjab,2025-11-14 00:00:00,,ACTIVE,1748.0
MCH3854,"Was0N, Chauhan And Gh0Se",5812,Restaurants & Dining,Private Limited,Hyderabad,Telangana,2025-09-01 00:00:00,FZNK7723155067265,ACTIVE,528.0
MCH8884,"Dubey, Srinivasan And Pillai",5942,Books & Stationery,Sole Proprietorship,Chennai,Tamil Nadu,2023-07-03 00:00:00,,ACTIVE,
MCH2148,Dora Ltd,5912,Pharmacies & Healthcare,Private Limited,Amritsar,Punjab,2024-05-30 17:40:28,,ACTIVE,343.34
MCH3447,Andra-Edwin,5699,Apparel & Clothing,Individual,Hyderabad,Telangana,2023-10-09 13:58:47,XXXX8236,ACTIVE,1619.69
MCH6804,Johal And Sons,5699,Apparel & Clothing,Sole Proprietorship,Chennai,Tamil Nadu,2025-10-13 00:00:00,9253208573,INACTIVE,4018.13
MCH3569,Choudhury-Prashad,5942,Books & Stationery,Sole Proprietorship,Lucknow,Uttar Pradesh,2025-02-17 00:00:00,,ACTIVE,1411.0
MCH7364,Vig-Bala,7011,Hotels & Lodging,Sole Proprietorship,Mumbai,Maharashtra,2024-08-29 05:57:59,XXXX1900,ACTIVE,1242.0
MCH5511,"Pandya, Dugar And Dube",5999,Miscellaneous Retail,Individual,Delhi,Delhi,2025-09-02 08:12:00,,ACTIVE,997.89
MCH6517,"Vig, Sen And Kumar",5699,Apparel & Clothing,Sole Proprietorship,Delhi,Delhi,2023-05-05 00:00:00,,ACTIVE,1024.93
MCH9779,De0-Agate,4814,Telecommunication Services,Individual,Kolkata,West Bengal,2024-03-24 00:00:00,,ACTIVE,2425.1
MCH5217,Swamy Ltd,5411,Grocery Stores,Private Limited,Kolkata,West Bengal,2023-02-22 00:00:00,5295856120,ACTIVE,1618.62
MCH4732,"Ramanathan, Kanda And Karnik",5812,Restaurants & Dining,Private Limited,Lucknow,Uttar Pradesh,2025-08-13 05:58:00,,ACTIVE,3954.51
MCH5027,Mukhopadhyay-Brar,5999,Miscellaneous Retail,Partnership,Ludhiana,Punjab,2023-10-17 00:00:00,CWYO9756460575495,ACTIVE,3103.67
MCH4411,"Kale, Issac And Sibal",5999,Miscellaneous Retail,Private Limited,Mumbai,Maharashtra,2025-12-23 00:00:00,GYAZ8851086848708,ACTIVE,566.46
MCH2104,Iyengar Plc,5699,Apparel & Clothing,Private Limited,Lucknow,Uttar Pradesh,2025-03-20 13:20:17,,SUSPENDED,1344.05
MCH2177,"Boase, Bajaj And Krish",5999,Miscellaneous Retail,Private Limited,Jalandhar,Punjab,2025-08-01 00:00:00,,ACTIVE,420.77
MCH4354,Natarajan-Lad,7011,Hotels & Lodging,Partnership,Amritsar,Punjab,2023-08-18 00:00:00,XXXX6382,ACTIVE,703.43
MCH1456,Madan-Ganesh,5699,Apparel & Clothing,Individual,Amritsar,Punjab,2025-01-11 00:00:00,,ACTIVE,
MCH7181,"Dar, Dada And Kala",4131,Transportation,Partnership,Kolkata,West Bengal,2023-04-14 00:00:00,XXXX4833,ACTIVE,859.59
MCH5294,Bhakta Group,4814,Telecommunication Services,Private Limited,Jaipur,Rajasthan,2023-12-27 00:00:00,XXXX2441,ACTIVE,765.13
MCH9219,Baria Inc,4814,Telecommunication Services,Sole Proprietorship,Jaipur,Rajasthan,2024-07-29 00:00:00,7495991370,ACTIVE,1931.0
MCH1889,Bakshi Llc,5999,Miscellaneous Retail,Individual,Jalandhar,Punjab,2024-02-13 09:50:36,XXXX2818,ACTIVE,2474.04
MCH6224,La1-Anand,5912,Pharmacies & Healthcare,Private Limited,Delhi,Delhi,2025-07-28 00:00:00,3453251138,ACTIVE,3823.0
MCH1818,Bakshi-Golla,5699,Apparel & Clothing,Private Limited,Kolkata,West Bengal,2023-10-04 00:00:00,7575233501,ACTIVE,4859.19
MCH8114,"Raman, Sandal And Bedi",4814,Telecommunication Services,Individual,Jalandhar,Punjab,2024-02-08 00:00:00,LFZC4951241506007,ACTIVE,1612.23
MCH2718,"Krishna, Prabhu And Kara",7011,Hotels & Lodging,Individual,Bengaluru,Karnataka,2024-12-20 00:00:00,VEWG4998867762324,ACTIVE,529.14
MCH3718,"S0M, Barman And Bhavsar",5411,Grocery Stores,Sole Proprietorship,Pune,Maharashtra,,2345441898,ACTIVE,312.19
MCH3338,"Mistry, Majumdar And Ghosh",4814,Telecommunication Services,Individual,Ludhiana,Punjab,2024-04-26 08:50:51,KYYU5062619258958,ACTIVE,1989.0
MCH9722,"Krishna, Saxena And Aurora",4814,Telecommunication Services,Individual,Lucknow,Uttar Pradesh,,XXXX5150,ACTIVE,
MCH8966,Talwar Plc,5999,Miscellaneous Retail,Sole Proprietorship,Chennai,Tamil Nadu,2023-07-23 00:00:00,LXSL0666403926452,ACTIVE,432.95
MCH1721,"Mammen, Ka1A And Gara",7011,Hotels & Lodging,Individual,Kolkata,West Bengal,2023-10-07 01:39:20,,ACTIVE,1736.83
MCH7647,"Bala, Mody And Kumer",5912,Pharmacies & Healthcare,Partnership,Mumbay,Maharashtra,2025-12-30 18:11:40,XXXX0768,INACTIVE,3285.0
MCH7358,Basak-Patla,5999,Miscellaneous Retail,Sole Proprietorship,Delhi,Delhi,2025-12-19 00:00:00,1781542230,ACTIVE,3053.41
MCH5912,Shenoy Plc,4814,Telecommunication Services,Individual,Bengaluru,Karnataka,2023-12-12 00:00:00,,ACTIVE,551.95
MCH6380,Naik-Kalla,5999,Miscellaneous Retail,Individual,Pune,Maharashtra,2026-01-02 06:05:56,6290942991,SUSPENDED,1353.03
MCH7225,Apte-Wadhwa,5812,Restaurants & Dining,Individual,Jalandhar,Punjab,2025-03-07 07:20:55,XXXX2773,ACTIVE,5618.9
MCH5924,Chana-Thaman,4814,Telecommunication Services,Sole Proprietorship,Delhi,Delhi,2025-09-27 23:42:15,XXXX2862,ACTIVE,1054.56
MCH1680,"Dube, Sekhon And Nagarajan",5699,Apparel & Clothing,Sole Proprietorship,Ludhiana,Punjab,2025-02-03 01:50:32,,ACTIVE,855.0
MCH7060,"Nayak, Parmer And Anand",5912,Pharmacies & Healthcare,Private Limited,Kolkata,West Bengal,2023-05-26 00:00:00,,ACTIVE,1299.1
MCH8909,"Palan, Wali And Wagle",5999,Miscellaneous Retail,Individual,Delhi,Delhi,,AMLI0055772138931,ACTIVE,1366.3
MCH6043,Natt Inc,5311,Department Stores,Sole Proprietorship,Mumbai,Maharashtra,2024-01-24 00:00:00,,ACTIVE,766.54
MCH5607,Sengupta-Murty,5942,Books & Stationery,Sole Proprietorship,Delhi,Delhi,2023-05-10 00:00:00,GVNH6755841589954,ACTIVE,2739.15
MCH4529,Varkey-Pant,5699,Apparel & Clothing,Private Limited,Ldh,Punjab,2024-06-01 00:00:00,6768398433,ACTIVE,1710.62
MCH3518,Borah And Sons,4131,Transportation,Sole Proprietorship,Mumbay,Maharashtra,2026-06-02 15:51:00,GCBI5958315675126,ACTIVE,451.33
MCH3477,"Mangal, Comar And Krish",5311,Department Stores,Sole Proprietorship,Mumbai,Maharashtra,2025-03-30 09:40:40,,ACTIVE,13897.21
MCH4777,Babu-Choudhry,4814,Telecommunication Services,Individual,Delhi,Delhi,2026-01-10 00:00:00,,ACTIVE,373.4
MCH7440,Rastogi-Manne,5699,Apparel & Clothing,Sole Proprietorship,Lucknow,Uttar Pradesh,2025-10-27 00:00:00,,ACTIVE,2334.42
MCH1400,Kapoor-Bhalla,5699,Apparel & Clothing,Partnership,Chennai,Tamil Nadu,2023-05-17 00:00:00,,ACTIVE,913.08
MCH9937,"Sant, Dada And Biswas",4814,Telecommunication Services,Partnership,Hyderabad,Telangana,2023-08-09 00:00:00,,INACTIVE,663.0
MCH8151,Dalal Plc,5699,Apparel & Clothing,Individual,Jalandhar,Punjab,2024-08-01 20:15:56,WQMC9295186993346,ACTIVE,1200.0
MCH2345,"Kibe, Verma And Koshy",4814,Telecommunication Services,Individual,Bengaluru,Karnataka,2024-06-28 00:00:00,2126684184,ACTIVE,808.61
MCH3134,Rajan Plc,5311,Department Stores,Individual,Jaipur,Rajasthan,2024-09-30 00:49:20,YYBA4456378455566,ACTIVE,993.0
MCH3263,Sarna-Chauhan,5812,Restaurants & Dining,Sole Proprietorship,Lucknow,Uttar Pradesh,2025-05-18 00:00:00,4897875203,ACTIVE,2348.1
MCH5261,M0Dy Gr0Up,5942,Books & Stationery,Individual,Jaipur,Rajasthan,2025-12-11 00:00:00,,ACTIVE,345.16
MCH9931,"Wadhwa, Loyal And Bhat",4814,Telecommunication Services,Partnership,Lucknow,Uttar Pradesh,2024-05-03 20:57:24,,ON_HOLD,1226.34
MCH8597,Hayre-Badami,5812,Restaurants & Dining,Private Limited,Amritsar,Punjab,2023-05-26 00:00:00,XXXX4723,ACTIVE,1847.81
MCH6071,Nagy Inc,5311,Department Stores,Private Limited,Delhi,Delhi,,XXXX2349,ACTIVE,2743.11
MCH1450,"Hora, Kunda And Dani",5311,Department Stores,Sole Proprietorship,Ludhiana,Punjab,2023-10-30 00:00:00,XXXX1537,INACTIVE,1853.9
MCH1727,Chacko Llc,5999,Miscellaneous Retail,Partnership,Amritsar,Punjab,2023-07-23 00:00:00,,ACTIVE,1914.68
MCH1280,"Ben, Madan And Dey",5942,Books & Stationery,Private Limited,Lucknow,Uttar Pradesh,2025-06-13 00:00:00,,ACTIVE,1308.81
MCH2448,Shan Ltd,5699,Apparel & Clothing,Private Limited,Delhi,Delhi,2023-03-22 16:55:53,,ACTIVE,331.32
MCH1021,Varghese-Ramachandran,5812,Restaurants & Dining,Private Limited,Amritsar,Punjab,,,ACTIVE,734.0
MCH4010,"Barad, Mukherjee And Joshi",5411,Grocery Stores,Sole Proprietorship,Amritsar,Punjab,2024-01-28 00:00:00,,ACTIVE,992.35
MCH1379,Chokshi Ltd,5912,Pharmacies & Healthcare,Individual,Chennai,Tamil Nadu,2024-01-23 00:00:00,XXXX4340,ACTIVE,2729.5
MCH3014,Nagarajan-Bandi,5311,Department Stores,Individual,Delhi,Delhi,2025-09-06 00:00:00,XXXX4761,ACTIVE,3013.17
MCH2100,"Jani, Bobal And Singhal",7011,Hotels & Lodging,Individual,Bengaluru,Karnataka,,,ACTIVE,1281.0
MCH1531,Savant And Sons,7011,Hotels & Lodging,Private Limited,Delhi,Delhi,2026-02-10 00:00:00,,INACTIVE,1019.94
MCH5831,Kibe Inc,4814,Telecommunication Services,Sole Proprietorship,Ludhiana,Punjab,2024-01-21 16:49:33,,ACTIVE,2267.19
MCH2179,Chanda-Sura,5699,Apparel & Clothing,Private Limited,Jalandhar,Punjab,2026-01-07 00:00:00,XXXX4523,ACTIVE,1281.24
MCH5958,"Panchal, Krishnan And Thakkar",5812,Restaurants & Dining,Private Limited,Chennai,Tamil Nadu,2025-06-16 00:00:00,1176480578,INACTIVE,999.64
MCH5208,Mann Inc,5411,Grocery Stores,Private Limited,Hyderabad,Telangana,2023-10-04 08:46:00,,SUSPENDED,1269.59
MCH2123,Lala And Sons,5311,Department Stores,Private Limited,Mumbai,Maharashtra,2025-03-01 05:53:00,,ACTIVE,13187.41
MCH5230,Bajaj Ltd,4131,Transportation,Partnership,Delhi,Delhi,2024-01-02 00:00:00,8842729592,ACTIVE,3959.52
MCH9972,"Bakshi, Tata And Parmer",5311,Department Stores,Sole Proprietorship,Hyderabad,Telangana,2024-08-14 00:00:00,ATOC5117985834296,ACTIVE,1398.48
MCH3672,"Ray, Radhakrishnan And Parmar",7011,Hotels & Lodging,Private Limited,Lucknow,Uttar Pradesh,2024-11-30 20:09:36,GKAL4059180951446,ACTIVE,801.35
MCH3187,"Mand, Singhal And Raman",5912,Pharmacies & Healthcare,Sole Proprietorship,Kolkata,West Bengal,2023-07-11 07:10:22,ZOEN9168175383897,ACTIVE,4276.66
MCH6247,Dhar-Ram,4814,Telecommunication Services,Individual,Jaipur,Rajasthan,2026-01-14 00:00:00,,ACTIVE,468.52
MCH4438,Vasa-Divan,5311,Department Stores,Partnership,Kolkata,West Bengal,2025-10-09 05:49:00,DDPR9154239625573,ACTIVE,1288.65
MCH7960,Comar-Ramesh,5411,Grocery Stores,Sole Proprietorship,Amritsar,Punjab,2023-01-05 00:00:00,XXXX2411,ACTIVE,
MCH3578,"Badal, Gopal And Walla",4131,Transportation,Individual,Amritsar,Punjab,2024-05-19 20:33:00,CBPY2495238962575,ACTIVE,14795.0
MCH5265,"Jain, Jaggi And Gara",5699,Apparel & Clothing,Individual,Jaipur,Rajasthan,2023-10-05 00:00:00,XXXX8547,ACTIVE,617.01
MCH1053,"Gera, Grover And Sehgal",4814,Telecommunication Services,Individual,Amritsar,Punjab,2025-02-22 00:00:00,,ACTIVE,708.11
MCH7840,Sood Llc,5311,Department Stores,Individual,Pune,Maharashtra,2023-09-26 00:00:00,XXXX2181,ACTIVE,394.0
MCH5954,"Chand, Dora And Dey",5812,Restaurants & Dining,Private Limited,Chennai,Tamil Nadu,2025-08-28 14:38:01,,ACTIVE,1159.45
MCH4944,"Pillai, Kurian And Sunder",5411,Grocery Stores,Sole Proprietorship,Mumbai,Maharashtra,2023-04-08 22:00:12,XXXX3249,ACTIVE,907.45
MCH3216,K0Thari-Bhatia,5411,Grocery Stores,Sole Proprietorship,Hyderabad,Telangana,2025-01-28 12:09:00,3754349166,ACTIVE,1987.15
MCH6260,Mittal Plc,5912,Pharmacies & Healthcare,Private Limited,Lucknow,Uttar Pradesh,2025-01-27 15:46:00,XXXX9807,ACTIVE,
MCH8428,"Keer, Batra And Kapadia",7011,Hotels & Lodging,Partnership,Jalandhar,Punjab,2024-08-19 14:22:51,,ACTIVE,2475.47
MCH9021,Sandhu-Jayaraman,5311,Department Stores,Private Limited,Delhi,Delhi,,,ACTIVE,1258.68
MCH3475,"Wadhwa, Banik And Prakash",5812,Restaurants & Dining,Private Limited,Jaipur,Rajasthan,2025-01-16 00:00:00,4792307270,ACTIVE,335.53
MCH4720,Sha Ltd,5411,Grocery Stores,Partnership,Chennai,Tamil Nadu,2024-04-05 00:00:00,0136765801,ACTIVE,874.68
MCH5097,Sathe Inc,5311,Department Stores,Sole Proprietorship,Jaipur,Rajasthan,2023-05-07 00:00:00,XXXX5532,ACTIVE,997.33
MCH7628,"Mander, Guha And Varty",4814,Telecommunication Services,Sole Proprietorship,Mumbai,Maharashtra,2026-01-12 00:00:00,0845621446,SUSPENDED,8496.25
MCH6466,Randhawa Llc,5311,Department Stores,Individual,Pune,Maharashtra,2024-06-03 00:00:00,WUJF6073785687916,ACTIVE,3082.9
MCH4744,Tiwari-Bedi,5942,Books & Stationery,Sole Proprietorship,Poona,Maharashtra,2024-07-13 00:00:00,0085843923,INACTIVE,1636.0
MCH6861,Gandhi-Shukla,5411,Grocery Stores,Partnership,Kolkata,West Bengal,2024-01-09 00:00:00,,ACTIVE,1540.0
MCH9593,Varty-Lala,5942,Books & Stationery,Individual,Lucknow,Uttar Pradesh,2024-02-08 00:00:00,DUTM3222823880955,ACTIVE,3004.61
MCH9482,"Vasa, Chada And Iyengar",5411,Grocery Stores,Partnership,Hyderabad,Telangana,,XXXX4559,ACTIVE,600.13
MCH6501,Ka1A-Garg,5699,Apparel & Clothing,Sole Proprietorship,Ludhiana,Punjab,2023-05-07 00:00:00,5422601773,ACTIVE,471.98
MCH2007,"Mahal, Divan And Sharaf",5999,Miscellaneous Retail,Sole Proprietorship,Jalandhar,Punjab,2023-02-02 22:14:37,4814016835,ACTIVE,435.32
MCH3105,Bandi Plc,5311,Department Stores,Sole Proprietorship,Mumbay,Maharashtra,2026-01-05 07:13:24,1280850023,ACTIVE,1578.41
MCH7654,Chakraborty Inc,5699,Apparel & Clothing,Sole Proprietorship,Lucknow,Uttar Pradesh,,,ACTIVE,1250.0
MCH2778,Madan Plc,5912,Pharmacies & Healthcare,Sole Proprietorship,Amritsar,Punjab,2024-03-25 00:00:00,XXXX3934,ACTIVE,4029.72
MCH6056,Iyengar-Hegde,4131,Transportation,Partnership,Amritsar,Punjab,2025-03-23 00:00:00,,ACTIVE,1004.69
MCH9704,"Maharaj, Sangha And Suresh",5411,Grocery Stores,Private Limited,Poona,Maharashtra,2023-01-01 16:43:00,FJDE3725342913526,ACTIVE,1435.77
MCH9916,"Sur, Palla And Goyal",4814,Telecommunication Services,Private Limited,Pune,Maharashtra,2023-09-04 08:24:31,7186592814,ACTIVE,282.0
MCH3260,Viswanathan Inc,4131,Transportation,Individual,Amritsar,Punjab,2025-09-24 18:33:11,,INACTIVE,2698.89
MCH1609,Ram-Palla,4814,Telecommunication Services,Private Limited,Mumbai,Maharashtra,2023-07-17 21:30:00,8485226822,ACTIVE,554.3
MCH2950,"Rastogi, Bhavsar And Varghese",5942,Books & Stationery,Private Limited,Bengaluru,Karnataka,2024-11-26 00:00:00,6783380146,ACTIVE,2370.66
MCH5904,Karan Ltd,5699,Apparel & Clothing,Sole Proprietorship,Bengaluru,Karnataka,2023-11-29 00:00:00,,ACTIVE,1441.0
MCH9299,Pathak-Menon,5812,Restaurants & Dining,Sole Proprietorship,Ludhiana,Punjab,2024-04-28 07:03:55,,ACTIVE,3015.0
MCH7431,Nagarajan And Sons,7011,Hotels & Lodging,Sole Proprietorship,Jaipur,Rajasthan,2023-01-04 00:00:00,XXXX7904,ACTIVE,1657.0
MCH3330,"Keer, Gupta And Som",5311,Department Stores,Private Limited,Jalandhar,Punjab,2025-11-26 00:00:00,LOCM5644673929837,ACTIVE,3134.69
MCH6805,Dora Ltd,5311,Department Stores,Private Limited,Mumbai,Maharashtra,2025-09-17 00:00:00,4896284694,ACTIVE,371.73
MCH7464,Duttallc,4131,Transportation,Private Limited,Lucknow,Uttar Pradesh,2024-09-18 00:00:00,,ACTIVE,270.92
MCH7830,Narayanan-Barad,5912,Pharmacies & Healthcare,Private Limited,Jaipur,Rajasthan,2025-12-14 17:19:27,9447863643,SUSPENDED,1497.41
MCH3454,Rajagopal-Wason,5812,Restaurants & Dining,Partnership,Hyderabad,Telangana,2024-08-22 15:32:00,XXXX7731,ACTIVE,1479.06
MCH8572,"Sheth,Sethandkulkarni",4814,Telecommunication Services,Individual,Jaipur,Rajasthan,2026-01-15 00:00:00,AQKO8183766323405,ACTIVE,4326.0
MCH7917,Parsa-Madan,5411,Grocery Stores,Sole Proprietorship,Pune,Maharashtra,2023-04-02 01:07:51,XXXX8810,INACTIVE,1524.64
MCH3362,Chander-Sangha,5411,Grocery Stores,Private Limited,Amritsar,Punjab,2026-02-26 04:43:00,,SUSPENDED,12795.59
MCH8096,Srinivas-Verma,4814,Telecommunication Services,Partnership,Mumbai,Maharashtra,,,ACTIVE,2241.14
MCH1359,Palan-Minhas,5699,Apparel & Clothing,Individual,Chennai,Tamil Nadu,2024-08-24 00:00:00,,ACTIVE,1891.91
MCH7701,Ravel-Lala,5411,Grocery Stores,Private Limited,Ludhiana,Punjab,2025-05-12 05:37:27,XXXX7294,ACTIVE,1411.44
MCH4165,Nayar Plc,5311,Department Stores,Private Limited,Delhi,Delhi,2023-06-03 00:00:00,,ON_HOLD,1388.15
MCH9137,Chakrabarti Plc,4131,Transportation,Private Limited,Jaipur,Rajasthan,2023-11-19 00:00:00,XXXX6117,ACTIVE,347.82
MCH1663,"Edwin, Kala And Barad",4131,Transportation,Individual,Chennai,Tamil Nadu,2024-07-04 00:00:00,FGIZ0772949946430,ACTIVE,449.21
MCH2921,Bakshi-Narayanan,7011,Hotels & Lodging,Private Limited,Lucknow,Uttar Pradesh,2024-06-18 00:00:00,XXXX0910,ACTIVE,6327.48
MCH2697,Shan-Warrior,4131,Transportation,Private Limited,Bengaluru,Karnataka,2024-08-02 04:05:00,,INACTIVE,1199.93
MCH3376,Sama-Gaba,5411,Grocery Stores,Individual,Hyderabad,Telangana,,XXXX4890,ACTIVE,732.24
MCH8981,Tara-Sinha,5999,Miscellaneous Retail,Individual,Bengaluru,Karnataka,2025-10-02 00:00:00,1533662903,ACTIVE,3617.0
MCH8633,Pillai-Lata,5912,Pharmacies & Healthcare,Individual,Amritsar,Punjab,2025-04-02 00:00:00,6437885672,ACTIVE,1325.55
MCH4515,Memon-Upadhyay,4131,Transportation,Sole Proprietorship,Lucknow,Uttar Pradesh,2024-04-03 17:37:57,,ACTIVE,2435.25
MCH1058,"Vyas,Virkanddatta",5311,Department Stores,Partnership,Poona,Maharashtra,2023-01-20 00:00:00,XXXX0826,ACTIVE,1504.39
MCH5064,Pandey-Sangha,5699,Apparel & Clothing,Sole Proprietorship,Bengaluru,Karnataka,2023-12-31 00:00:00,XXXX3296,ACTIVE,2028.77
MCH8059,Kapadia Plc,4814,Telecommunication Services,Sole Proprietorship,Mumbai,Maharashtra,2023-06-05 00:00:00,,INACTIVE,263.96
MCH4148,"Wali, Babu And Tank",4814,Telecommunication Services,Partnership,Jaipur,Rajasthan,2023-01-08 00:00:00,PUUF6382776692306,ACTIVE,2368.62
MCH4047,Kaul-Barad,5311,Department Stores,Sole Proprietorship,Mumbay,Maharashtra,2025-05-13 00:00:00,XXXX0729,ACTIVE,986.5
MCH6469,"Bahl, Barad And Dhillon",5311,Department Stores,Private Limited,Chennai,Tamil Nadu,2025-10-02 00:00:00,,ACTIVE,931.21
MCH4208,Devi-Mangal,5942,Books & Stationery,Sole Proprietorship,Ludhiana,Punjab,2025-08-27 16:16:44,,ACTIVE,1564.41
MCH2709,"Iyengar, Dugar And Chacko",7011,Hotels & Lodging,Private Limited,Jaipur,Rajasthan,2023-09-16 04:28:40,XXXX4012,ACTIVE,2413.11
MCH4289,Singhal-Dasgupta,5699,Apparel & Clothing,Partnership,Bengaluru,Karnataka,2025-02-17 00:00:00,ZEDE0222029565689,ACTIVE,809.48
MCH3946,Dhar-Buch,5812,Restaurants & Dining,Partnership,Delhi,Delhi,2025-07-02 06:28:57,YGDI8437831559376,ACTIVE,1451.62
MCH2402,Dhillon Group,5912,Pharmacies & Healthcare,Individual,Mumbay,Maharashtra,2024-02-12 07:15:12,IEQW6694363532348,ACTIVE,1477.89
MCH7604,"Varkey, Hayer And Ratti",5411,Grocery Stores,Partnership,Chennai,Tamil Nadu,2025-02-17 00:00:00,XXXX6093,ACTIVE,868.52
MCH7154,"Raj, Ram And Chokshi",5812,Restaurants & Dining,Private Limited,Chennai,Tamil Nadu,2023-05-11 12:39:00,,ACTIVE,242.8
MCH7138,Shere-Shankar,5411,Grocery Stores,Sole Proprietorship,Chennai,Tamil Nadu,2024-03-07 10:53:23,CDLC2524893044250,ACTIVE,1960.27
MCH9040,Sharma-Dubey,5942,Books & Stationery,Sole Proprietorship,Jaipur,Rajasthan,2023-06-25 10:52:00,XXXX1697,ACTIVE,573.1
MCH3021,"Hegde, Kibe And Gade",4814,Telecommunication Services,Private Limited,Kolkata,West Bengal,2023-09-13 19:33:51,,ACTIVE,
MCH5307,"Balan, Varughese And Dave",5812,Restaurants & Dining,Partnership,Pune,Maharashtra,,SMCN8377573336751,ACTIVE,204.07
MCH9906,Sani-Tailor,5311,Department Stores,Partnership,Chennai,Tamil Nadu,2024-11-20 00:00:00,,ACTIVE,3953.0
MCH7987,Mangat-Sundaram,5912,Pharmacies & Healthcare,Individual,Chennai,Tamil Nadu,2023-02-25 00:00:00,XXXX1113,ACTIVE,2275.51
MCH4652,Mistry Inc,5812,Restaurants & Dining,Private Limited,Ludhiana,Punjab,2024-07-25 18:24:49,0761661593,ACTIVE,3458.11
MCH4000,"Dewan, Sunder And Bhakta",5411,Grocery Stores,Private Limited,Kolkata,West Bengal,2023-06-25 20:40:27,KUHA3646516215943,ACTIVE,3205.97
MCH7442,"Tand0N, Tak And Mane",5699,Apparel & Clothing,Partnership,Chennai,Tamil Nadu,2024-09-12 00:00:00,,ACTIVE,1620.41
MCH9101,Pal-Ramesh,4131,Transportation,Partnership,Pune,Maharashtra,2024-05-29 14:48:09,XXXX0762,ACTIVE,1223.0
MCH8363,Salvi Group,7011,Hotels & Lodging,Sole Proprietorship,Lucknow,Uttar Pradesh,2024-11-20 00:00:00,,ACTIVE,833.32
MCH8511,Narain-Nori,5411,Grocery Stores,Partnership,Kolkata,West Bengal,2023-04-02 14:35:12,,ACTIVE,4133.84
MCH7945,"Barad, Wagle And Raju",5912,Pharmacies & Healthcare,Individual,Ludhiana,Punjab,2023-01-24 00:00:00,EHNZ2779616653327,ACTIVE,268.67
MCH9175,Bhatt Ltd,7011,Hotels & Lodging,Sole Proprietorship,Bengaluru,Karnataka,2025-04-27 18:17:00,2467254885,ACTIVE,567.73
MCH3025,"Sachdeva, Bora And Hegde",4131,Transportation,Private Limited,Pune,Maharashtra,2024-08-15 00:00:00,3805315664,ACTIVE,611.84
MCH2608,"Loyal, Ghosh And Gaba",5999,Miscellaneous Retail,Individual,Hyderabad,Telangana,2025-03-21 00:00:00,ZBIP4363265097456,ACTIVE,869.47
MCH2354,"Toor, Nagi And Dara",5912,Pharmacies & Healthcare,Sole Proprietorship,Pune,Maharashtra,2024-04-12 23:57:41,AIXG4946165098881,ACTIVE,1954.79
MCH8069,Memon Inc,7011,Hotels & Lodging,Individual,Amritsar,Punjab,2023-09-09 20:32:00,XXXX8900,ACTIVE,557.54
MCH3797,"Dhaliwal, Parekh And Dey",7011,Hotels & Lodging,Partnership,Jalandhar,Punjab,2024-11-02 00:00:00,XXXX1096,SUSPENDED,
MCH4336,"Prasad, Bhagat And De",5411,Grocery Stores,Partnership,Hyderabad,Telangana,2023-05-22 00:00:00,FQWT9362753717033,ACTIVE,614.99
MCH5257,Kara-Sibal,4814,Telecommunication Services,Individual,Bengaluru,Karnataka,,WHEV2991802850485,ACTIVE,1601.92
MCH4971,"Gopal, Jayaraman And Narayan",5942,Books & Stationery,Individual,Lucknow,Uttar Pradesh,2024-11-20 07:33:00,,ACTIVE,650.74
MCH2649,Pandya Plc,5411,Grocery Stores,Individual,Pune,Maharashtra,2025-05-31 00:00:00,XXXX1050,ACTIVE,6206.32
MCH7190,Som-Kibe,5699,Apparel & Clothing,Private Limited,Lucknow,Uttar Pradesh,2023-04-09 07:24:49,,ACTIVE,2254.41
MCH1515,"Mall, Kara And Sastry",5699,Apparel & Clothing,Partnership,Hyderabad,Telangana,2024-07-19 00:00:00,9073071658,ACTIVE,
MCH4197,Chaudry Group,5912,Pharmacies & Healthcare,Private Limited,Pune,Maharashtra,,UHGU5811611698099,ACTIVE,4814.44
MCH9716,"Kadakia, Mishra And Ba1I",5812,Restaurants & Dining,Private Limited,Lucknow,Uttar Pradesh,2023-09-09 13:40:00,4695594803,ACTIVE,1762.09
MCH5164,"Yohannan,Sahniandbasak",5311,Department Stores,Individual,Mumbay,Maharashtra,2023-09-01 00:00:00,8938397659,INACTIVE,830.61
MCH6827,Mangat And Sons,5912,Pharmacies & Healthcare,Sole Proprietorship,Jalandhar,Punjab,,4120235225,ACTIVE,1859.4
MCH4228,"Singhal, Bhasin And Kaul",5699,Apparel & Clothing,Private Limited,Amritsar,Punjab,2025-05-23 00:00:00,6707310647,ACTIVE,896.57
MCH3139,Arya-Rau,7011,Hotels & Lodging,Sole Proprietorship,Kolkata,West Bengal,2024-05-17 00:00:00,,ACTIVE,10507.41
MCH1578,Gala Ltd,5999,Miscellaneous Retail,Individual,Bengaluru,Karnataka,2023-04-13 00:00:00,,ACTIVE,446.42
MCH9403,"Bains,Banerjeeandbansal",7011,Hotels & Lodging,Partnership,Mumbai,Maharashtra,2025-02-22 16:11:00,,INACTIVE,1838.83
MCH7408,Bala Group,5999,Miscellaneous Retail,Private Limited,Hyderabad,Telangana,2026-01-13 00:00:00,CMJA0173542788867,ACTIVE,1032.22
MCH5036,Dutt-Nagy,5812,Restaurants & Dining,Individual,Delhi,Delhi,2023-03-15 00:48:00,,ACTIVE,1947.0
MCH2862,Bhasin Group,5699,Apparel & Clothing,Partnership,Jaipur,Rajasthan,2023-07-20 00:00:00,FHYX9050690414655,ACTIVE,544.8
MCH8501,Koshy-Mukherjee,7011,Hotels & Lodging,Partnership,Hyderabad,Telangana,2023-08-21 00:00:00,,ACTIVE,3180.8
MCH7852,"Kapadia, K0Nda And Luthra",7011,Hotels & Lodging,Sole Proprietorship,Chennai,Tamil Nadu,2023-05-12 06:13:06,XXXX7199,ON_HOLD,4401.63
MCH6257,"Parsa, Rana And Raja",5812,Restaurants & Dining,Partnership,Bengaluru,Karnataka,2023-03-28 20:34:00,0948269604,ACTIVE,2744.98
MCH1406,Parmer-Goswami,7011,Hotels & Lodging,Private Limited,Bengaluru,Karnataka,2024-07-11 00:00:00,XXXX3050,ACTIVE,2632.53
MCH9914,Nayar Group,5311,Department Stores,Individual,Amritsar,Punjab,2024-05-26 03:30:00,PBUY1561698017263,ACTIVE,5811.91
MCH2894,Nori-Kurian,5812,Restaurants & Dining,Partnership,Lucknow,Uttar Pradesh,2024-12-15 00:00:00,RJBD4464019057563,SUSPENDED,2634.83
MCH8419,Nigam Inc,4814,Telecommunication Services,Sole Proprietorship,Amritsar,Punjab,2025-10-01 08:52:00,WLCE4900884368712,ACTIVE,462.51
MCH9266,Chatterjee Group,5411,Grocery Stores,Sole Proprietorship,Bengaluru,Karnataka,,XXXX2510,SUSPENDED,726.18
MCH5687,"Prasad, Tank And Char",4131,Transportation,Individual,Ludhiana,Punjab,,XXXX6544,ACTIVE,487.38
MCH6376,"Naik, Dhillon And Sama",5942,Books & Stationery,Partnership,Jalandhar,Punjab,2024-01-20 00:00:00,KHDL5323426037616,ACTIVE,2593.39
MCH6980,Sarna-Rajagopal,5999,Miscellaneous Retail,Partnership,Jalandhar,Punjab,2024-02-13 12:55:41,,ACTIVE,5229.33
MCH7493,Sachdeva-Pillai,5699,Apparel & Clothing,Private Limited,Kolkata,West Bengal,2026-01-18 20:12:00,1151514873,INACTIVE,203.44
MCH2314,"Tank, Bera And Dash",5812,Restaurants & Dining,Sole Proprietorship,Kolkata,West Bengal,2023-01-02 01:03:00,,ACTIVE,2905.93
MCH3895,Wable-Sarna,7011,Hotels & Lodging,Private Limited,Jaipur,Rajasthan,2024-06-20 00:00:00,,INACTIVE,797.39
MCH4441,"Sachdev, Doctor And Subramanian",5311,Department Stores,Partnership,Chennai,Tamil Nadu,2023-06-08 00:00:00,6376514375,INACTIVE,3222.79
MCH7996,Bhargava Llc,5912,Pharmacies & Healthcare,Private Limited,Amritsar,Punjab,2024-12-18 00:00:00,BYTJ9061277350740,INACTIVE,830.56
MCH1514,"Lata, Raja And Parsa",5311,Department Stores,Private Limited,Jalandhar,Punjab,2024-06-14 17:26:04,XXXX1457,ACTIVE,553.18
MCH4356,"Basak, Sur And Sundaram",4814,Telecommunication Services,Partnership,Delhi,Delhi,2024-07-22 00:00:00,,ACTIVE,1661.0
MCH8187,"Chada, Mammen And Lanka",4131,Transportation,Sole Proprietorship,Ldh,Punjab,2025-06-03 00:00:00,3255945345,ACTIVE,671.0
MCH5420,Sahni-Ghosh,7011,Hotels & Lodging,Sole Proprietorship,Kolkata,West Bengal,2025-09-26 21:42:00,1296057901,ACTIVE,1993.6
MCH7552,Som And Sons,4814,Telecommunication Services,Sole Proprietorship,Pune,Maharashtra,2025-07-21 00:00:00,4455888078,ACTIVE,1934.0
MCH2546,Kant Group,5912,Pharmacies & Healthcare,Sole Proprietorship,Amritsar,Punjab,2025-04-04 00:00:00,VVGC5802490491946,ACTIVE,4120.12
MCH7178,Devan And Sons,5411,Grocery Stores,Sole Proprietorship,Kolkata,West Bengal,2023-11-11 00:00:00,,INACTIVE,758.21
MCH5376,"Narayanan, Palla And Tripathi",4814,Telecommunication Services,Sole Proprietorship,Ludhiana,Punjab,2025-08-14 00:00:00,IUFK0088105725528,ACTIVE,2169.37
MCH2857,Bhattacharyya Inc,4131,Transportation,Private Limited,Jalandhar,Punjab,2025-07-13 00:00:00,AFIK7241528245690,ACTIVE,4557.38
MCH7419,Minhas Inc,5699,Apparel & Clothing,Individual,Bengaluru,Karnataka,2023-05-03 00:00:00,IRMQ2437668083455,ACTIVE,
MCH2956,"Wali, Khatri And Mistry",4814,Telecommunication Services,Sole Proprietorship,Lucknow,Uttar Pradesh,2025-02-06 00:00:00,3651063150,INACTIVE,4934.63
MCH5000,Lad Group,5999,Miscellaneous Retail,Private Limited,Kolkata,West Bengal,2025-01-05 17:26:50,,ACTIVE,341.11
MCH4301,Thakur Inc,5942,Books & Stationery,Partnership,Delhi,Delhi,2023-04-29 06:39:16,,ACTIVE,4449.0
MCH3433,"Pathak, Sathe And Rama",5411,Grocery Stores,Private Limited,Kolkata,West Bengal,2025-12-22 00:00:00,XXXX0746,INACTIVE,3697.0
MCH4172,"Khosla, Tak And Mahajan",5912,Pharmacies & Healthcare,Partnership,Kolkata,West Bengal,2024-03-23 00:00:00,,ACTIVE,1964.28
MCH9821,Natt-Kibe,5699,Apparel & Clothing,Private Limited,Chennai,Tamil Nadu,2025-05-03 00:00:00,XXXX1748,ACTIVE,4072.48
MCH1796,Kohli-Nagar,5942,Books & Stationery,Individual,Amritsar,Punjab,2024-07-20 00:00:00,,ACTIVE,741.16
MCH9913,Das Ltd,4814,Telecommunication Services,Partnership,Lucknow,Uttar Pradesh,2024-08-10 00:00:00,,ACTIVE,442.64
MCH1054,Cheema Ltd,5311,Department Stores,Private Limited,Pune,Maharashtra,2023-05-27 00:00:00,,ACTIVE,868.09
MCH7032,"Mangat, Naik And Kakar",7011,Hotels & Lodging,Private Limited,Amritsar,Punjab,2023-01-09 00:00:00,,ACTIVE,
MCH3666,Gera-Ranganathan,4131,Transportation,Partnership,Jaipur,Rajasthan,2023-04-12 00:00:00,,ACTIVE,243.55
MCH8581,"Sundaram, Sekhon And Andra",7011,Hotels & Lodging,Partnership,Jalandhar,Punjab,2024-11-14 00:00:00,,ACTIVE,953.97
MCH5747,"Narasimhan, Doshi And Pall",5812,Restaurants & Dining,Private Limited,Kolkata,West Bengal,2025-05-08 00:00:00,XXXX9034,ACTIVE,4280.12
MCH4220,Gopal-Dara,5699,Apparel & Clothing,Individual,Bengaluru,Karnataka,2025-10-02 13:08:23,,ACTIVE,532.47
MCH1676,"Palla, Gupta And Narain",4814,Telecommunication Services,Sole Proprietorship,Jalandhar,Punjab,2025-11-27 17:23:23,,ACTIVE,750.53
MCH5644,Prabhu-Chaudhry,5699,Apparel & Clothing,Individual,Hyderabad,Telangana,2025-09-05 20:50:00,ZHTO8764288741052,ACTIVE,2643.86
MCH4051,Sharma-Viswanathan,4131,Transportation,Individual,Delhi,Delhi,2025-02-23 00:00:00,,ACTIVE,1135.12
MCH8911,Bava Llc,5942,Books & Stationery,Sole Proprietorship,Hyderabad,Telangana,2025-06-14 08:41:00,,ACTIVE,3342.77
MCH7914,Grover-Karnik,4814,Telecommunication Services,Sole Proprietorship,Jaipur,Rajasthan,2023-11-30 00:00:00,,ACTIVE,1922.54
MCH5973,Biswas-Dass,5699,Apparel & Clothing,Sole Proprietorship,Lucknow,Uttar Pradesh,2025-11-25 00:00:00,XXXX1507,ACTIVE,
MCH2077,Kara Plc,5812,Restaurants & Dining,Individual,Amritsar,Punjab,2025-11-15 02:48:00,XXXX1473,ACTIVE,239.1
MCH3424,Tandon-Raja,5411,Grocery Stores,Private Limited,Pune,Maharashtra,2023-08-09 00:00:00,LJDU7390595746498,INACTIVE,1643.97
MCH5079,Ramaswamy-Trivedi,5311,Department Stores,Private Limited,Bengaluru,Karnataka,2024-07-01 00:00:00,MSIB5848944508855,ON_HOLD,549.02
MCH1229,"Sen, Dewan And Tripathi",5942,Books & Stationery,Private Limited,Amritsar,Punjab,2025-02-19 00:00:00,JECT9983029325791,ACTIVE,2028.74
MCH6990,Apte-Choudhary,4131,Transportation,Partnership,Bengaluru,Karnataka,2023-05-05 00:00:00,,ACTIVE,3342.47
MCH3913,Tank-Pathak,5311,Department Stores,Individual,Jalandhar,Punjab,,,ACTIVE,2215.86
MCH7469,Dua Llc,5812,Restaurants & Dining,Sole Proprietorship,Pune,Maharashtra,,0464385224,INACTIVE,1848.0
MCH1787,Johal And Sons,5942,Books & Stationery,Sole Proprietorship,Chennai,Tamil Nadu,2024-04-09 00:00:00,8096098187,ACTIVE,1495.88
MCH6815,"Borra, Talwar And Jha",4814,Telecommunication Services,Partnership,Jalandhar,Punjab,,0561076238,ACTIVE,750.82
MCH7508,Garg-Deo,5942,Books & Stationery,Partnership,Amritsar,Punjab,2024-11-15 00:00:00,XXXX5011,ACTIVE,1956.49
MCH4434,Andra And Sons,5999,Miscellaneous Retail,Private Limited,Ludhiana,Punjab,2025-02-21 00:35:17,,ACTIVE,233.0
MCH7354,"Chatterjee, Sarna And Handa",5699,Apparel & Clothing,Sole Proprietorship,Bengaluru,Karnataka,2023-10-13 16:44:55,,ACTIVE,728.0
MCH2296,Buch Ltd,4131,Transportation,Partnership,Ludhiana,Punjab,2023-06-19 12:35:26,XXXX9780,ACTIVE,8012.35
MCH3552,"Morar, Ahuja And Ravel",5942,Books & Stationery,Sole Proprietorship,Pune,Maharashtra,2024-08-03 00:00:00,4264827743,ACTIVE,8846.0
MCH8288,Kakar-Sood,5311,Department Stores,Private Limited,Bengaluru,Karnataka,2024-05-04 00:00:00,1654192370,ACTIVE,1556.66
MCH5339,"Vaidya, Hari And Mistry",5999,Miscellaneous Retail,Individual,Delhi,Delhi,2024-08-07 00:00:00,5298779846,ACTIVE,514.42
MCH2268,"Verma, Aurora And De",5999,Miscellaneous Retail,Private Limited,Jalandhar,Punjab,,NBDA6083922141930,ACTIVE,995.42
MCH9706,"Mohan, Sahni And Doctor",5699,Apparel & Clothing,Partnership,Lucknow,Uttar Pradesh,2023-10-26 00:00:00,,ACTIVE,
MCH1428,De-Natarajan,4131,Transportation,Individual,Mumbai,Maharashtra,2025-12-30 00:00:00,IPNL0786549644750,ACTIVE,1289.0
MCH5955,"Rana, Mangat And De",4814,Telecommunication Services,Sole Proprietorship,Kolkata,West Bengal,2025-02-05 00:00:00,XXXX7902,ACTIVE,1491.64
MCH6667,Konda-Jain,5912,Pharmacies & Healthcare,Sole Proprietorship,Hyderabad,Telangana,2024-10-16 00:00:00,,ACTIVE,2831.62
MCH2486,"Mohanty, Iyer And Sharma",7011,Hotels & Lodging,Individual,Chennai,Tamil Nadu,2023-10-23 21:00:00,FCPB2927426048520,ACTIVE,2266.0
MCH7387,Lad-Comar,5812,Restaurants & Dining,Sole Proprietorship,Jalandhar,Punjab,2025-02-25 03:44:32,DFES3088920437736,ACTIVE,4968.31
MCH7891,Bakshi Plc,5411,Grocery Stores,Individual,Bengaluru,Karnataka,2024-02-03 20:11:00,5025889978,ACTIVE,3419.67
MCH2523,Sarma Inc,5999,Miscellaneous Retail,Individual,Kolkata,West Bengal,2025-09-05 00:00:00,,ACTIVE,2146.62
MCH2612,Vala Ltd,7011,Hotels & Lodging,Sole Proprietorship,Lucknow,Uttar Pradesh,2023-08-11 00:00:00,,ACTIVE,
MCH2473,Lanka Inc,5942,Books & Stationery,Individual,Bengaluru,Karnataka,2025-01-20 01:42:00,7620940119,ACTIVE,1883.19
MCH4778,Wali Llc,4131,Transportation,Private Limited,Lucknow,Uttar Pradesh,2025-01-02 00:00:00,DJNF3001962539740,ACTIVE,1242.33
MCH6857,Barad And Sons,7011,Hotels & Lodging,Partnership,Jalandhar,Punjab,2025-09-24 12:38:27,8351493566,ACTIVE,2452.63
MCH6930,Dhingra Plc,4131,Transportation,Sole Proprietorship,Kolkata,West Bengal,2025-12-26 00:00:00,0573344250,ACTIVE,
MCH5422,Sawhney Llc,5699,Apparel & Clothing,Sole Proprietorship,Kolkata,West Bengal,2024-08-08 00:00:00,MLTB5743748396701,ACTIVE,866.35
MCH4312,Dada-Hari,5699,Apparel & Clothing,Sole Proprietorship,Ldh,Punjab,2024-02-17 00:00:00,XXXX5151,ACTIVE,2174.33
MCH1969,Gole Llc,4131,Transportation,Private Limited,Chennai,Tamil Nadu,,URWV6656600871469,ACTIVE,6707.89
MCH6004,Raval And Sons,5812,Restaurants & Dining,Partnership,Bengaluru,Karnataka,2025-10-20 12:33:00,,ACTIVE,477.72
MCH7446,"Sami, Narayan And Roy",5942,Books & Stationery,Partnership,Ludhiana,Punjab,2023-02-08 00:00:00,,INACTIVE,6191.17
MCH5809,Virk-Peri,5942,Books & Stationery,Individual,Jaipur,Rajasthan,2023-07-25 09:05:00,7094756781,INACTIVE,1513.53
MCH5298,Keer And Sons,5999,Miscellaneous Retail,Partnership,Bengaluru,Karnataka,,,INACTIVE,600.45
MCH6285,Kumer-Mane,7011,Hotels & Lodging,Private Limited,Bengaluru,Karnataka,2024-10-01 00:00:00,,ACTIVE,567.98
MCH4610,"Barad,Chandaandrana",5942,Books & Stationery,Private Limited,Hyderabad,Telangana,2024-12-23 00:00:00,3247180851,ACTIVE,2989.03
MCH3156,"Bal, Deo And Kala",5999,Miscellaneous Retail,Partnership,Lucknow,Uttar Pradesh,,8908434715,ACTIVE,2486.0
MCH3988,Barad-Bawa,7011,Hotels & Lodging,Individual,Amritsar,Punjab,2023-11-20 00:00:00,XXXX1285,ACTIVE,602.31
MCH3044,Gupta Plc,5942,Books & Stationery,Sole Proprietorship,Bengaluru,Karnataka,2023-04-27 00:00:00,,INACTIVE,582.54
MCH7623,Pandya Llc,5942,Books & Stationery,Partnership,Mumbai,Maharashtra,2026-01-23 00:00:00,XXXX7491,ACTIVE,701.06
MCH2378,"Rau, Pradhan And Bansa1",5411,Grocery Stores,Individual,Lucknow,Uttar Pradesh,2024-02-09 01:00:15,8007526864,ACTIVE,6158.0
MCH5720,Karnik Group,5942,Books & Stationery,Partnership,Amritsar,Punjab,2023-10-28 00:00:00,9007561693,ACTIVE,6186.34
MCH2647,Saha Inc,5999,Miscellaneous Retail,Private Limited,Lucknow,Uttar Pradesh,2023-04-06 00:00:00,,ACTIVE,1551.4
MCH5320,Ramaswamy-Sarma,4814,Telecommunication Services,Sole Proprietorship,Hyderabad,Telangana,2025-11-02 02:58:00,9234288178,ACTIVE,750.06
MCH7436,Mane-Trivedi,5912,Pharmacies & Healthcare,Individual,Bengaluru,Karnataka,2024-09-14 00:00:00,,ACTIVE,1384.27
MCH3077,Warrior Ltd,4131,Transportation,Partnership,Kolkata,West Bengal,2023-04-02 00:00:00,,ACTIVE,1448.69
MCH8025,"Karnik, Hayer And Khalsa",4814,Telecommunication Services,Partnership,Lucknow,Uttar Pradesh,2023-08-14 14:32:00,4642162943,ACTIVE,1781.41
MCH2422,Sampath-Balasubramanian,4814,Telecommunication Services,Private Limited,Bengaluru,Karnataka,2025-06-25 00:00:00,7967511719,ACTIVE,2352.58
MCH4526,"Mittal, Saha And Puri",5699,Apparel & Clothing,Sole Proprietorship,Bengaluru,Karnataka,2025-06-19 00:00:00,,ACTIVE,893.38
MCH1664,Karan Ltd,4131,Transportation,Partnership,Chennai,Tamil Nadu,2025-02-06 00:00:00,XXXX0248,ACTIVE,
MCH7248,Rajagopalan Group,7011,Hotels & Lodging,Partnership,Hyderabad,Telangana,2024-05-22 00:00:00,,ACTIVE,859.24
MCH5001,Narayan Llc,5812,Restaurants & Dining,Partnership,Poona,Maharashtra,2023-06-17 00:00:00,JVBH8016822587770,ACTIVE,1893.51
MCH9801,"Manda, Bansal And Devan",5812,Restaurants & Dining,Partnership,Pune,Maharashtra,2025-12-09 00:49:00,XXXX9062,SUSPENDED,1106.68
MCH2353,Sood-Vasa,5411,Grocery Stores,Sole Proprietorship,Mumbai,Maharashtra,2026-01-24 05:19:00,,ACTIVE,2728.11
MCH9289,Baria-Nagy,5999,Miscellaneous Retail,Sole Proprietorship,Chennai,Tamil Nadu,,,ACTIVE,620.71
MCH1041,Pat1A-S0M,5699,Apparel & Clothing,Private Limited,Kolkata,West Bengal,2024-04-21 00:00:00,,ACTIVE,3701.53
MCH4914,Bora Inc,5311,Department Stores,Sole Proprietorship,Jaipur,Rajasthan,2024-05-12 00:00:00,,ACTIVE,4227.85
MCH3211,"Mani, Hora And Hayer",5912,Pharmacies & Healthcare,Private Limited,Bengaluru,Karnataka,2026-01-31 00:00:00,SYDI3812560844687,ACTIVE,3678.27
MCH9408,Arya-Vig,4131,Transportation,Individual,Bengaluru,Karnataka,2023-12-24 00:00:00,6291585633,ACTIVE,784.44
MCH2152,"Choudhry, Chauhan And Dayal",5942,Books & Stationery,Private Limited,Poona,Maharashtra,2025-11-28 17:27:17,6428134605,ACTIVE,1507.67
MCH4534,Bumb-Ganguly,5699,Apparel & Clothing,Partnership,Chennai,Tamil Nadu,2025-11-12 19:14:58,YNBM1819285405206,ACTIVE,1225.88
MCH6744,Grewal Inc,5999,Miscellaneous Retail,Private Limited,Hyderabad,Telangana,2023-12-01 00:00:00,,ACTIVE,1886.71
MCH8271,Konda-Bawa,5699,Apparel & Clothing,Sole Proprietorship,Chennai,Tamil Nadu,2023-10-05 00:57:38,WSNV9244788716456,ACTIVE,1087.99
MCH9111,"Dhar, Thaker And Madan",5999,Miscellaneous Retail,Private Limited,Kolkata,West Bengal,2024-08-11 00:00:00,IKTX4120845617487,ACTIVE,1785.1
MCH3335,Choudhary Ltd,5699,Apparel & Clothing,Partnership,Lucknow,Uttar Pradesh,2025-11-08 00:00:00,,ACTIVE,413.6
MCH4843,Dugar-Master,5912,Pharmacies & Healthcare,Sole Proprietorship,Hyderabad,Telangana,2024-05-18 00:00:00,4521971795,ACTIVE,1023.41
MCH3920,Sharmallc,5942,Books & Stationery,Private Limited,Lucknow,Uttar Pradesh,2024-06-23 21:51:00,1753085069,SUSPENDED,1885.7
MCH8575,"Doctor, Merchant And Bhatti",4814,Telecommunication Services,Partnership,Kolkata,West Bengal,2024-04-18 00:00:00,,ACTIVE,2693.45
MCH1118,Chokshiinc,4131,Transportation,Partnership,Jalandhar,Punjab,2025-07-26 00:00:00,XXXX1304,ACTIVE,590.75
MCH7871,"Mital, Palla And Saraf",5699,Apparel & Clothing,Sole Proprietorship,Hyderabad,Telangana,2026-02-17 14:36:44,QSZR3521803060698,ACTIVE,2352.21
MCH4626,"Lalla, Handa And Ahuja",5999,Miscellaneous Retail,Private Limited,Bengaluru,Karnataka,2023-07-31 00:00:00,,ACTIVE,1497.15
MCH1018,Kannan-Khatri,5311,Department Stores,Individual,Jalandhar,Punjab,2023-03-19 00:00:00,,ACTIVE,1791.0
MCH5983,"Morar, Memon And Kala",5311,Department Stores,Sole Proprietorship,Pune,Maharashtra,2025-05-06 09:44:28,4976019828,ACTIVE,306.11
MCH4695,Patel-Halder,5812,Restaurants & Dining,Sole Proprietorship,Pune,Maharashtra,2026-02-11 16:57:07,,ACTIVE,652.55
MCH2513,Bhallainc,5699,Apparel & Clothing,Partnership,Amritsar,Punjab,2023-11-09 00:00:00,6553818868,ACTIVE,5544.37
MCH4846,Arora-Raghavan,5999,Miscellaneous Retail,Private Limited,Jaipur,Rajasthan,2025-09-12 15:21:55,XXXX5049,ACTIVE,1546.33
MCH4886,Mangat-Gh0Se,5999,Miscellaneous Retail,Sole Proprietorship,Poona,Maharashtra,2023-11-03 00:00:00,8646245603,ACTIVE,551.0
MCH5580,Chatterjee-Andra,4131,Transportation,Private Limited,Lucknow,Uttar Pradesh,2026-01-01 00:00:00,2440958731,ACTIVE,512.38
MCH4870,Rana Inc,4814,Telecommunication Services,Individual,Amritsar,Punjab,2024-12-07 12:35:00,,SUSPENDED,1127.0
MCH8891,"Natt,Maneandpau",4814,Telecommunication Services,Private Limited,Mumbai,Maharashtra,2025-03-13 09:17:17,6087577130,ACTIVE,1140.0
MCH7156,Lata-Som,5812,Restaurants & Dining,Private Limited,Bengaluru,Karnataka,2023-02-24 00:00:00,,ACTIVE,739.29
MCH4749,Sane-Kota,7011,Hotels & Lodging,Partnership,Ludhiana,Punjab,2025-08-28 00:00:00,XXXX8682,ACTIVE,2066.82
MCH9756,"Dugal, Virk And Dhaliwal",4131,Transportation,Partnership,Jalandhar,Punjab,2023-01-01 08:25:47,SZBM8211536669889,ACTIVE,494.0
MCH2568,"Dhaliwal, Bhat And Sarin",5411,Grocery Stores,Partnership,Mumbai,Maharashtra,2023-04-28 00:00:00,3925852137,ACTIVE,803.0
MCH8418,Jaggi Inc,7011,Hotels & Lodging,Individual,Pune,Maharashtra,2023-01-12 00:00:00,5753448100,INACTIVE,1654.02
MCH7357,Varkey Llc,7011,Hotels & Lodging,Private Limited,Kolkata,West Bengal,2025-08-05 00:00:00,,ACTIVE,665.88
MCH9232,Ahuja-Chaudhry,4131,Transportation,Individual,Hyderabad,Telangana,2023-04-20 00:00:00,XXXX7963,ACTIVE,361.11
MCH9690,Bai1-Sarin,7011,Hotels & Lodging,Partnership,Amritsar,Punjab,2025-11-04 17:06:00,XXXX0228,ACTIVE,3320.22
MCH4874,"Chanda, Bahl And Kohli",5699,Apparel & Clothing,Sole Proprietorship,Mumbai,Maharashtra,2024-12-02 00:00:00,,ACTIVE,709.03
MCH7203,Sani-Memon,5999,Miscellaneous Retail,Sole Proprietorship,Amritsar,Punjab,2023-03-25 00:00:00,OFZD1453201567778,ACTIVE,205.09
MCH2421,Chanda Plc,4131,Transportation,Partnership,Lucknow,Uttar Pradesh,2023-11-10 20:31:00,VAVC3668026777539,ACTIVE,146.0
MCH7216,Pillai And Sons,4814,Telecommunication Services,Individual,Amritsar,Punjab,2025-12-02 23:50:00,,ACTIVE,356.0
MCH3498,Agate And Sons,4814,Telecommunication Services,Individual,Chennai,Tamil Nadu,,,ACTIVE,1499.04
MCH4052,Bal-Choudhary,5812,Restaurants & Dining,Partnership,Jalandhar,Punjab,,XXXX5480,ACTIVE,2217.99
MCH1569,"Bal, Wali And Sheth",4814,Telecommunication Services,Private Limited,Chennai,Tamil Nadu,2025-10-11 00:00:00,XXXX9971,ACTIVE,1678.57
MCH9654,Saini-Bath,5942,Books & Stationery,Private Limited,Ludhiana,Punjab,2024-10-11 00:00:00,XXXX5605,ACTIVE,2570.91
MCH3445,"Madan, Naidu And Andra",7011,Hotels & Lodging,Private Limited,Jaipur,Rajasthan,2023-07-09 00:00:00,2270103966,ACTIVE,983.3
MCH9474,"Bajwa, Bhandari And Parmar",5912,Pharmacies & Healthcare,Sole Proprietorship,Kolkata,West Bengal,2024-03-16 19:46:00,0765979563,ACTIVE,1464.0
MCH5598,"Thakur, Verma And Venkataraman",5912,Pharmacies & Healthcare,Individual,Jalandhar,Punjab,2023-09-13 00:00:00,,ACTIVE,2948.79
MCH7856,"Sood, Dalal And Butala",7011,Hotels & Lodging,Private Limited,Delhi,Delhi,2025-06-11 15:54:00,1705220103,ACTIVE,2048.0
MCH8610,Pandey And Sons,5999,Miscellaneous Retail,Sole Proprietorship,Bengaluru,Karnataka,,LZLP7648523257090,ACTIVE,1014.0
MCH1318,Gupta Llc,4814,Telecommunication Services,Private Limited,Jaipur,Rajasthan,,0618978505,ACTIVE,
MCH7340,Devi And Sons,5699,Apparel & Clothing,Partnership,Kolkata,West Bengal,2024-01-09 00:00:00,1367853568,ACTIVE,1101.37
MCH3191,Dhawan-Warrior,4131,Transportation,Sole Proprietorship,Hyderabad,Telangana,2024-09-12 01:09:18,,ACTIVE,1885.9
MCH1132,Cheema Inc,5999,Miscellaneous Retail,Sole Proprietorship,Ludhiana,Punjab,2023-09-10 00:00:00,3299217122,ACTIVE,
MCH1657,"Kaur, Sandhu And Shanker",5699,Apparel & Clothing,Private Limited,Mumbai,Maharashtra,2025-01-14 15:44:00,,ACTIVE,1224.96
MCH2969,Randhawa-Karnik,7011,Hotels & Lodging,Sole Proprietorship,Bengaluru,Karnataka,2023-07-27 00:00:00,,ACTIVE,310.59
MCH9340,Mallick-Konda,5999,Miscellaneous Retail,Individual,Bengaluru,Karnataka,2025-01-24 13:55:00,,INACTIVE,1550.33
MCH1163,"Gour, Comar And Palan",4814,Telecommunication Services,Partnership,Ldh,Punjab,2025-10-25 00:00:00,BYWD2962302915002,INACTIVE,5449.73
MCH4290,Konda-Memon,5311,Department Stores,Private Limited,Delhi,Delhi,2024-11-08 22:16:00,,INACTIVE,3295.4
MCH8733,"Dhillon, Goel And Dar",4814,Telecommunication Services,Sole Proprietorship,Kolkata,West Bengal,2024-03-27 19:48:14,XXXX9551,ACTIVE,2966.16
MCH5203,"Goel, Mishra And Ram",4814,Telecommunication Services,Sole Proprietorship,Bengaluru,Karnataka,2023-04-28 00:00:00,,ACTIVE,3326.82
MCH1982,"Behl, Jayaraman And Divan",5699,Apparel & Clothing,Sole Proprietorship,Mumbai,Maharashtra,2025-09-10 00:00:00,,ACTIVE,298.94
MCH6851,Chaudhary And S0Ns,4131,Transportation,Individual,Kolkata,West Bengal,2023-04-03 00:00:00,XXXX0557,ACTIVE,4509.31
MCH7539,"Kalita, Din And Ganesh",5311,Department Stores,Private Limited,Chennai,Tamil Nadu,2024-01-05 01:38:27,5865236657,ACTIVE,
MCH9014,Konda-Ram,4814,Telecommunication Services,Sole Proprietorship,Ldh,Punjab,2025-08-15 00:00:00,,ACTIVE,485.94
MCH4450,Zachariah-Batra,5311,Department Stores,Sole Proprietorship,Amritsar,Punjab,2023-09-17 15:10:46,,ACTIVE,1045.82
MCH3481,"Raja, Brar And Nagar",5411,Grocery Stores,Private Limited,Delhi,Delhi,2023-03-13 00:00:00,XXXX8620,ACTIVE,1791.83
MCH3990,Dey-Chaudhari,5912,Pharmacies & Healthcare,Individual,Chennai,Tamil Nadu,2025-03-14 00:00:00,IPYG2797181414167,ACTIVE,1780.37
MCH3778,Karnik Inc,5912,Pharmacies & Healthcare,Sole Proprietorship,Jaipur,Rajasthan,,2560479060,INACTIVE,1211.0
MCH9345,Mahal Inc,4814,Telecommunication Services,Private Limited,Amritsar,Punjab,2025-11-30 00:00:00,5557853955,ACTIVE,4834.52
MCH6190,Pal Ltd,5699,Apparel & Clothing,Private Limited,Ludhiana,Punjab,2023-03-01 00:00:00,,ACTIVE,376.59
MCH8540,Tiwari Ltd,5999,Miscellaneous Retail,Sole Proprietorship,Jaipur,Rajasthan,2024-06-27 07:54:00,,ACTIVE,
MCH9571,Buch Inc,5812,Restaurants & Dining,Individual,Hyderabad,Telangana,,DKEU4746665718428,ACTIVE,1270.83
MCH9158,"Sachdeva, Va1A And Bedi",5812,Restaurants & Dining,Sole Proprietorship,Lucknow,Uttar Pradesh,,8244922873,INACTIVE,6181.65
MCH4359,Mistry-Parekh,5912,Pharmacies & Healthcare,Private Limited,Mumbai,Maharashtra,2023-10-06 16:16:00,YQCO7150849658211,SUSPENDED,684.0
MCH8049,Balan-Shah,5699,Apparel & Clothing,Private Limited,Lucknow,Uttar Pradesh,2024-04-09 00:00:00,,ACTIVE,
MCH2129,Bhavsar-De,5912,Pharmacies & Healthcare,Sole Proprietorship,Hyderabad,Telangana,,2500999511,ACTIVE,4898.0
MCH7205,Dara Plc,5912,Pharmacies & Healthcare,Sole Proprietorship,Ludhiana,Punjab,2023-09-26 00:00:00,,ACTIVE,1778.94
MCH5929,Chaudry-Pal,7011,Hotels & Lodging,Private Limited,Chennai,Tamil Nadu,2024-11-12 00:00:00,RXEM4030982599966,ACTIVE,705.57
MCH2064,Date And Sons,5812,Restaurants & Dining,Private Limited,Delhi,Delhi,2025-05-08 00:00:00,,ACTIVE,1715.0
MCH1462,Swamy Inc,5912,Pharmacies & Healthcare,Private Limited,Jalandhar,Punjab,2023-09-13 00:00:00,CPHK2049802773880,INACTIVE,1411.0
MCH2067,"Barad, Rai And Kapur",5411,Grocery Stores,Private Limited,Jaipur,Rajasthan,2023-03-04 00:00:00,5177364796,ACTIVE,999.18
MCH2632,Agate-Gandhi,5311,Department Stores,Partnership,Chennai,Tamil Nadu,2026-01-14 00:00:00,ZCSO2053232739383,ACTIVE,243.56
MCH9905,Pate1-S00D,7011,Hotels & Lodging,Sole Proprietorship,Jaipur,Rajasthan,2025-11-21 00:00:00,ZWIP5852637363100,ACTIVE,
MCH2037,Kadakia Llc,5411,Grocery Stores,Partnership,Delhi,Delhi,2024-10-13 00:00:00,ZTLJ8328872113925,ACTIVE,426.54
MCH5355,"Sundaram, Gara And Bajwa",5812,Restaurants & Dining,Sole Proprietorship,Kolkata,West Bengal,2023-08-03 00:00:00,,ACTIVE,3350.71
MCH1185,"Buch, Barad And Toor",5999,Miscellaneous Retail,Partnership,Jalandhar,Punjab,2024-06-16 00:00:00,6769671490,ACTIVE,2955.34
MCH7817,Lata Plc,5812,Restaurants & Dining,Private Limited,Chennai,Tamil Nadu,2025-07-27 00:00:00,,INACTIVE,3090.66
MCH2806,Jhaveri-Babu,7011,Hotels & Lodging,Sole Proprietorship,Lucknow,Uttar Pradesh,2023-09-15 11:54:30,XXXX2533,INACTIVE,1939.0
MCH1884,Nagi Llc,4131,Transportation,Private Limited,Bengaluru,Karnataka,2025-01-08 00:00:00,ROSD8740992299086,ACTIVE,628.95
MCH3754,Dugal-Chawla,5812,Restaurants & Dining,Partnership,Kolkata,West Bengal,2025-01-18 00:00:00,MIWY6996336112119,ACTIVE,581.93
MCH3029,Hegde-Sood,5699,Apparel & Clothing,Partnership,Ldh,Punjab,2023-11-30 03:01:00,TXOB9117990620646,ACTIVE,669.4
MCH9249,"Aggarwal, Agarwal And Naidu",5699,Apparel & Clothing,Partnership,Chennai,Tamil Nadu,2025-12-23 00:00:00,XXXX8648,ACTIVE,3533.14
MCH1767,Bhatnagar-Ka1A,4814,Telecommunication Services,Individual,Jalandhar,Punjab,,2537411732,ACTIVE,314.16
MCH1482,"Bahri,Sarinandhora",5999,Miscellaneous Retail,Partnership,Hyderabad,Telangana,2024-01-26 00:00:00,2731738944,ON_HOLD,1651.0
MCH8328,Raman-Dass,5411,Grocery Stores,Partnership,Jalandhar,Punjab,2024-09-29 00:00:00,,ACTIVE,2484.83
MCH6345,Mani Group,5999,Miscellaneous Retail,Partnership,Ludhiana,Punjab,,,ACTIVE,1339.21
MCH2522,Singhal-Chana,5999,Miscellaneous Retail,Partnership,Ludhiana,Punjab,2023-12-05 00:00:00,,INACTIVE,
MCH1838,Sarraf-Bhakta,5999,Miscellaneous Retail,Partnership,Bengaluru,Karnataka,2023-04-20 03:12:53,XXXX3450,ACTIVE,584.0
MCH6700,Ravi Ltd,4814,Telecommunication Services,Partnership,Pune,Maharashtra,,,ACTIVE,219.11
MCH3231,Gokhale Group,5411,Grocery Stores,Individual,Jalandhar,Punjab,,,ACTIVE,205.0
MCH9537,Mahal Group,5999,Miscellaneous Retail,Private Limited,Jalandhar,Punjab,2023-05-13 00:00:00,,ACTIVE,777.57
MCH9484,"Bail, Sen And Bava",5912,Pharmacies & Healthcare,Sole Proprietorship,Jalandhar,Punjab,2024-11-30 00:00:00,,ACTIVE,1401.0
MCH1086,Agrawal-Sule,5699,Apparel & Clothing,Individual,Ludhiana,Punjab,2023-11-13 00:00:00,,ACTIVE,1355.59
MCH8634,Palla-Brar,5912,Pharmacies & Healthcare,Partnership,Jalandhar,Punjab,2023-06-13 00:00:00,FVKP3398609583042,ACTIVE,843.2
MCH5274,Thakur And Sons,4814,Telecommunication Services,Sole Proprietorship,Chennai,Tamil Nadu,2025-04-21 09:59:18,,ACTIVE,983.36
MCH3234,Lad Inc,4814,Telecommunication Services,Individual,Kolkata,West Bengal,2024-02-21 00:00:00,LTGH4419649542857,ACTIVE,9763.29
MCH1656,Dhar Plc,5311,Department Stores,Partnership,Amritsar,Punjab,2025-05-29 22:52:00,OTBM8790953463908,ACTIVE,2992.0
MCH8074,Prakash-Bera,4814,Telecommunication Services,Individual,Jalandhar,Punjab,2024-04-12 00:00:00,2437188894,ACTIVE,439.79
MCH3677,Choudhury-Radhakrishnan,7011,Hotels & Lodging,Partnership,Jalandhar,Punjab,2025-01-29 00:00:00,,ACTIVE,226.71
MCH2646,Parsa-Gole,5999,Miscellaneous Retail,Private Limited,Hyderabad,Telangana,2025-12-18 03:23:00,JJBK8920317843679,ACTIVE,450.19
MCH9367,Luthra And Sons,5942,Books & Stationery,Private Limited,Amritsar,Punjab,2023-05-31 17:55:00,,ACTIVE,1752.0
MCH6002,Bal Group,5912,Pharmacies & Healthcare,Partnership,Delhi,Delhi,2025-05-14 00:00:00,,ACTIVE,718.0
MCH9187,Mane And Sons,5812,Restaurants & Dining,Individual,Hyderabad,Telangana,2025-12-18 00:00:00,,ACTIVE,508.01
MCH3084,Mani-Chowdhury,5699,Apparel & Clothing,Partnership,Hyderabad,Telangana,2023-09-27 01:37:00,,ACTIVE,1594.62
MCH6562,Kant Inc,7011,Hotels & Lodging,Sole Proprietorship,Chennai,Tamil Nadu,2024-10-14 00:00:00,XXXX2723,ACTIVE,2590.35
MCH9877,Borra And Sons,4814,Telecommunication Services,Individual,Bengaluru,Karnataka,2023-04-12 21:37:32,YYFP6378402221168,ACTIVE,416.84
MCH6623,Kakar And Sons,5912,Pharmacies & Healthcare,Individual,Poona,Maharashtra,,8474818927,ACTIVE,1424.35
MCH1188,M0Rar Ltd,5912,Pharmacies & Healthcare,Individual,Hyderabad,Telangana,2024-02-19 00:00:00,3674511273,ACTIVE,1156.7
MCH7769,"Atwal, Loke And Prasad",4814,Telecommunication Services,Partnership,Mumbai,Maharashtra,2024-07-21 00:00:00,,ACTIVE,232.38
MCH8850,"Sachdev, Nayar And Arora",5411,Grocery Stores,Partnership,Ludhiana,Punjab,2025-04-07 03:43:08,,SUSPENDED,
MCH9052,Ramaswamy-Chhabra,5942,Books & Stationery,Partnership,Mumbai,Maharashtra,2024-10-11 00:00:00,,ACTIVE,534.11
MCH6602,Thakkar Ltd,4131,Transportation,Partnership,Mumbay,Maharashtra,2023-01-03 08:43:35,XXXX6968,ACTIVE,483.25
MCH9944,"Parikh, Mutti And Saha",4131,Transportation,Partnership,Jalandhar,Punjab,2025-08-03 12:22:46,YTTI1528625741410,ACTIVE,1826.64
MCH2368,Chadha-Barman,5912,Pharmacies & Healthcare,Individual,Jalandhar,Punjab,2025-11-27 00:00:00,7857705450,SUSPENDED,3326.29
MCH3229,Keer-Kale,5912,Pharmacies & Healthcare,Sole Proprietorship,Mumbay,Maharashtra,2024-02-28 21:40:00,UDDZ7214972649948,ACTIVE,276.23
MCH2980,Mander And Sons,5411,Grocery Stores,Sole Proprietorship,Kolkata,West Bengal,2023-04-03 00:00:00,,ACTIVE,1129.72
MCH5673,Palan-Memon,4131,Transportation,Sole Proprietorship,Delhi,Delhi,2023-09-16 00:00:00,5428187851,ACTIVE,414.92
MCH6615,Pillay Group,5942,Books & Stationery,Individual,Hyderabad,Telangana,2025-09-12 23:50:08,3204013146,SUSPENDED,785.64
MCH5391,Nagi-Pandya,5411,Grocery Stores,Partnership,Kolkata,West Bengal,2025-12-24 00:00:00,,SUSPENDED,1471.0
MCH8170,"Dyal, Chadha And Shenoy",4814,Telecommunication Services,Partnership,Hyderabad,Telangana,2024-12-15 00:00:00,4344277649,ACTIVE,589.07
MCH4622,Toor-Rajan,7011,Hotels & Lodging,Private Limited,Ldh,Punjab,2024-06-20 14:20:00,,ACTIVE,2524.16
MCH8262,Sanghvi Ltd,5411,Grocery Stores,Sole Proprietorship,Bengaluru,Karnataka,2024-06-10 00:00:00,,ACTIVE,4676.0
MCH8149,"Chandran, Mander And Parmar",5812,Restaurants & Dining,Partnership,Kolkata,West Bengal,,,ACTIVE,1378.0
MCH4484,"Mukherjee, Tella And Malhotra",5812,Restaurants & Dining,Partnership,Bengaluru,Karnataka,2025-02-10 05:38:00,8422535984,ACTIVE,2091.93
MCH9164,Mital And Sons,5699,Apparel & Clothing,Private Limited,Delhi,Delhi,2025-08-12 00:00:00,,ACTIVE,4681.79
MCH7906,"Ganesan, Gopal And Ratta",5912,Pharmacies & Healthcare,Individual,Jaipur,Rajasthan,2023-08-04 00:00:00,6930056996,ACTIVE,733.85
MCH4081,Srinivasan-Bahri,4814,Telecommunication Services,Sole Proprietorship,Delhi,Delhi,2025-06-07 00:00:00,,ACTIVE,2928.84
MCH7302,Murthy And Sons,5411,Grocery Stores,Partnership,Bengaluru,Karnataka,2025-01-23 00:00:00,,ACTIVE,3381.11
MCH1906,"Taneja, Mahajan And Sarna",5311,Department Stores,Individual,Bengaluru,Karnataka,2026-01-16 00:00:00,ZMCC2986180199571,INACTIVE,2772.0
MCH4976,Walla And Sons,5942,Books & Stationery,Sole Proprietorship,Bengaluru,Karnataka,2025-10-21 00:00:00,XKET6356016924037,ACTIVE,929.0
MCH4299,Master Plc,5699,Apparel & Clothing,Private Limited,Delhi,Delhi,2023-05-31 00:00:00,XXXX0419,ACTIVE,3539.65
MCH8052,Mangat-Ganesh,4131,Transportation,Sole Proprietorship,Kolkata,West Bengal,2024-01-05 09:32:24,,ACTIVE,527.34
MCH7875,Narasimhan Plc,5411,Grocery Stores,Private Limited,Amritsar,Punjab,2025-01-03 00:00:00,,ACTIVE,585.43
MCH9253,Gole Llc,5699,Apparel & Clothing,Sole Proprietorship,Amritsar,Punjab,2024-05-09 20:29:36,XXXX9261,ACTIVE,1349.23
MCH3410,Mutti Plc,7011,Hotels & Lodging,Sole Proprietorship,Chennai,Tamil Nadu,2023-05-23 00:00:00,5994810528,ACTIVE,4042.64
MCH3435,"Mitter, Chakrabarti And Swaminathan",5812,Restaurants & Dining,Individual,Ludhiana,Punjab,2023-04-23 00:00:00,XXXX3745,ACTIVE,1050.63
MCH1926,"Bail, Bala And Bahl",5942,Books & Stationery,Partnership,Poona,Maharashtra,2024-05-07 00:00:00,,ACTIVE,1485.21
MCH2996,Rege-Khanna,5411,Grocery Stores,Individual,Lucknow,Uttar Pradesh,2023-10-15 00:00:00,,INACTIVE,745.45
MCH2827,Bala-Bhatti,5999,Miscellaneous Retail,Individual,Bengaluru,Karnataka,2024-10-05 20:16:00,5191749246,INACTIVE,381.0
MCH4176,Sani-Bhalla,7011,Hotels & Lodging,Individual,Delhi,Delhi,2024-07-22 00:00:00,XXXX6805,ACTIVE,1216.13
MCH5849,Balakrishnan Ltd,5699,Apparel & Clothing,Private Limited,Lucknow,Uttar Pradesh,2025-06-04 00:00:00,,ACTIVE,6558.56
MCH4034,Tiwari-Lad,5999,Miscellaneous Retail,Individual,Ldh,Punjab,2023-12-13 00:00:00,XXXX6100,SUSPENDED,2041.77
MCH2860,Ahluwalia Ltd,7011,Hotels & Lodging,Private Limited,Bengaluru,Karnataka,2026-01-27 00:00:00,EAAS5526551207941,ACTIVE,250.0
MCH3993,Vaidya Ltd,5999,Miscellaneous Retail,Partnership,Chennai,Tamil Nadu,2023-12-23 03:28:00,YBKO6037061844125,ACTIVE,372.73
MCH5895,Dey Llc,4131,Transportation,Individual,Chennai,Tamil Nadu,2024-08-05 00:00:00,,ACTIVE,693.85
MCH8238,"Lala, Seth And Tak",5699,Apparel & Clothing,Partnership,Jaipur,Rajasthan,2024-07-22 00:00:00,XXXX3627,ACTIVE,952.06
MCH4588,"Gole, Raval And Hans",5812,Restaurants & Dining,Sole Proprietorship,Bengaluru,Karnataka,2025-03-14 00:00:00,2064667231,ACTIVE,1061.34
MCH8289,"Ch0Udhury, Chakrabarti And Kha1Sa",4131,Transportation,Sole Proprietorship,Lucknow,Uttar Pradesh,2023-06-10 00:00:00,1750486763,ACTIVE,954.52
MCH8466,Dani Plc,5999,Miscellaneous Retail,Sole Proprietorship,Lucknow,Uttar Pradesh,2024-11-20 00:00:00,0971517189,ACTIVE,1946.42
MCH6991,Dani Ltd,4131,Transportation,Partnership,Bengaluru,Karnataka,2025-07-16 00:00:00,5759081808,ACTIVE,1831.13
MCH9355,Vig Plc,5912,Pharmacies & Healthcare,Partnership,Jalandhar,Punjab,2024-11-01 00:00:00,KRTG3596169904435,ACTIVE,1697.72
MCH4455,Iyer Llc,5411,Grocery Stores,Individual,Bengaluru,Karnataka,,JMHS4435674556652,ACTIVE,586.02
MCH2641,Varma-Saha,5999,Miscellaneous Retail,Individual,Bengaluru,Karnataka,2024-10-09 00:00:00,,INACTIVE,5621.28
MCH4352,Suri Ltd,5912,Pharmacies & Healthcare,Individual,Lucknow,Uttar Pradesh,2023-08-21 00:00:00,,ACTIVE,2179.96
MCH5260,"Memon, Ben And Sant",5912,Pharmacies & Healthcare,Sole Proprietorship,Jalandhar,Punjab,2024-07-25 00:00:00,XXXX7324,ACTIVE,1467.0
MCH4061,Mody-Vig,5999,Miscellaneous Retail,Individual,Amritsar,Punjab,2024-07-28 06:12:20,,ACTIVE,2007.74
MCH3095,Hans-Shan,5999,Miscellaneous Retail,Partnership,Kolkata,West Bengal,2024-05-28 00:00:00,9222512011,ACTIVE,1208.82
MCH7944,Bassi-Dyal,4131,Transportation,Sole Proprietorship,Kolkata,West Bengal,2025-11-04 00:00:00,YDDT9877099170196,ACTIVE,1227.24
MCH8253,Dutt-Narain,5411,Grocery Stores,Sole Proprietorship,Hyderabad,Telangana,2024-04-15 01:54:00,XXXX4097,ACTIVE,1104.19
MCH1809,Grewal Inc,5311,Department Stores,Private Limited,Bengaluru,Karnataka,2025-10-31 03:18:09,1597132394,ACTIVE,2181.93
MCH7473,"Nair, Ramachandran And Mane",5311,Department Stores,Sole Proprietorship,Hyderabad,Telangana,2023-09-07 00:00:00,3598989275,INACTIVE,418.39
MCH8101,"Jani, Varghese And Barman",5699,Apparel & Clothing,Sole Proprietorship,Delhi,Delhi,,ZAGS9531645948920,INACTIVE,734.89
MCH6254,Murthy Group,4814,Telecommunication Services,Partnership,Amritsar,Punjab,2025-05-07 23:34:00,7655418410,INACTIVE,
MCH7992,Goel Group,4814,Telecommunication Services,Individual,Bengaluru,Karnataka,2023-10-18 00:00:00,UIMY5187810690637,ACTIVE,609.52
MCH5054,"Kara, Mandal And Mitra",5812,Restaurants & Dining,Sole Proprietorship,Kolkata,West Bengal,2024-01-29 00:00:00,,SUSPENDED,5895.31
MCH1040,Chand Plc,5912,Pharmacies & Healthcare,Individual,Pune,Maharashtra,2024-09-08 00:00:00,,ACTIVE,653.92
MCH1104,Chander Llc,4814,Telecommunication Services,Private Limited,Delhi,Delhi,2024-05-09 00:00:00,,ACTIVE,778.62
MCH2387,Dar-Dass,5912,Pharmacies & Healthcare,Partnership,Lucknow,Uttar Pradesh,,,ACTIVE,1022.15
MCH2335,Ganeshltd,5999,Miscellaneous Retail,Private Limited,Poona,Maharashtra,2025-03-03 00:00:00,,ACTIVE,
MCH7580,Dhaliwal-Shankar,4814,Telecommunication Services,Sole Proprietorship,Mumbai,Maharashtra,2023-07-04 00:00:00,XXXX8286,ACTIVE,1155.73
MCH2571,Deep-Chakraborty,5812,Restaurants & Dining,Partnership,Delhi,Delhi,2024-07-31 00:00:00,,SUSPENDED,3828.75
MCH6242,Som Inc,5311,Department Stores,Sole Proprietorship,Jaipur,Rajasthan,2023-06-27 04:59:14,ELTM3518126936690,ACTIVE,1984.97
MCH5242,Mishra-Dua,5311,Department Stores,Individual,Mumbai,Maharashtra,2024-06-08 00:00:00,XXXX0138,ACTIVE,3063.29
MCH3379,Sura Inc,5411,Grocery Stores,Sole Proprietorship,Chennai,Tamil Nadu,2023-11-28 00:00:00,,ACTIVE,851.53
MCH9211,Dubey-Kurian,7011,Hotels & Lodging,Individual,Jalandhar,Punjab,2023-08-01 00:00:00,XXXX5476,ACTIVE,2981.74
MCH2694,Misra Plc,5699,Apparel & Clothing,Individual,Pune,Maharashtra,,,INACTIVE,2669.29
MCH8493,Buch Inc,5912,Pharmacies & Healthcare,Individual,Chennai,Tamil Nadu,2025-01-17 02:45:11,YMCT2319815382495,ACTIVE,2394.24
MCH4456,Krish-Panchal,5411,Grocery Stores,Individual,Lucknow,Uttar Pradesh,2024-11-05 18:33:00,,ACTIVE,1642.08
MCH9559,Randhawa-Mody,5699,Apparel & Clothing,Sole Proprietorship,Amritsar,Punjab,2025-06-08 00:00:00,XXXX2517,INACTIVE,543.84
MCH4318,Nagar And Sons,4131,Transportation,Sole Proprietorship,Lucknow,Uttar Pradesh,2023-12-20 15:21:00,3039905093,ACTIVE,1159.12
MCH1161,"Kuruvilla, Pall And Ravel",5411,Grocery Stores,Private Limited,Jalandhar,Punjab,2023-12-29 00:00:00,,ACTIVE,549.82
MCH8631,Chaudhari-Chhabra,5699,Apparel & Clothing,Sole Proprietorship,Lucknow,Uttar Pradesh,2024-02-17 00:00:00,7902410971,ACTIVE,1011.95
MCH9582,"Aggarwal, Morar And Vohra",4814,Telecommunication Services,Private Limited,Chennai,Tamil Nadu,2026-02-02 00:00:00,1610482956,ACTIVE,2012.0
MCH6617,Buch Group,5699,Apparel & Clothing,Sole Proprietorship,Hyderabad,Telangana,2024-09-01 00:00:00,,ACTIVE,1759.15
MCH9391,Vasa-Mitra,4814,Telecommunication Services,Individual,Jalandhar,Punjab,2024-10-30 00:00:00,XXXX6623,ACTIVE,1456.23
MCH9379,Nazareth And Sons,5999,Miscellaneous Retail,Individual,Kolkata,West Bengal,,XXXX1135,INACTIVE,242.0
MCH2051,Deshpande Plc,5912,Pharmacies & Healthcare,Private Limited,Chennai,Tamil Nadu,2024-10-06 00:00:00,6948597427,ACTIVE,625.93
MCH4507,Bassi-Merchant,5812,Restaurants & Dining,Sole Proprietorship,Chennai,Tamil Nadu,2024-05-30 00:00:00,XXXX7969,ACTIVE,3598.7
MCH9647,"Bhat, Tank And Aurora",7011,Hotels & Lodging,Individual,Kolkata,West Bengal,2024-08-18 00:00:00,8968048918,ACTIVE,5590.39
MCH1082,Oommen Inc,7011,Hotels & Lodging,Partnership,Amritsar,Punjab,,6717543820,ACTIVE,833.19
MCH8506,"Handa, Sahni And Sawhney",4814,Telecommunication Services,Partnership,Hyderabad,Telangana,2026-01-12 00:00:00,,ACTIVE,339.0
MCH3125,Din-Dara,5699,Apparel & Clothing,Partnership,Delhi,Delhi,2025-11-15 00:00:00,NBXZ1237892442741,ACTIVE,3672.47
MCH3092,"Dutta, Vasa And Jayaraman",5999,Miscellaneous Retail,Private Limited,Amritsar,Punjab,,4110907056,ACTIVE,1605.55
MCH8679,Dutt-Goel,4814,Telecommunication Services,Private Limited,Kolkata,West Bengal,2024-08-14 00:00:00,XXXX4631,ACTIVE,423.15
MCH6384,"Rave1, Mane And Madan",5912,Pharmacies & Healthcare,Partnership,Delhi,Delhi,2023-04-26 06:56:00,8497490345,ACTIVE,334.08
MCH8895,Chakraborty-Apte,7011,Hotels & Lodging,Sole Proprietorship,Jalandhar,Punjab,2023-05-04 01:45:30,8501954276,ACTIVE,2412.11
MCH1773,Prakash-Malhotra,5411,Grocery Stores,Individual,Jalandhar,Punjab,,XEKJ5137440988369,ACTIVE,1551.73
MCH6301,"Apte, Vohra And Gade",4814,Telecommunication Services,Partnership,Jalandhar,Punjab,2023-03-30 00:00:00,,ACTIVE,2355.49
MCH6394,Yogiinc,5699,Apparel & Clothing,Private Limited,Kolkata,West Bengal,2023-10-20 00:00:00,,ACTIVE,1717.76
MCH7172,Chandran-Palla,5311,Department Stores,Partnership,Pune,Maharashtra,2025-09-23 00:00:00,XXXX0145,ACTIVE,1177.65
MCH7272,Bansal-Das,5912,Pharmacies & Healthcare,Sole Proprietorship,Ludhiana,Punjab,2023-12-20 21:43:00,XXXX6496,ACTIVE,391.71
MCH5797,Bhatt Ltd,5942,Books & Stationery,Individual,Chennai,Tamil Nadu,,XXXX5629,ACTIVE,1641.0
MCH7664,Datta Ltd,4131,Transportation,Partnership,Kolkata,West Bengal,,XXXX7337,ACTIVE,990.98
MCH4521,Raman Plc,5699,Apparel & Clothing,Private Limited,Hyderabad,Telangana,2023-02-04 12:10:00,,ACTIVE,4397.68
MCH7772,"Chatterjee, Wason And Nadkarni",5311,Department Stores,Partnership,Mumbai,Maharashtra,2026-01-02 19:37:55,XXXX1871,ACTIVE,541.48
MCH1370,Wable Llc,4814,Telecommunication Services,Private Limited,Jalandhar,Punjab,2023-11-19 00:00:00,6802604838,ACTIVE,3898.88
MCH6370,"Dass, Hegde And Viswanathan",5812,Restaurants & Dining,Partnership,Jaipur,Rajasthan,2023-03-24 18:53:14,PUYW3534134349316,ACTIVE,2201.27
MCH8295,Mammen Llc,5999,Miscellaneous Retail,Private Limited,Chennai,Tamil Nadu,2024-11-04 00:00:00,XXXX0713,ACTIVE,1554.58
MCH8958,Verma-Biswas,5699,Apparel & Clothing,Partnership,Amritsar,Punjab,2023-06-03 14:48:00,,ACTIVE,7196.61
MCH4457,"Chanda, Parikh And Hayre",5999,Miscellaneous Retail,Private Limited,Amritsar,Punjab,,,ACTIVE,
MCH1785,Shere-Pall,5311,Department Stores,Sole Proprietorship,Kolkata,West Bengal,2023-05-08 05:22:00,,ACTIVE,2271.85
MCH4357,Som And Sons,5311,Department Stores,Individual,Ldh,Punjab,,XXXX0823,ACTIVE,
MCH8209,Pai-Gokhale,5311,Department Stores,Private Limited,Jaipur,Rajasthan,2023-03-22 21:49:14,,INACTIVE,426.65
MCH8391,Talwar-Bhasin,5699,Apparel & Clothing,Individual,Ludhiana,Punjab,2025-10-21 00:00:00,9793728885,ACTIVE,2052.0
MCH7609,Mitta1 Plc,5912,Pharmacies & Healthcare,Individual,Jalandhar,Punjab,2025-03-10 00:00:00,XXXX5424,ACTIVE,7169.86
MCH7572,"Nori, Kibe And Das",5699,Apparel & Clothing,Sole Proprietorship,Lucknow,Uttar Pradesh,2023-11-28 00:00:00,BLHB3138092170893,ACTIVE,870.0
MCH1493,"Kar, Nath And Koshy",5942,Books & Stationery,Individual,Bengaluru,Karnataka,2023-01-28 00:00:00,XXXX9866,ACTIVE,
MCH5697,"Kapadia, Sharma And Maharaj",5999,Miscellaneous Retail,Partnership,Poona,Maharashtra,2023-08-27 00:00:00,IHYO1132265068472,ACTIVE,4565.23
MCH4072,Singhal-Natarajan,5812,Restaurants & Dining,Sole Proprietorship,Chennai,Tamil Nadu,,XXXX4620,ACTIVE,2593.54
MCH1732,Badal-Chacko,4131,Transportation,Sole Proprietorship,Kolkata,West Bengal,2024-01-02 00:00:00,,ACTIVE,888.6
MCH2610,Chopra-Narayanan,5311,Department Stores,Sole Proprietorship,Delhi,Delhi,2023-05-07 00:00:00,,ACTIVE,1284.93
MCH3898,Wadhwa-Sahni,5699,Apparel & Clothing,Private Limited,Ldh,Punjab,2025-08-05 00:00:00,,ACTIVE,
MCH5939,"Mohan, Varughese And Johal",5411,Grocery Stores,Partnership,Bengaluru,Karnataka,2024-12-20 00:00:00,XXXX0991,ACTIVE,4307.34
MCH9793,Brar Ltd,5699,Apparel & Clothing,Private Limited,Bengaluru,Karnataka,,4222281666,ACTIVE,198.68
MCH8181,Mall-Chatterjee,4131,Transportation,Individual,Amritsar,Punjab,,6803575158,ACTIVE,1624.73
MCH5247,Nagi Ltd,4814,Telecommunication Services,Partnership,Amritsar,Punjab,2025-06-06 00:00:00,,ON_HOLD,632.92
MCH2116,Chaudhari And Sons,5699,Apparel & Clothing,Individual,Jaipur,Rajasthan,2023-02-09 00:00:00,XXXX7517,ACTIVE,947.14
MCH1254,Pant-Muni,4131,Transportation,Partnership,Delhi,Delhi,2023-10-21 00:00:00,,ACTIVE,781.27
MCH8085,Verma-Ramachandran,5942,Books & Stationery,Individual,Pune,Maharashtra,2025-10-22 00:00:00,7310237630,ACTIVE,
MCH1882,Kamdar-Banik,5812,Restaurants & Dining,Partnership,Ludhiana,Punjab,,,INACTIVE,427.5
MCH9679,Raman Ltd,7011,Hotels & Lodging,Sole Proprietorship,Delhi,Delhi,2024-07-09 00:00:00,PIVF1729636161305,INACTIVE,310.73
MCH7519,"Sarkar, Garg And Kumar",4131,Transportation,Partnership,Lucknow,Uttar Pradesh,2025-01-06 00:00:00,6307100507,INACTIVE,771.94
MCH7061,Grover And Sons,7011,Hotels & Lodging,Individual,Jaipur,Rajasthan,2023-06-12 22:13:21,,ACTIVE,462.72
MCH3916,"Parmer, Chakrabarti And Sibal",4131,Transportation,Individual,Jaipur,Rajasthan,2025-01-03 00:00:00,XXXX6443,ACTIVE,794.0
MCH5043,"Chakraborty, Gour And Kothari",4131,Transportation,Private Limited,Kolkata,West Bengal,2025-03-17 00:00:00,ROSR2212738533894,INACTIVE,614.63
MCH1343,"Madan,Trivediandganguly",5699,Apparel & Clothing,Individual,Bengaluru,Karnataka,2025-10-15 00:00:00,QSCH7195613672769,ACTIVE,1927.76
MCH6666,Baral Inc,5699,Apparel & Clothing,Individual,Bengaluru,Karnataka,2025-12-22 00:00:00,DXHD9016941179950,ACTIVE,381.87
MCH1257,Varma-Maharaj,5942,Books & Stationery,Sole Proprietorship,Kolkata,West Bengal,2023-04-15 16:16:00,VIAW9051693811302,ACTIVE,3059.27
MCH8719,Kala Llc,5311,Department Stores,Individual,Kolkata,West Bengal,2025-10-25 00:00:00,,ACTIVE,2779.32
MCH1642,Zacharia-Dhawan,5411,Grocery Stores,Partnership,Kolkata,West Bengal,2023-01-02 04:08:32,XXXX3812,ACTIVE,363.0
MCH4094,Jani-Mistry,5311,Department Stores,Partnership,Amritsar,Punjab,2024-05-06 00:00:00,,ACTIVE,5482.47
MCH5416,Upadhyay Llc,5942,Books & Stationery,Individual,Chennai,Tamil Nadu,2024-07-24 00:00:00,XXXX2133,ACTIVE,
MCH5618,Biswas And Sons,5912,Pharmacies & Healthcare,Partnership,Delhi,Delhi,2024-03-04 21:03:00,XXXX7039,ACTIVE,833.5
MCH3554,"Chowdhury, Mann And Mitter",4131,Transportation,Individual,Jalandhar,Punjab,2025-04-27 19:48:07,XXXX2146,ACTIVE,893.92
MCH8718,Chaudhari-Bhalla,5812,Restaurants & Dining,Individual,Poona,Maharashtra,2024-07-23 04:38:30,,ACTIVE,
MCH9786,"Pai, Thakkar And Krish",5311,Department Stores,Private Limited,Hyderabad,Telangana,,,ACTIVE,1876.06
MCH3011,"Ahluwalia, Contractor And Comar",5311,Department Stores,Sole Proprietorship,Delhi,Delhi,2023-11-30 00:00:00,XXXX1217,INACTIVE,2626.62
MCH3508,Prabhu And Sons,4131,Transportation,Private Limited,Delhi,Delhi,2024-07-26 00:00:00,,ACTIVE,1850.0
MCH5805,Natarajan-Walla,4131,Transportation,Partnership,Ludhiana,Punjab,2025-06-03 12:56:57,XXXX1704,ACTIVE,449.15
MCH3689,"Palla, Gara And Malhotra",5942,Books & Stationery,Partnership,Bengaluru,Karnataka,2025-02-04 00:00:00,JSVI9099789537273,INACTIVE,1319.27
MCH1755,Kulkarni And Sons,4814,Telecommunication Services,Individual,Mumbai,Maharashtra,2025-12-29 00:00:00,9887027328,ACTIVE,1088.47
MCH9696,D’Alia-Bhardwaj,5999,Miscellaneous Retail,Private Limited,Lucknow,Uttar Pradesh,2024-02-17 21:42:16,XXXX0392,ACTIVE,3568.12
MCH2166,Sant-Venkatesh,5912,Pharmacies & Healthcare,Individual,Amritsar,Punjab,2024-09-20 00:00:00,9608426270,ACTIVE,789.14
MCH2938,"Babu, Lata And Zacharia",5411,Grocery Stores,Private Limited,Poona,Maharashtra,2024-09-06 00:00:00,ZZOP9174222804228,ACTIVE,823.9
MCH2220,Tailor And Sons,5311,Department Stores,Sole Proprietorship,Mumbay,Maharashtra,2025-06-23 20:54:27,,ACTIVE,940.64
MCH1885,Mahal Ltd,5999,Miscellaneous Retail,Private Limited,Hyderabad,Telangana,2025-11-07 18:42:57,,ACTIVE,618.0
MCH7904,Kapadia-Pandya,5942,Books & Stationery,Partnership,Chennai,Tamil Nadu,2023-09-20 00:00:00,XXXX8842,ACTIVE,6260.03
MCH2211,Krishnan-Sibal,5942,Books & Stationery,Individual,Bengaluru,Karnataka,2023-05-28 18:32:06,,ACTIVE,1189.37
MCH6410,Dua-Kara,5699,Apparel & Clothing,Individual,Delhi,Delhi,,,ACTIVE,1003.3
MCH7844,Singh-Mane,5411,Grocery Stores,Sole Proprietorship,Ldh,Punjab,2024-10-31 00:00:00,,ACTIVE,1309.0
MCH1424,"Goel, Balay And Dua",7011,Hotels & Lodging,Private Limited,Jalandhar,Punjab,2025-10-19 00:36:54,,ACTIVE,5339.46
MCH2257,Mandal-Sankaran,5311,Department Stores,Individual,Mumbai,Maharashtra,2024-04-18 23:11:42,,ACTIVE,4831.04
MCH3071,Misra-Padmanabhan,5812,Restaurants & Dining,Sole Proprietorship,Ludhiana,Punjab,2024-07-24 08:52:44,IJYT4830685989652,ACTIVE,
MCH5426,"Dora, Sehgal And Choudhury",4131,Transportation,Individual,Delhi,Delhi,2025-11-14 00:00:00,6432706759,ACTIVE,598.49
MCH4443,Sachar-Banik,5942,Books & Stationery,Partnership,Jaipur,Rajasthan,2024-12-06 00:00:00,BADT3910512012474,ACTIVE,2375.86
MCH1585,Khalsa-Kulkarni,5311,Department Stores,Partnership,Delhi,Delhi,2023-05-22 00:00:00,XXXX6587,ACTIVE,3398.13
MCH8632,"Koshy, Suri And Dey",5812,Restaurants & Dining,Individual,Delhi,Delhi,2025-11-14 10:58:44,BRHB3883781562442,ACTIVE,3705.21
MCH4093,Krishnamurthy Plc,7011,Hotels & Lodging,Private Limited,Lucknow,Uttar Pradesh,2024-03-15 00:00:00,XXXX5675,INACTIVE,1291.9
MCH4911,"Nigam, Mahajan And Misra",5411,Grocery Stores,Individual,Bengaluru,Karnataka,2025-06-14 00:00:00,,ACTIVE,689.3
MCH3640,Parikh-Raghavan,7011,Hotels & Lodging,Sole Proprietorship,Hyderabad,Telangana,2023-11-04 22:07:00,0058678829,ACTIVE,400.1
MCH4037,Chaudhuri Llc,5311,Department Stores,Individual,Hyderabad,Telangana,2024-11-23 00:00:00,0677487191,ACTIVE,2168.76
MCH1483,Mohan-Kari,5942,Books & Stationery,Private Limited,Amritsar,Punjab,2026-02-11 00:00:00,XXXX3338,ACTIVE,1901.08
MCH7723,"Pandya, Barman And Biswas",5699,Apparel & Clothing,Private Limited,Ludhiana,Punjab,2025-01-06 01:31:38,MLMI7440738115367,ACTIVE,3268.86
MCH7310,Mander Group,5699,Apparel & Clothing,Partnership,Lucknow,Uttar Pradesh,2025-09-08 05:21:18,WNOZ8918272123966,INACTIVE,1987.96
MCH7007,Sastry-Soni,7011,Hotels & Lodging,Sole Proprietorship,Chennai,Tamil Nadu,2024-01-11 00:00:00,XXXX4092,INACTIVE,649.1
MCH5583,"Sama, Thaman And Bakshi",4814,Telecommunication Services,Individual,Pune,Maharashtra,2023-07-21 01:11:03,XXXX8722,ACTIVE,2696.94
MCH1297,Luthra And Sons,5411,Grocery Stores,Private Limited,Delhi,Delhi,2023-06-12 01:16:32,5942366474,ACTIVE,381.86
MCH5717,"Kuruvilla, Deol And Rama",5942,Books & Stationery,Sole Proprietorship,Jaipur,Rajasthan,2023-05-16 23:01:00,,ACTIVE,8901.44
MCH7010,Kuruvilla-Shanker,5411,Grocery Stores,Sole Proprietorship,Delhi,Delhi,2023-07-22 00:00:00,,SUSPENDED,524.4
MCH6313,Ramanathan Plc,5411,Grocery Stores,Sole Proprietorship,Mumbai,Maharashtra,,THOM0066375833437,ACTIVE,3430.73
MCH5343,Sangha-Pillay,5411,Grocery Stores,Individual,Lucknow,Uttar Pradesh,,4912596257,INACTIVE,1724.67
MCH5167,Bose And Sons,5942,Books & Stationery,Private Limited,Jalandhar,Punjab,2025-08-20 17:50:00,,INACTIVE,1269.25
MCH8005,"Kumar, Ahluwalia And Thaman",4131,Transportation,Sole Proprietorship,Bengaluru,Karnataka,2025-06-30 00:00:00,,ACTIVE,6211.56
MCH2224,Luthra-Nagy,5942,Books & Stationery,Individual,Jaipur,Rajasthan,2025-10-23 00:00:00,HRLX9724386565153,INACTIVE,890.7
MCH2232,Borde-Sule,5311,Department Stores,Partnership,Hyderabad,Telangana,2025-02-24 00:00:00,9040784909,ACTIVE,642.26
MCH6172,Raja Inc,5812,Restaurants & Dining,Sole Proprietorship,Hyderabad,Telangana,2024-11-09 00:00:00,,ACTIVE,1050.0
MCH3275,Sridhar And Sons,5699,Apparel & Clothing,Partnership,Delhi,Delhi,2024-04-15 07:33:51,,ON_HOLD,
MCH6097,Mannan Plc,5812,Restaurants & Dining,Partnership,Lucknow,Uttar Pradesh,2025-02-13 00:39:51,XXXX8307,ACTIVE,258.41
MCH9310,Ganguly-Tella,7011,Hotels & Lodging,Individual,Pune,Maharashtra,2024-03-29 00:00:00,XXXX9831,ACTIVE,482.88
MCH9943,Mukhopadhyay-Kale,5699,Apparel & Clothing,Private Limited,Amritsar,Punjab,2025-11-30 15:51:23,HLRA9462438432419,ACTIVE,2114.46
MCH4406,"Chand, Ahuja And Behl",7011,Hotels & Lodging,Private Limited,Pune,Maharashtra,2023-06-09 00:00:00,,ACTIVE,3629.0
MCH4792,Agrawal-Prabhu,5812,Restaurants & Dining,Sole Proprietorship,Chennai,Tamil Nadu,2025-11-02 16:37:14,,INACTIVE,1844.0
MCH2679,"Barman, Bains And Shan",5912,Pharmacies & Healthcare,Private Limited,Mumbai,Maharashtra,2024-12-25 00:00:00,2613968880,ACTIVE,1334.82
MCH9452,Kapoor-Kara,5999,Miscellaneous Retail,Private Limited,Kolkata,West Bengal,,TTFV4828934746515,INACTIVE,
MCH8873,"Pathak, Bath And Kant",4131,Transportation,Partnership,Pune,Maharashtra,2025-11-06 00:00:00,,ACTIVE,2212.3
MCH8276,"Kakar, Handa And Sachdeva",5812,Restaurants & Dining,Sole Proprietorship,Mumbai,Maharashtra,2025-09-23 00:00:00,XXXX1898,ACTIVE,2410.37
MCH6608,"Puri, Dar And Mann",5411,Grocery Stores,Private Limited,Delhi,Delhi,2024-02-10 07:57:42,,ACTIVE,410.36
MCH8480,Doshi-Sarin,4131,Transportation,Individual,Pune,Maharashtra,2023-07-02 00:00:00,,ACTIVE,1310.85
MCH4640,Choudhary-Joshi,5699,Apparel & Clothing,Partnership,Jaipur,Rajasthan,,GOPL6469934819715,ACTIVE,857.62
MCH3811,"Bhat, Anand And Bakshi",7011,Hotels & Lodging,Individual,Bengaluru,Karnataka,,4680162216,ACTIVE,563.14
MCH3254,"Chanda, Maharaj And Chandra",4131,Transportation,Partnership,Hyderabad,Telangana,2025-11-03 00:00:00,TXWB1746078464859,ACTIVE,1842.04
MCH9008,"Gour, Amble And Bakshi",5411,Grocery Stores,Sole Proprietorship,Amritsar,Punjab,2024-12-18 18:50:53,NUSH9143769186873,ACTIVE,1167.35
MCH1532,Sarna-Kota,5999,Miscellaneous Retail,Private Limited,Delhi,Delhi,2024-10-21 00:00:00,,ACTIVE,4843.68
MCH6104,Keer-Gade,5311,Department Stores,Individual,Kolkata,West Bengal,2023-01-01 20:32:00,DQNV8530720672123,INACTIVE,935.82
MCH1177,"Mistry, Savant And Jha",4131,Transportation,Sole Proprietorship,Amritsar,Punjab,2025-08-29 18:32:00,,ACTIVE,1663.99
MCH9205,Lala Ltd,4131,Transportation,Private Limited,Kolkata,West Bengal,2024-11-26 04:12:00,XXXX6473,SUSPENDED,569.25
MCH7733,Bora Inc,4814,Telecommunication Services,Private Limited,Lucknow,Uttar Pradesh,2024-01-22 00:00:00,XXXX3762,ACTIVE,5028.38
MCH9140,Dugar-Uppal,5411,Grocery Stores,Partnership,Jaipur,Rajasthan,2024-12-06 06:26:10,,ACTIVE,1470.42
MCH2398,Kapur-Dani,5311,Department Stores,Individual,Chennai,Tamil Nadu,2023-09-15 16:58:35,IWCQ2998069556193,ACTIVE,711.05
MCH9126,Anne-Chahal,5411,Grocery Stores,Partnership,Hyderabad,Telangana,2023-03-05 00:00:00,,ACTIVE,
MCH1583,Sarin-More,5812,Restaurants & Dining,Private Limited,Amritsar,Punjab,2023-10-05 00:00:00,1923155303,ACTIVE,1435.48
MCH2283,"Dhawan, Pa11A And Krishnan",7011,Hotels & Lodging,Partnership,Hyderabad,Telangana,,2734680306,ACTIVE,954.74
MCH1269,Shukla Plc,5699,Apparel & Clothing,Individual,Hyderabad,Telangana,2025-03-03 19:00:09,,ACTIVE,1758.28
MCH4881,"Wadhwa, Morar And Kara",5912,Pharmacies & Healthcare,Sole Proprietorship,Jalandhar,Punjab,2023-08-26 00:00:00,XXXX1836,ACTIVE,367.72
MCH6492,Peri Llc,5912,Pharmacies & Healthcare,Individual,Mumbai,Maharashtra,2025-08-20 09:18:03,,ACTIVE,3574.25
MCH6422,"Bhatnagar, Bora And Venkataraman",5912,Pharmacies & Healthcare,Sole Proprietorship,Poona,Maharashtra,2025-11-05 11:45:00,,ACTIVE,1587.75
MCH1210,"Dua, Buch And Kaul",5942,Books & Stationery,Private Limited,Mumbai,Maharashtra,,9379400368,SUSPENDED,1903.0
MCH8801,Bedi Inc,5912,Pharmacies & Healthcare,Sole Proprietorship,Lucknow,Uttar Pradesh,2024-08-11 00:00:00,XXXX1264,ACTIVE,3479.49
MCH5715,"Bansal,Aryaandbhat",5912,Pharmacies & Healthcare,Private Limited,Bengaluru,Karnataka,2025-01-20 00:00:00,,ACTIVE,1290.0
MCH7429,"Sandal, Raja And Gopal",7011,Hotels & Lodging,Sole Proprietorship,Bengaluru,Karnataka,2023-12-15 00:00:00,,ACTIVE,1419.21
MCH2884,Malhotra-Sarin,5942,Books & Stationery,Sole Proprietorship,Pune,Maharashtra,2025-02-27 00:00:00,,ACTIVE,683.54
MCH1098,"Raval, Yadav And Yogi",7011,Hotels & Lodging,Private Limited,Jaipur,Rajasthan,2023-01-12 00:00:00,XXXX3614,ACTIVE,181.0
MCH2267,Bobal And Sons,7011,Hotels & Lodging,Partnership,Delhi,Delhi,2023-03-01 00:00:00,NKYD4958921832559,ACTIVE,2114.71
MCH6560,"Pandit, Jayaraman And Chokshi",4814,Telecommunication Services,Individual,Hyderabad,Telangana,2023-05-29 00:00:00,3945566171,ACTIVE,11930.97
MCH9400,"Dara, Desai And Sethi",5999,Miscellaneous Retail,Partnership,Mumbai,Maharashtra,2025-08-23 00:00:00,,ACTIVE,2120.88
MCH7675,Suresh-Tandon,4131,Transportation,Partnership,Pune,Maharashtra,2025-01-24 00:00:00,,ACTIVE,1022.55
MCH1449,"Chadha, Ramakrishnan And Badami",7011,Hotels & Lodging,Partnership,Hyderabad,Telangana,2023-09-28 15:52:52,,SUSPENDED,1634.83
MCH9277,Pa1-R0Ut,5942,Books & Stationery,Individual,Amritsar,Punjab,2026-02-10 18:58:24,,ACTIVE,963.33
MCH1434,Kale And Sons,5812,Restaurants & Dining,Private Limited,Jalandhar,Punjab,2023-04-25 00:00:00,0258989067,ACTIVE,985.73
MCH7184,Dara Inc,5411,Grocery Stores,Sole Proprietorship,Mumbay,Maharashtra,2023-08-31 00:00:00,,ACTIVE,1095.25
MCH8650,Konda Ltd,5999,Miscellaneous Retail,Sole Proprietorship,Ludhiana,Punjab,2024-05-27 00:00:00,XXXX1884,ACTIVE,578.35
MCH9413,Kala-Sarkar,5912,Pharmacies & Healthcare,Sole Proprietorship,Hyderabad,Telangana,2023-10-25 07:38:39,XXXX4409,ACTIVE,869.76
MCH9516,"Sule, Borra And Rattan",5812,Restaurants & Dining,Partnership,Amritsar,Punjab,2023-01-19 00:01:38,,ACTIVE,397.19
MCH9807,Pillay-Sule,5912,Pharmacies & Healthcare,Partnership,Ldh,Punjab,2024-09-17 00:00:00,,ACTIVE,3555.86
MCH6983,Barman-Chand,5311,Department Stores,Partnership,Delhi,Delhi,2024-10-07 12:44:43,,ACTIVE,3713.18
MCH2416,"Gokhale, Dua And Murty",5411,Grocery Stores,Sole Proprietorship,Delhi,Delhi,2024-09-15 00:00:00,0489469400,ACTIVE,4341.41
MCH9130,Chhabra Llc,5812,Restaurants & Dining,Private Limited,Jalandhar,Punjab,2024-09-12 00:00:00,,ACTIVE,1786.29
MCH2564,Bumb And Sons,7011,Hotels & Lodging,Private Limited,Hyderabad,Telangana,2025-04-18 00:00:00,XXXX0675,ACTIVE,1155.71
MCH7040,Bhasin-Lala,5942,Books & Stationery,Individual,Mumbai,Maharashtra,2025-11-10 00:00:00,FTZP5237157996499,SUSPENDED,2406.66
MCH3760,Das-Ahuja,5812,Restaurants & Dining,Sole Proprietorship,Lucknow,Uttar Pradesh,2023-01-13 00:00:00,QOFI2681256583657,ACTIVE,755.0
MCH7422,Divan-Vaidya,5942,Books & Stationery,Individual,Jaipur,Rajasthan,2024-07-26 13:42:00,7661131218,SUSPENDED,170.31
MCH9001,Sangha-Ravi,5912,Pharmacies & Healthcare,Individual,Bengaluru,Karnataka,2024-10-17 00:00:00,,ACTIVE,242.09
MCH7463,Chaudry-Natarajan,5912,Pharmacies & Healthcare,Partnership,Chennai,Tamil Nadu,2025-05-07 14:13:00,VIFS4477584866493,ACTIVE,
MCH3416,"Rau, Baral And Karan",4814,Telecommunication Services,Private Limited,Ludhiana,Punjab,2024-02-02 00:00:00,,ACTIVE,894.0
MCH3571,"Aurora, Kamdar And Vasa",5411,Grocery Stores,Private Limited,Lucknow,Uttar Pradesh,2023-02-03 00:00:00,,ACTIVE,583.65
MCH1552,Uppal Plc,4131,Transportation,Sole Proprietorship,Hyderabad,Telangana,,,ACTIVE,1136.0
MCH5822,Gandhi-Krish,5311,Department Stores,Sole Proprietorship,Bengaluru,Karnataka,2023-10-02 00:00:00,7874103727,ACTIVE,1268.39
MCH1861,Vora-Balan,5411,Grocery Stores,Sole Proprietorship,Pune,Maharashtra,2025-10-17 00:39:00,MBHV3858162453364,INACTIVE,2646.57
MCH7226,"Peri, Barad And Panchal",5942,Books & Stationery,Sole Proprietorship,Delhi,Delhi,2024-11-30 00:00:00,VDWB1270434840968,ACTIVE,4237.0
MCH9245,Zachariah-Suri,5311,Department Stores,Individual,Jalandhar,Punjab,2023-05-03 00:00:00,ZBKQ5898737738506,ACTIVE,328.18
MCH3488,Sarna-Ramaswamy,5699,Apparel & Clothing,Private Limited,Kolkata,West Bengal,2025-12-10 17:02:29,XXXX7182,ACTIVE,1118.6
MCH4439,Deshpande Ltd,5812,Restaurants & Dining,Partnership,Bengaluru,Karnataka,2025-04-02 00:00:00,XXXX4378,ACTIVE,917.66
MCH8606,Prabhakar Ltd,5942,Books & Stationery,Partnership,Mumbay,Maharashtra,2024-11-25 22:32:00,,ACTIVE,602.72
MCH8057,Kalla Group,5912,Pharmacies & Healthcare,Sole Proprietorship,Mumbai,Maharashtra,2025-08-29 00:00:00,,ACTIVE,437.01
MCH5263,"Narang, Kata And Pillai",5311,Department Stores,Private Limited,Ludhiana,Punjab,2024-12-08 00:00:00,,ACTIVE,
MCH8893,Anand-Dada,5411,Grocery Stores,Private Limited,Delhi,Delhi,2023-02-15 00:00:00,,ACTIVE,598.72
MCH1087,"Mitter, Sawhney And Luthra",7011,Hotels & Lodging,Partnership,Chennai,Tamil Nadu,2025-04-19 00:00:00,,SUSPENDED,2381.71
MCH8169,"Kapur, Prashad And Srinivasan",5999,Miscellaneous Retail,Individual,Jaipur,Rajasthan,2024-11-03 00:00:00,XXXX1277,ACTIVE,1294.0
MCH9022,"Kunda,Dugarandkari",5699,Apparel & Clothing,Individual,Amritsar,Punjab,2026-01-24 00:00:00,,ACTIVE,1439.0
MCH3287,"Dave, Ganesan And Biswas",5311,Department Stores,Individual,Bengaluru,Karnataka,,7925995111,ACTIVE,1007.0
MCH4362,Sura Llc,7011,Hotels & Lodging,Individual,Jaipur,Rajasthan,2023-04-23 00:00:00,2143307806,SUSPENDED,218.0
MCH9060,"Ramaswamy, Singhal And Deep",5999,Miscellaneous Retail,Individual,Mumbai,Maharashtra,2023-01-01 00:00:00,,ACTIVE,1011.0
MCH5890,Apte-Sant,5311,Department Stores,Partnership,Amritsar,Punjab,2026-01-27 00:00:00,BNKX3894227656030,INACTIVE,2687.77
MCH1327,Gandhiplc,5699,Apparel & Clothing,Sole Proprietorship,Lucknow,Uttar Pradesh,2023-11-02 00:00:00,XXXX1458,ACTIVE,902.09
MCH8636,Ghosh-Dash,5942,Books & Stationery,Partnership,Amritsar,Punjab,2023-09-06 09:12:03,8172688665,ACTIVE,3699.41
MCH2418,Majumdar-Hegde,5411,Grocery Stores,Partnership,Pune,Maharashtra,2023-09-06 13:09:00,,ACTIVE,2787.7
MCH4285,Bhatnagar-Atwal,5942,Books & Stationery,Partnership,Jalandhar,Punjab,,,INACTIVE,988.9
MCH5639,"Viswanathan, Gupta And Varghese",7011,Hotels & Lodging,Sole Proprietorship,Mumbai,Maharashtra,2023-09-02 00:00:00,,ACTIVE,2712.0
MCH7048,Manda Inc,5942,Books & Stationery,Sole Proprietorship,Kolkata,West Bengal,2024-02-17 04:08:00,1555117689,ACTIVE,776.0
MCH7758,"Memon, Agate And Deshpande",5699,Apparel & Clothing,Partnership,Mumbai,Maharashtra,2023-12-27 00:00:00,KYBY5368849904131,ACTIVE,362.28
MCH3668,Pandey-Uppal,4131,Transportation,Sole Proprietorship,Pune,Maharashtra,2024-09-03 18:09:51,XXXX9816,ACTIVE,795.26
MCH8828,Ranganathan And Sons,4131,Transportation,Individual,Amritsar,Punjab,2026-01-02 04:46:18,,ACTIVE,
MCH6774,Parsa Ltd,5699,Apparel & Clothing,Private Limited,Amritsar,Punjab,2023-01-17 00:00:00,,ACTIVE,2007.14
MCH8681,Suri Ltd,5699,Apparel & Clothing,Partnership,Jalandhar,Punjab,2025-07-19 03:33:54,TFNO3503811861510,ACTIVE,1034.26
MCH3144,Raval-Korpal,7011,Hotels & Lodging,Partnership,Delhi,Delhi,,,ACTIVE,1879.74
MCH1446,Sunder-Sathe,5311,Department Stores,Sole Proprietorship,Chennai,Tamil Nadu,2024-11-18 00:00:00,XXXX0028,ACTIVE,3885.08
MCH5812,Aurora And Sons,7011,Hotels & Lodging,Sole Proprietorship,Hyderabad,Telangana,2024-03-03 00:00:00,7984668048,ACTIVE,410.12
MCH2084,"Murthy, Dutt And Bakshi",4131,Transportation,Private Limited,Mumbai,Maharashtra,2024-04-03 00:00:00,,ACTIVE,659.75
MCH4205,Behl-Narula,5311,Department Stores,Sole Proprietorship,Kolkata,West Bengal,2023-11-27 20:51:25,,ACTIVE,4442.0
MCH9856,"Gala, Nadig And Borra",5411,Grocery Stores,Partnership,Lucknow,Uttar Pradesh,2025-10-13 23:24:00,DZVT3507500653540,ACTIVE,1744.37
MCH6844,"Bedi, Gill And Dube",7011,Hotels & Lodging,Partnership,Kolkata,West Bengal,2025-11-06 00:00:00,MUIE3650763763562,ACTIVE,713.58
MCH3221,Baria-Dube,7011,Hotels & Lodging,Sole Proprietorship,Kolkata,West Bengal,,CKDG4069954350716,INACTIVE,338.34
MCH9595,Kapur Inc,5999,Miscellaneous Retail,Private Limited,Chennai,Tamil Nadu,2023-10-26 00:00:00,FKYL3305691122715,ACTIVE,
MCH2231,"Goyal, Balakrishnan And Patla",7011,Hotels & Lodging,Private Limited,Bengaluru,Karnataka,2024-11-10 09:09:32,,INACTIVE,1360.71
MCH4028,Taneja-Bhattacharyya,4131,Transportation,Partnership,Lucknow,Uttar Pradesh,2023-07-14 00:00:00,,ACTIVE,2673.0
MCH6278,"Keer, Sha And Sama",5912,Pharmacies & Healthcare,Partnership,Kolkata,West Bengal,2025-08-23 00:00:00,2867105387,ACTIVE,8713.68
MCH6676,Balakrishnan-Baral,4131,Transportation,Partnership,Chennai,Tamil Nadu,2025-08-02 10:17:51,,ACTIVE,1126.87
MCH6158,"Dhingra, Ratti And Palla",4131,Transportation,Sole Proprietorship,Amritsar,Punjab,2023-04-26 00:00:00,VDGT0468038681462,ACTIVE,1443.6
MCH5669,"Sodhi, Luthra And Batta",5812,Restaurants & Dining,Private Limited,Jalandhar,Punjab,2025-10-08 07:29:30,XXXX1040,ACTIVE,1557.34
MCH4741,Kara And Sons,5999,Miscellaneous Retail,Partnership,Jaipur,Rajasthan,2023-02-13 00:00:00,XXXX2970,ACTIVE,2009.21
MCH9651,Thakkar-Dass,5311,Department Stores,Private Limited,Jalandhar,Punjab,2023-03-28 04:13:28,,ACTIVE,2535.0
MCH3251,Balan-Kunda,5411,Grocery Stores,Individual,Ldh,Punjab,2024-12-14 00:00:00,,ACTIVE,3266.06
MCH4338,Johal-Dara,7011,Hotels & Lodging,Individual,Jaipur,Rajasthan,2025-06-07 20:41:00,XXXX8581,SUSPENDED,3419.42
MCH3938,Acharya Group,7011,Hotels & Lodging,Sole Proprietorship,Kolkata,West Bengal,2024-10-17 00:00:00,,ACTIVE,2349.37
MCH1922,"Deo, Saraf And Kale",5942,Books & Stationery,Sole Proprietorship,Lucknow,Uttar Pradesh,,,ACTIVE,2507.85
MCH8819,Acharyainc,5912,Pharmacies & Healthcare,Private Limited,Ludhiana,Punjab,2024-02-27 00:00:00,XXXX4379,ACTIVE,2075.22
MCH2106,"Doctor, Karnik And Sridhar",5999,Miscellaneous Retail,Partnership,Bengaluru,Karnataka,2023-08-16 00:00:00,XXXX6082,INACTIVE,871.69
MCH5619,"Iyer, Lata And Bhatnagar",4131,Transportation,Partnership,Bengaluru,Karnataka,2025-09-07 00:00:00,XXXX4930,ACTIVE,5962.0
MCH4838,Srinivasan Ltd,5699,Apparel & Clothing,Partnership,Ludhiana,Punjab,2023-11-05 10:10:13,PWKI0930308328537,ACTIVE,193.54
MCH1955,"Srinivas, Khurana And Choudhry",5999,Miscellaneous Retail,Private Limited,Jalandhar,Punjab,2025-01-18 12:28:00,XXXX5304,ACTIVE,883.05
MCH7757,"Uppal, Kota And Ramaswamy",4814,Telecommunication Services,Individual,Delhi,Delhi,2024-02-09 00:00:00,XXXX2473,ACTIVE,669.43
MCH3570,Sura-Barman,5999,Miscellaneous Retail,Private Limited,Jalandhar,Punjab,2023-05-22 22:03:03,5640847872,INACTIVE,1099.0
MCH3771,Bumb Inc,5999,Miscellaneous Retail,Partnership,Lucknow,Uttar Pradesh,2024-11-06 00:00:00,,ACTIVE,2602.75
MCH2733,Chauhan Ltd,5411,Grocery Stores,Sole Proprietorship,Delhi,Delhi,2024-12-27 00:00:00,,ACTIVE,872.28
MCH3940,Chad-Dara,5411,Grocery Stores,Partnership,Chennai,Tamil Nadu,2024-09-11 00:00:00,XXXX0176,ACTIVE,3610.64
MCH7386,Thaman Group,7011,Hotels & Lodging,Sole Proprietorship,Jalandhar,Punjab,,3740809096,ACTIVE,3859.08
MCH7934,Srinivasan-Maharaj,5812,Restaurants & Dining,Partnership,Chennai,Tamil Nadu,2023-02-23 00:00:00,,INACTIVE,1154.88
MCH1621,Pandey-Soni,5812,Restaurants & Dining,Sole Proprietorship,Pune,Maharashtra,2023-11-15 00:00:00,XXXX4420,INACTIVE,769.0
MCH6488,"Cheema, Dubey And Kala",5699,Apparel & Clothing,Private Limited,Mumbai,Maharashtra,2024-11-14 00:00:00,,ACTIVE,1180.07
MCH6873,Dar And Sons,5311,Department Stores,Sole Proprietorship,Jalandhar,Punjab,,XXXX7759,ACTIVE,75.71
MCH9556,"Hari, Dave And Ahluwalia",4131,Transportation,Sole Proprietorship,Chennai,Tamil Nadu,2025-06-12 00:00:00,LIFR2342836809377,ACTIVE,4820.97
MCH7249,Prakash Group,5812,Restaurants & Dining,Sole Proprietorship,Mumbai,Maharashtra,2024-11-30 17:32:21,4410967035,ACTIVE,1855.0
MCH8678,Dani-Talwar,7011,Hotels & Lodging,Partnership,Lucknow,Uttar Pradesh,2024-07-07 00:00:00,XXXX8500,INACTIVE,393.54
MCH9604,Merchant-Johal,5311,Department Stores,Partnership,Poona,Maharashtra,2024-10-11 00:00:00,2871306703,ACTIVE,762.2
MCH1779,"Maharaj, Jaggi And Reddy",7011,Hotels & Lodging,Partnership,Bengaluru,Karnataka,2024-02-09 00:00:00,,ACTIVE,1540.91
MCH1259,"Wagle, Verma And Ramanathan",5912,Pharmacies & Healthcare,Private Limited,Jaipur,Rajasthan,2025-08-12 00:00:00,,ACTIVE,548.2
MCH1009,Bha11A-Dave,4131,Transportation,Individual,Mumbai,Maharashtra,2024-01-08 00:00:00,BAVP5007663773178,ACTIVE,1496.0
MCH5215,Tank-Golla,5999,Miscellaneous Retail,Individual,Hyderabad,Telangana,2024-08-06 02:20:00,XXXX4115,ACTIVE,1953.0
MCH8160,Amble And Sons,5699,Apparel & Clothing,Individual,Jaipur,Rajasthan,2023-05-18 00:00:00,XXXX4907,ACTIVE,5769.95
MCH8931,"Pau, Chatterjee And Deol",7011,Hotels & Lodging,Partnership,Pune,Maharashtra,2024-03-02 00:00:00,,ACTIVE,1739.01
MCH8062,Randhawa-Kata,5999,Miscellaneous Retail,Individual,Mumbai,Maharashtra,2024-03-31 00:00:00,,ACTIVE,1473.0
MCH1152,Raman-Choudhury,5411,Grocery Stores,Partnership,Chennai,Tamil Nadu,2025-12-19 00:00:00,XXXX0685,ACTIVE,233.0
MCH1537,Goswami-Sibal,5812,Restaurants & Dining,Partnership,Hyderabad,Telangana,2023-04-05 00:00:00,VFGD4255370364176,ACTIVE,360.35
MCH6455,Luthra-Wable,5999,Miscellaneous Retail,Partnership,Mumbai,Maharashtra,2023-04-09 00:00:00,7955476293,ACTIVE,1528.51
MCH2021,Shenoy-Wable,5912,Pharmacies & Healthcare,Sole Proprietorship,Delhi,Delhi,2025-05-06 00:00:00,BNOS2436378037599,ACTIVE,2287.51
MCH9550,Chandra-Sangha,5942,Books & Stationery,Sole Proprietorship,Hyderabad,Telangana,2025-12-18 00:00:00,,ACTIVE,674.9
MCH5224,Prabhakar-Baral,5999,Miscellaneous Retail,Sole Proprietorship,Delhi,Delhi,2024-06-02 19:20:00,VAHS1051982392955,ACTIVE,873.18
MCH5883,Pillai Ltd,5942,Books & Stationery,Partnership,Pune,Maharashtra,2024-10-18 00:00:00,ELEN4323090043469,ACTIVE,2102.56
MCH3291,Sanghvi-Nair,7011,Hotels & Lodging,Private Limited,Bengaluru,Karnataka,2023-09-25 00:00:00,,ACTIVE,3917.0
MCH3786,Ratta-Bhasin,5999,Miscellaneous Retail,Partnership,Bengaluru,Karnataka,2023-08-22 00:00:00,,ACTIVE,1037.97
MCH4701,Bhagat And Sons,4131,Transportation,Individual,Hyderabad,Telangana,2025-03-17 00:00:00,FBYF6895567808971,ACTIVE,493.82
MCH3530,Dugar Plc,5699,Apparel & Clothing,Individual,Ldh,Punjab,2024-08-10 01:53:00,,ACTIVE,
MCH3605,Bhasin Ltd,4131,Transportation,Partnership,Ldh,Punjab,2023-11-15 00:00:00,,ACTIVE,1858.98
MCH7845,Bhasin-Dubey,4814,Telecommunication Services,Private Limited,Ludhiana,Punjab,2024-08-22 00:00:00,8372327074,ACTIVE,994.0
MCH6168,"Raj, Sharma And Panchal",4131,Transportation,Private Limited,Ldh,Punjab,2025-08-19 00:00:00,,ACTIVE,1123.84
MCH5629,Barman Ltd,4131,Transportation,Partnership,Delhi,Delhi,2024-10-16 20:12:00,,ACTIVE,1135.33
MCH5448,"Bala, Sha And Bera",5311,Department Stores,Private Limited,Bengaluru,Karnataka,2025-08-12 00:00:00,,ACTIVE,523.59
MCH3294,"Murty, Vala And Pall",4131,Transportation,Individual,Ludhiana,Punjab,2024-12-10 00:00:00,7450449470,ACTIVE,822.03
MCH2185,Wagle Inc,5912,Pharmacies & Healthcare,Private Limited,Poona,Maharashtra,,XXXX8242,SUSPENDED,828.0
MCH8279,Lala Plc,5411,Grocery Stores,Sole Proprietorship,Chennai,Tamil Nadu,,,ACTIVE,416.0
MCH6530,Muni-Rout,5699,Apparel & Clothing,Individual,Pune,Maharashtra,2023-10-15 00:00:00,3811526471,ACTIVE,938.29
MCH1363,Rattan-Shere,7011,Hotels & Lodging,Sole Proprietorship,Chennai,Tamil Nadu,2025-08-19 00:00:00,,ACTIVE,926.5
MCH7942,Parmar-Oza,5912,Pharmacies & Healthcare,Sole Proprietorship,Hyderabad,Telangana,2024-08-10 06:25:22,,ACTIVE,1133.78
MCH8497,"Pandey, Dutta And Thakkar",5812,Restaurants & Dining,Private Limited,Delhi,Delhi,2025-09-18 03:34:00,0266895023,ACTIVE,802.0
MCH6716,Shan Plc,5699,Apparel & Clothing,Partnership,Amritsar,Punjab,2025-09-07 00:00:00,XXXX2064,ACTIVE,1208.93
MCH4075,Sankar-Mandal,5812,Restaurants & Dining,Partnership,Ludhiana,Punjab,,XXXX6718,ACTIVE,1056.32
MCH1475,"Bora, Bhakta And Aurora",5311,Department Stores,Private Limited,Kolkata,West Bengal,2024-06-11 00:00:00,8871048979,ACTIVE,1652.87
MCH9362,"Lala, Oza And Chahal",5912,Pharmacies & Healthcare,Sole Proprietorship,Delhi,Delhi,2024-04-25 00:00:00,XXXX6427,ACTIVE,1820.41
MCH5709,Shroff-Mukherjee,4814,Telecommunication Services,Private Limited,Jaipur,Rajasthan,2024-11-10 18:13:32,FPQT8539252763493,ACTIVE,668.22
MCH3409,Badami And Sons,7011,Hotels & Lodging,Sole Proprietorship,Bengaluru,Karnataka,2024-05-31 00:00:00,,ACTIVE,1179.18
MCH8433,"Gill, Taneja And Bhardwaj",5411,Grocery Stores,Individual,Lucknow,Uttar Pradesh,2023-05-12 00:00:00,9035895384,SUSPENDED,5465.01
MCH2761,Sabharwa1-Pati1,5999,Miscellaneous Retail,Private Limited,Hyderabad,Telangana,2025-04-04 00:00:00,,INACTIVE,2607.92
MCH3298,"Kurian, Sheth And Bains",5699,Apparel & Clothing,Individual,Delhi,Delhi,2025-04-20 00:00:00,XXXX3758,ACTIVE,3789.0
MCH8551,Sule-Ganesh,5699,Apparel & Clothing,Individual,Kolkata,West Bengal,2023-03-15 04:50:00,ILTD6256269158206,ACTIVE,1452.12
MCH2832,Parmer Inc,5311,Department Stores,Private Limited,Pune,Maharashtra,2025-10-26 00:00:00,,ACTIVE,831.48
MCH2240,"Shenoy, Tara And Kala",5912,Pharmacies & Healthcare,Partnership,Chennai,Tamil Nadu,2023-03-25 00:00:00,,ACTIVE,1500.77
MCH5627,"Sridhar, Yogi And Panchal",5411,Grocery Stores,Sole Proprietorship,Jaipur,Rajasthan,2025-09-23 00:00:00,,ACTIVE,483.0
MCH8779,Tak-Wali,5812,Restaurants & Dining,Individual,Bengaluru,Karnataka,2024-01-24 00:00:00,3182666424,ACTIVE,206.0
MCH2223,"Magar, Krishnamurthy And Maharaj",5942,Books & Stationery,Private Limited,Delhi,Delhi,,3527789859,ACTIVE,1565.53
MCH9806,Hari-Kant,5411,Grocery Stores,Individual,Amritsar,Punjab,2023-12-26 00:00:00,JKYA8958406507555,ACTIVE,1398.42
MCH8056,"Pai, Doshi And Nath",4814,Telecommunication Services,Private Limited,Lucknow,Uttar Pradesh,2024-05-26 00:00:00,YMRE9652845311736,ACTIVE,581.34
MCH6460,Deol-Narayanan,5311,Department Stores,Partnership,Mumbai,Maharashtra,2026-01-19 08:20:00,XXXX8283,ACTIVE,878.73
MCH3703,Khatri-Shuk1A,5812,Restaurants & Dining,Private Limited,Jalandhar,Punjab,,,SUSPENDED,3523.05
MCH2203,"Dar, Khurana And Vasa",5812,Restaurants & Dining,Sole Proprietorship,Jaipur,Rajasthan,2024-05-07 09:28:00,,ACTIVE,14312.42
MCH5933,"Natarajan, Swaminathan And Dugar",5999,Miscellaneous Retail,Partnership,Kolkata,West Bengal,2025-09-26 20:35:00,XXXX6381,ACTIVE,2711.41
MCH1619,Divan-Bhatti,5912,Pharmacies & Healthcare,Sole Proprietorship,Delhi,Delhi,2025-12-24 00:00:00,,ACTIVE,477.85
MCH3819,Butala-Patla,5999,Miscellaneous Retail,Individual,Delhi,Delhi,2023-04-08 00:00:00,XXXX5729,ACTIVE,2466.12
MCH3264,Gopal Ltd,7011,Hotels & Lodging,Sole Proprietorship,Poona,Maharashtra,2023-05-14 07:52:02,,ACTIVE,1501.67
MCH3421,"Sandhu, Saxena And Talwar",5942,Books & Stationery,Sole Proprietorship,Delhi,Delhi,,XXXX6543,SUSPENDED,1117.58
MCH1171,Sampath-Shroff,5912,Pharmacies & Healthcare,Partnership,Delhi,Delhi,2026-01-19 05:21:00,,ACTIVE,393.94
MCH8411,Chopra Group,5812,Restaurants & Dining,Private Limited,Jalandhar,Punjab,2023-01-01 00:00:00,,INACTIVE,1067.4
MCH1022,Ramesh-Bhat,5999,Miscellaneous Retail,Private Limited,Hyderabad,Telangana,,,ACTIVE,3026.17
MCH3423,Sant-Singh,7011,Hotels & Lodging,Partnership,Delhi,Delhi,2023-01-01 09:47:09,9051549967,ACTIVE,11283.23
MCH6058,Loke Llc,5942,Books & Stationery,Sole Proprietorship,Amritsar,Punjab,,TMOY5327017538734,ACTIVE,317.07
MCH4648,Tara-Pandya,5699,Apparel & Clothing,Partnership,Chennai,Tamil Nadu,2026-01-02 00:00:00,TEXQ3961216144905,ACTIVE,852.19
MCH3696,"Pandya, Maharaj And Sundaram",5942,Books & Stationery,Individual,Poona,Maharashtra,2025-07-08 00:00:00,,ON_HOLD,416.04
MCH6577,D’Alia Inc,5699,Apparel & Clothing,Partnership,Bengaluru,Karnataka,2023-05-08 16:50:00,,ACTIVE,1979.76
MCH7536,Kalla-Deo,5311,Department Stores,Partnership,Kolkata,West Bengal,2024-08-29 00:00:00,5654813293,ACTIVE,803.42
MCH1883,"Bahl, Kashyap And Sibal",5812,Restaurants & Dining,Private Limited,Jalandhar,Punjab,2023-01-04 00:00:00,XXXX4248,ACTIVE,
MCH5664,"Om, Kari And Pandit",5812,Restaurants & Dining,Partnership,Hyderabad,Telangana,2024-07-15 00:00:00,7995815997,INACTIVE,6853.27
MCH2816,Yogi-Palan,5999,Miscellaneous Retail,Individual,Mumbai,Maharashtra,2025-02-14 00:00:00,YLAY0045447026896,SUSPENDED,2753.81
MCH5792,"Bava, Krish And Ghose",4131,Transportation,Partnership,Amritsar,Punjab,2024-09-07 00:00:00,0878817279,ON_HOLD,1136.54
MCH7389,Basu-Bedi,5812,Restaurants & Dining,Partnership,Bengaluru,Karnataka,2023-07-04 12:28:00,XXXX3335,ACTIVE,
MCH5321,Maharaj Ltd,5912,Pharmacies & Healthcare,Sole Proprietorship,Mumbai,Maharashtra,2024-08-29 00:00:00,9534555078,INACTIVE,2746.79
MCH7765,Dyal Llc,5812,Restaurants & Dining,Individual,Amritsar,Punjab,2025-02-27 00:00:00,XXXX8941,ACTIVE,3067.55
MCH6502,Mall Plc,5999,Miscellaneous Retail,Sole Proprietorship,Chennai,Tamil Nadu,2025-05-10 03:33:00,,INACTIVE,1695.37
MCH4927,Mohan Plc,5699,Apparel & Clothing,Individual,Jaipur,Rajasthan,2025-03-04 00:00:00,MQQO7446373111287,ACTIVE,1972.99
MCH9548,Raja Plc,4131,Transportation,Partnership,Jaipur,Rajasthan,2026-02-22 14:03:23,XXXX5841,ACTIVE,1649.0
MCH2441,Bhatnagar Plc,4814,Telecommunication Services,Individual,Jaipur,Rajasthan,2024-04-05 23:00:00,4907126528,ACTIVE,1789.0
MCH8082,Contractor And Sons,7011,Hotels & Lodging,Sole Proprietorship,Amritsar,Punjab,2025-02-20 00:00:00,XXXX4733,ACTIVE,4480.58
MCH2954,"Keer, Borra And Hayre",7011,Hotels & Lodging,Private Limited,Ldh,Punjab,2025-12-23 00:00:00,,ACTIVE,1556.07
MCH9350,Singh-Sane,5411,Grocery Stores,Private Limited,Ldh,Punjab,2023-04-13 00:00:00,1346716181,ACTIVE,840.43
MCH7031,Chander Inc,4814,Telecommunication Services,Private Limited,Poona,Maharashtra,2025-09-28 00:00:00,XXXX5142,ACTIVE,1538.5
MCH4917,"Bhat, Saha And Wable",4131,Transportation,Private Limited,Jaipur,Rajasthan,2025-04-14 00:00:00,XXXX6979,ACTIVE,6159.51
MCH6856,"Dalal, Morar And Gala",7011,Hotels & Lodging,Private Limited,Chennai,Tamil Nadu,2025-11-18 11:40:38,XXXX3477,ACTIVE,1373.13
MCH8239,"Brahmbhatt, 0Ak And Dhar",5411,Grocery Stores,Partnership,Jaipur,Rajasthan,2025-05-19 21:53:30,,ACTIVE,266.0
MCH4243,"Ramesh, Venkatesh And Ravel",5311,Department Stores,Sole Proprietorship,Amritsar,Punjab,2025-06-24 00:00:00,,ACTIVE,133.28
MCH7016,Ratti Plc,4131,Transportation,Partnership,Lucknow,Uttar Pradesh,2025-10-18 02:35:27,HWTR3220006102269,ACTIVE,319.94
MCH9174,"Chander, Goswami And Butala",7011,Hotels & Lodging,Partnership,Jalandhar,Punjab,2024-06-14 12:24:00,1722137543,ACTIVE,914.67
MCH7257,"Nagi, Gera And Bedi",5999,Miscellaneous Retail,Sole Proprietorship,Jaipur,Rajasthan,2023-10-29 03:03:00,,ACTIVE,786.7
MCH3181,"Kothari, Sengupta And Sandal",4131,Transportation,Private Limited,Lucknow,Uttar Pradesh,2025-06-12 23:52:00,,ACTIVE,9001.75
MCH1994,"Naik, Bhasin And Virk",7011,Hotels & Lodging,Sole Proprietorship,Amritsar,Punjab,2024-09-24 12:17:05,3176426647,ACTIVE,886.83
MCH4048,"Lall, Kara And Uppal",5812,Restaurants & Dining,Partnership,Jalandhar,Punjab,2024-06-14 00:00:00,,INACTIVE,1748.0
MCH4371,Chahal-Chaudhari,4814,Telecommunication Services,Sole Proprietorship,Ludhiana,Punjab,2025-01-20 00:00:00,,SUSPENDED,219.82
MCH6300,Kumar Plc,5699,Apparel & Clothing,Partnership,Jaipur,Rajasthan,2025-04-17 00:00:00,,ACTIVE,1647.52
MCH8405,Roy Ltd,5699,Apparel & Clothing,Private Limited,Kolkata,West Bengal,2023-02-13 22:05:26,MAGL2579020752689,INACTIVE,1147.53
MCH5028,"Chhabra, Deo And Chakrabarti",7011,Hotels & Lodging,Partnership,Ludhiana,Punjab,2024-03-14 00:00:00,RQQO5337522783830,INACTIVE,716.94
MCH8032,Roy-Ramesh,5699,Apparel & Clothing,Partnership,Mumbai,Maharashtra,2025-05-24 00:00:00,,ACTIVE,1773.07
MCH4509,"Shanker, Sem And Varughese",4131,Transportation,Sole Proprietorship,Pune,Maharashtra,2023-08-16 00:00:00,,ACTIVE,
MCH2986,Kade-Anne,4131,Transportation,Partnership,Amritsar,Punjab,2025-11-29 00:00:00,,SUSPENDED,736.81
MCH3694,"Date, Naidu And Raja",5912,Pharmacies & Healthcare,Partnership,Jalandhar,Punjab,2024-11-22 04:13:38,GPTO7610757270352,ACTIVE,4933.54
MCH5197,Acharyainc,4131,Transportation,Private Limited,Jalandhar,Punjab,,XXXX5691,ACTIVE,699.94
MCH1823,"Patla, Bhasin And Parsa",7011,Hotels & Lodging,Partnership,Lucknow,Uttar Pradesh,2023-06-15 00:00:00,,ACTIVE,3003.2
MCH4401,Bedi And Sons,5699,Apparel & Clothing,Partnership,Kolkata,West Bengal,2024-05-16 03:12:04,HWLG9372836696223,ACTIVE,557.79
MCH8559,"Gokhale, Dugal And Pradhan",5812,Restaurants & Dining,Private Limited,Pune,Maharashtra,2023-09-07 00:00:00,,SUSPENDED,2171.47
MCH7939,Mand Llc,5812,Restaurants & Dining,Private Limited,Bengaluru,Karnataka,2025-01-23 00:00:00,,ACTIVE,2096.4
MCH5156,"Bumb, Buch And R0Ut",7011,Hotels & Lodging,Private Limited,Mumbai,Maharashtra,2025-11-10 21:13:00,,ACTIVE,1483.33
MCH3748,Bedi-Cherian,5311,Department Stores,Individual,Mumbay,Maharashtra,2025-03-19 00:00:00,XXXX2002,ON_HOLD,1343.58
MCH7220,Rege-Sharaf,5812,Restaurants & Dining,Private Limited,Amritsar,Punjab,2023-12-15 00:00:00,RRUP8952328372225,ACTIVE,978.47
MCH4135,Sunder Ltd,5411,Grocery Stores,Partnership,Ludhiana,Punjab,2025-01-28 00:00:00,,ACTIVE,6745.05
MCH5200,Saha Plc,4131,Transportation,Private Limited,Ludhiana,Punjab,2025-11-10 08:57:00,,ACTIVE,913.24
MCH7309,"Loke, Chada And Badal",5699,Apparel & Clothing,Sole Proprietorship,Ludhiana,Punjab,2023-07-26 00:00:00,9268725800,ACTIVE,3465.02
MCH6785,Rai Llc,7011,Hotels & Lodging,Sole Proprietorship,Chennai,Tamil Nadu,2024-12-01 08:40:45,,ACTIVE,2498.92
MCH2881,J0Ha1 Plc,5812,Restaurants & Dining,Partnership,Amritsar,Punjab,2023-05-16 23:44:00,WTST5086684279337,ACTIVE,807.63
MCH4804,Swamy Plc,5699,Apparel & Clothing,Partnership,Lucknow,Uttar Pradesh,2025-01-12 09:37:41,,SUSPENDED,207.24
MCH4858,Malhotra-Doctor,4814,Telecommunication Services,Individual,Ludhiana,Punjab,2024-11-20 00:00:00,4066282320,ACTIVE,7460.92
MCH6083,"Shah, Deep And Swaminathan",5411,Grocery Stores,Partnership,Amritsar,Punjab,2025-06-28 00:00:00,,ACTIVE,1417.0
MCH5280,Mani-Chada,4131,Transportation,Sole Proprietorship,Chennai,Tamil Nadu,2025-03-18 00:00:00,XXXX6717,ACTIVE,1112.24
MCH2052,"Saraf, Maharaj And Kakar",5999,Miscellaneous Retail,Individual,Poona,Maharashtra,2025-01-30 00:00:00,XXXX8291,ACTIVE,3476.81
MCH9366,"Parsa, Walia And Viswanathan",5699,Apparel & Clothing,Individual,Jalandhar,Punjab,2024-11-13 00:00:00,XXXX5233,ACTIVE,7891.78
MCH5256,Ghoshllc,4131,Transportation,Individual,Chennai,Tamil Nadu,,ASNK4892862388041,ACTIVE,429.35
MCH9239,Balakrishnan-Das,5411,Grocery Stores,Partnership,Bengaluru,Karnataka,2025-12-11 06:31:01,EHOI0009201922607,ACTIVE,
MCH9720,Hayre Ltd,5942,Books & Stationery,Sole Proprietorship,Poona,Maharashtra,2024-04-24 00:00:00,,ACTIVE,507.94
MCH7918,Purohit Llc,5942,Books & Stationery,Private Limited,Kolkata,West Bengal,2024-09-06 00:00:00,XXXX2495,ACTIVE,1204.0
MCH7821,Deshmukh Inc,5999,Miscellaneous Retail,Partnership,Bengaluru,Karnataka,2026-01-26 00:00:00,3967998762,ACTIVE,1463.63
MCH3801,"Arya, Sachar And Khanna",5912,Pharmacies & Healthcare,Partnership,Bengaluru,Karnataka,2024-01-03 13:59:47,XXXX2457,SUSPENDED,639.86
MCH1686,Chokshi And Sons,5942,Books & Stationery,Individual,Bengaluru,Karnataka,2024-02-02 00:00:00,,ACTIVE,1116.34
MCH9534,Deshmukh-Yadav,7011,Hotels & Lodging,Individual,Hyderabad,Telangana,2024-08-13 00:00:00,XXXX7810,ACTIVE,1143.6
MCH4342,"Bhavsar, Mital And Garde",4131,Transportation,Private Limited,Kolkata,West Bengal,2025-10-06 00:00:00,,SUSPENDED,341.44
MCH1324,"Edwin, Savant And Tandon",7011,Hotels & Lodging,Partnership,Bengaluru,Karnataka,2026-01-26 00:00:00,,ACTIVE,1192.31
MCH1912,Keer-Mitra,4131,Transportation,Sole Proprietorship,Chennai,Tamil Nadu,2024-10-27 18:55:18,XXXX9508,ACTIVE,3259.24
MCH2428,Suresh-Varma,4814,Telecommunication Services,Private Limited,Hyderabad,Telangana,2024-05-31 00:00:00,XXXX3635,ACTIVE,949.0
MCH3383,Muni Inc,5999,Miscellaneous Retail,Sole Proprietorship,Delhi,Delhi,2023-04-21 22:36:00,XXXX2845,ACTIVE,5804.6
MCH4692,Bhat Inc,4131,Transportation,Sole Proprietorship,Hyderabad,Telangana,2024-05-06 00:00:00,,ACTIVE,3808.17
MCH2122,"Bava, Bal And Mittal",5912,Pharmacies & Healthcare,Individual,Pune,Maharashtra,2024-04-01 00:00:00,,ACTIVE,1119.03
MCH3513,"Gade, Raghavan And Ben",5942,Books & Stationery,Individual,Chennai,Tamil Nadu,2024-07-21 08:51:00,EGJQ8131249829529,INACTIVE,1116.95
MCH7462,"Malhotra, Sachdeva And Sant",5411,Grocery Stores,Sole Proprietorship,Hyderabad,Telangana,2025-11-11 00:00:00,EIQX3043472487822,ACTIVE,1601.35
MCH8935,Tella-Bawa,4131,Transportation,Individual,Jaipur,Rajasthan,2024-01-13 15:35:49,JHDG3104790925076,ACTIVE,997.56
MCH5193,Shetty Inc,5912,Pharmacies & Healthcare,Partnership,Amritsar,Punjab,2025-07-13 00:00:00,QQWR4601081024609,ACTIVE,1291.02
MCH1305,Ghose-Batta,4131,Transportation,Individual,Hyderabad,Telangana,2025-12-20 00:00:00,,INACTIVE,380.06
MCH1162,"Anand, Mistry And Khare",5999,Miscellaneous Retail,Private Limited,Delhi,Delhi,2025-12-02 00:00:00,XXXX2346,ACTIVE,1311.0
MCH1387,Handa-Talwar,4131,Transportation,Sole Proprietorship,Lucknow,Uttar Pradesh,2023-05-10 03:18:00,,ACTIVE,754.0
MCH9805,Sha-Mitter,5311,Department Stores,Partnership,Jalandhar,Punjab,,6239132906,ACTIVE,1993.26
MCH2306,Goswami Inc,7011,Hotels & Lodging,Sole Proprietorship,Bengaluru,Karnataka,,4771057298,ACTIVE,1562.95
MCH4939,Bath-Kumer,4814,Telecommunication Services,Partnership,Delhi,Delhi,2023-10-06 12:33:00,XXXX8414,ACTIVE,1620.24
MCH7187,Sandhu Inc,5812,Restaurants & Dining,Individual,Amritsar,Punjab,,0356861723,ACTIVE,4006.56
MCH1776,Vohra And Sons,5999,Miscellaneous Retail,Private Limited,Lucknow,Uttar Pradesh,2023-06-16 00:00:00,XXXX6558,ACTIVE,843.8
MCH5147,"Rao, Mahal And Wable",5999,Miscellaneous Retail,Private Limited,Jalandhar,Punjab,2024-09-16 08:12:00,8569345830,ACTIVE,687.0
MCH3935,Majumdar-Aggarwal,5311,Department Stores,Private Limited,Delhi,Delhi,2024-07-07 10:50:51,5282295543,ACTIVE,3614.23
MCH3046,Walla Plc,5942,Books & Stationery,Private Limited,Jalandhar,Punjab,2023-12-03 00:00:00,DJCZ8193007555479,ON_HOLD,6756.54
MCH9822,Thaman-Parsa,5311,Department Stores,Private Limited,Bengaluru,Karnataka,,0500860031,ACTIVE,534.71
MCH5525,Nagy And Sons,7011,Hotels & Lodging,Partnership,Bengaluru,Karnataka,2026-01-29 04:09:00,EFCT6045045841970,ACTIVE,1141.1
MCH1128,Natt-Keer,5999,Miscellaneous Retail,Sole Proprietorship,Hyderabad,Telangana,2026-01-10 12:42:55,XXXX1918,ACTIVE,1028.32
MCH5317,Seth Plc,7011,Hotels & Lodging,Sole Proprietorship,Bengaluru,Karnataka,2023-03-01 07:27:37,,ACTIVE,2738.46
MCH1561,Gera-Kota,5942,Books & Stationery,Sole Proprietorship,Jaipur,Rajasthan,2024-06-15 00:00:00,8921681390,INACTIVE,530.0
MCH5932,Jani-Sathe,4814,Telecommunication Services,Partnership,Ludhiana,Punjab,2024-10-09 04:03:57,,INACTIVE,2383.64
MCH9911,"Pal, Dash And Nagi",4131,Transportation,Individual,Mumbai,Maharashtra,2024-11-28 00:00:00,XXXX9114,ACTIVE,1474.73
MCH3461,"Balakrishnan, Sachdeva And Sekhon",5999,Miscellaneous Retail,Individual,Mumbai,Maharashtra,2025-09-23 02:42:23,QTCR6301966166012,ACTIVE,1049.37
MCH3655,Batra Llc,5912,Pharmacies & Healthcare,Sole Proprietorship,Poona,Maharashtra,2024-08-17 00:00:00,,ACTIVE,528.59
MCH2263,Puri-D’Alia,5311,Department Stores,Private Limited,Amritsar,Punjab,2024-08-29 00:00:00,CMUQ0128896673333,ACTIVE,2781.79
MCH6595,More-Sharma,7011,Hotels & Lodging,Sole Proprietorship,Jalandhar,Punjab,2023-11-12 00:00:00,,ACTIVE,308.54
MCH6430,Prakash Group,4814,Telecommunication Services,Individual,Hyderabad,Telangana,2025-08-05 00:00:00,,SUSPENDED,5278.71
MCH9990,Mishra Inc,5912,Pharmacies & Healthcare,Private Limited,Mumbay,Maharashtra,2023-02-18 00:00:00,XXXX3137,ACTIVE,970.05
MCH1966,Munshi-Bath,4131,Transportation,Private Limited,Bengaluru,Karnataka,2026-01-27 00:00:00,,SUSPENDED,1858.12
MCH6321,Chander Ltd,5999,Miscellaneous Retail,Private Limited,Jaipur,Rajasthan,,,ACTIVE,380.1
MCH9119,Dyal-Salvi,4814,Telecommunication Services,Partnership,Chennai,Tamil Nadu,2023-04-20 00:00:00,,ACTIVE,6428.96
MCH1509,"Rajan, Dash And Bora",4131,Transportation,Private Limited,Amritsar,Punjab,2025-04-26 00:00:00,,INACTIVE,806.0
MCH9999,"Konda, Subramanian And Rau",5999,Miscellaneous Retail,Individual,Mumbai,Maharashtra,2024-01-16 20:59:00,,ACTIVE,510.0
MCH1627,Dua Ltd,5999,Miscellaneous Retail,Private Limited,Lucknow,Uttar Pradesh,2024-07-31 00:00:00,,ACTIVE,160.25
MCH2588,Datta Inc,5699,Apparel & Clothing,Private Limited,Jaipur,Rajasthan,2024-09-28 00:00:00,XXXX7714,ACTIVE,311.95
MCH4187,"Tella, Hayre And Patla",5812,Restaurants & Dining,Sole Proprietorship,Jaipur,Rajasthan,2023-09-08 00:00:00,,SUSPENDED,2332.84
MCH2470,Chadha Llc,5999,Miscellaneous Retail,Individual,Lucknow,Uttar Pradesh,2025-01-28 00:00:00,DYBS8259485877528,ACTIVE,144.47
MCH9257,Deep-Venkataraman,7011,Hotels & Lodging,Partnership,Amritsar,Punjab,2023-12-17 00:00:00,AYAD9422325940628,ACTIVE,705.83
MCH3404,"Parekh, Lad And Soman",5311,Department Stores,Individual,Mumbai,Maharashtra,2023-02-16 00:00:00,PSMJ2500672647390,ACTIVE,1405.46
MCH6974,Ramaswamy Ltd,5311,Department Stores,Individual,Delhi,Delhi,2026-01-01 00:00:00,XXXX1883,ACTIVE,1499.0
MCH9353,"Baral, Raj And Mishra",5411,Grocery Stores,Partnership,Bengaluru,Karnataka,2025-03-19 22:49:10,1787550452,ACTIVE,
MCH1960,Bail-Chand,5411,Grocery Stores,Partnership,Hyderabad,Telangana,2024-08-26 00:00:00,XXXX7716,ACTIVE,613.0
MCH5067,Mangat-Pant,4814,Telecommunication Services,Individual,Poona,Maharashtra,2024-02-27 00:00:00,NOGU4869470784091,ACTIVE,1263.65
MCH4082,Khurana Inc,5999,Miscellaneous Retail,Private Limited,Delhi,Delhi,2023-06-02 00:00:00,MAKF1380226043660,INACTIVE,288.7
MCH4374,Venkatesh Llc,7011,Hotels & Lodging,Individual,Jalandhar,Punjab,2025-01-15 22:22:17,,ACTIVE,418.37
MCH7509,Narasimhan-Naidu,5699,Apparel & Clothing,Sole Proprietorship,Kolkata,West Bengal,2025-07-29 00:00:00,RUXH2213582281170,ACTIVE,1271.23
MCH6992,"Srivastava, Sha And Natarajan",5812,Restaurants & Dining,Partnership,Amritsar,Punjab,2026-01-21 00:00:00,5921074250,ACTIVE,893.0
MCH4145,"Dalal, Dass And Vaidya",5942,Books & Stationery,Sole Proprietorship,Poona,Maharashtra,2025-09-16 00:00:00,PZMX8375142166938,SUSPENDED,1294.48
MCH6356,"Pandit, Wagle And Kata",7011,Hotels & Lodging,Private Limited,Amritsar,Punjab,2024-08-03 09:31:28,XXXX6397,INACTIVE,499.8
MCH6020,Goda Ltd,5942,Books & Stationery,Sole Proprietorship,Lucknow,Uttar Pradesh,2025-09-01 00:00:00,XXXX5529,ACTIVE,2555.72
MCH8921,"Palla, Kanda And Kohli",5411,Grocery Stores,Individual,Jaipur,Rajasthan,2023-04-01 00:00:00,,INACTIVE,1560.65
MCH5770,Kari Llc,5912,Pharmacies & Healthcare,Private Limited,Hyderabad,Telangana,2025-01-29 10:38:17,,ACTIVE,573.41
MCH8324,Golla-Chaudhuri,7011,Hotels & Lodging,Private Limited,Jalandhar,Punjab,2025-04-06 00:00:00,,ACTIVE,
MCH5596,Biswas Group,5311,Department Stores,Partnership,Bengaluru,Karnataka,2024-12-02 00:00:00,MQQQ6004896266330,SUSPENDED,464.03
MCH6977,Sathe-Jha,5942,Books & Stationery,Individual,Lucknow,Uttar Pradesh,2023-08-06 00:00:00,XXXX2950,ACTIVE,1341.62
MCH9472,Sankaran-Om,5699,Apparel & Clothing,Private Limited,Delhi,Delhi,2023-06-03 00:00:00,OYDX9439754020828,INACTIVE,4710.1
MCH4288,Kashyap-Purohit,5699,Apparel & Clothing,Private Limited,Jaipur,Rajasthan,2025-10-08 00:00:00,,ACTIVE,262.02
MCH8579,Om Llc,5311,Department Stores,Sole Proprietorship,Bengaluru,Karnataka,2024-05-10 00:00:00,IKJV1180612753786,ACTIVE,3034.67
MCH7685,"Badal, Khurana And Bansal",5311,Department Stores,Individual,Jalandhar,Punjab,2025-05-06 00:19:28,XXXX6889,INACTIVE,3304.25
MCH4544,"Som, Deshmukh And Narang",5411,Grocery Stores,Partnership,Bengaluru,Karnataka,2023-04-28 00:00:00,,ACTIVE,4619.33
MCH4642,Jaggi Ltd,5411,Grocery Stores,Partnership,Delhi,Delhi,2024-04-16 00:00:00,XXXX5243,SUSPENDED,1180.53
MCH5409,Buch Inc,5699,Apparel & Clothing,Sole Proprietorship,Amritsar,Punjab,2023-04-03 00:10:00,VIYX5305249313484,ACTIVE,922.0
MCH6099,Yadav Llc,4814,Telecommunication Services,Partnership,Bengaluru,Karnataka,2025-06-16 00:00:00,7606007756,ACTIVE,4726.0
MCH5843,Wason And Sons,4814,Telecommunication Services,Individual,Hyderabad,Telangana,2023-05-30 00:00:00,,INACTIVE,1023.46
MCH5961,Batra Ltd,5812,Restaurants & Dining,Individual,Jalandhar,Punjab,2024-05-24 00:00:00,CHMJ2049480871128,ACTIVE,608.0
MCH2797,Sandhu-Singh,7011,Hotels & Lodging,Partnership,Bengaluru,Karnataka,2025-05-27 00:00:00,XXXX2336,ACTIVE,1083.54
MCH2574,Bala And Sons,5699,Apparel & Clothing,Individual,Delhi,Delhi,,HZFE1194010260924,SUSPENDED,197.23
MCH6445,Shere And Sons,5912,Pharmacies & Healthcare,Individual,Ludhiana,Punjab,2025-01-28 00:00:00,,ACTIVE,766.0
MCH8591,Dutta And Sons,5999,Miscellaneous Retail,Individual,Kolkata,West Bengal,2025-02-02 00:00:00,XXXX4892,ACTIVE,2731.17
MCH8769,Dara-Keer,5912,Pharmacies & Healthcare,Private Limited,Jaipur,Rajasthan,2024-12-29 11:46:00,,ACTIVE,637.83
MCH3321,Barad-Trivedi,4131,Transportation,Sole Proprietorship,Amritsar,Punjab,2025-09-19 04:50:00,,ACTIVE,2096.6
MCH9743,Sahota-Krish,5942,Books & Stationery,Private Limited,Ldh,Punjab,2023-05-22 00:00:00,,ACTIVE,873.78
MCH4385,Bera-S0M,5411,Grocery Stores,Private Limited,Jalandhar,Punjab,2023-05-08 00:00:00,XXXX8868,ACTIVE,2548.67
MCH2604,Sharaf-Kaur,4131,Transportation,Private Limited,Lucknow,Uttar Pradesh,2023-10-30 00:00:00,CYOT7406673710255,ACTIVE,1813.01
MCH3936,Bath Inc,5411,Grocery Stores,Individual,Lucknow,Uttar Pradesh,2023-06-13 00:00:00,,ACTIVE,879.38
MCH5861,Manne-Chatterjee,5812,Restaurants & Dining,Sole Proprietorship,Delhi,Delhi,2024-10-28 00:00:00,,ACTIVE,174.45
MCH9120,Sood Ltd,7011,Hotels & Lodging,Sole Proprietorship,Mumbay,Maharashtra,2025-09-24 21:17:00,,ACTIVE,680.9
MCH7326,"Mandal, Behl And Bhattacharyya",7011,Hotels & Lodging,Sole Proprietorship,Chennai,Tamil Nadu,2024-10-26 07:07:51,,ACTIVE,1119.05
MCH4042,Rout-Maharaj,5999,Miscellaneous Retail,Partnership,Amritsar,Punjab,2024-01-12 06:50:00,LYKH2325135629245,ACTIVE,696.23
MCH4567,Bhatti Inc,7011,Hotels & Lodging,Partnership,Hyderabad,Telangana,2023-03-29 00:00:00,XXXX2555,ACTIVE,1514.65
MCH8622,Choudhry-Krishna,7011,Hotels & Lodging,Partnership,Pune,Maharashtra,2025-03-18 00:00:00,,ACTIVE,196.86
MCH9662,Basu-Korpal,4814,Telecommunication Services,Private Limited,Poona,Maharashtra,2023-09-13 15:28:38,WZTV1265477628451,ACTIVE,1152.0
MCH9229,Anne-Parikh,5942,Books & Stationery,Private Limited,Jaipur,Rajasthan,2025-10-23 00:00:00,,INACTIVE,173.81
MCH8013,Thakkar-Vohra,5942,Books & Stationery,Sole Proprietorship,Bengaluru,Karnataka,2024-06-08 00:00:00,8058369632,ACTIVE,
MCH2093,Ghosh-Gaba,5999,Miscellaneous Retail,Sole Proprietorship,Ludhiana,Punjab,2024-05-02 00:00:00,IJYU8161082317804,ACTIVE,2389.0
MCH1555,Raj Llc,5942,Books & Stationery,Individual,Pune,Maharashtra,2023-04-23 00:00:00,,ACTIVE,602.0
MCH7581,"Deshpande, Butala And Jain",5699,Apparel & Clothing,Private Limited,Lucknow,Uttar Pradesh,2024-08-13 00:00:00,5640516477,ACTIVE,
MCH2248,Mutti-Manne,5812,Restaurants & Dining,Partnership,Ludhiana,Punjab,2023-11-22 00:00:00,,INACTIVE,1021.0
MCH1840,Chahal And Sons,5942,Books & Stationery,Sole Proprietorship,Ludhiana,Punjab,2026-02-06 00:00:00,XXXX9616,ACTIVE,764.0
MCH4495,"Nadig, Gade And Jha",5942,Books & Stationery,Partnership,Hyderabad,Telangana,2024-10-05 06:24:00,,ACTIVE,1329.61
MCH2033,"Munshi, Sundaram And Bhasin",5699,Apparel & Clothing,Private Limited,Poona,Maharashtra,2025-09-30 00:00:00,XXXX3680,ACTIVE,294.83
MCH3233,"Dada, Pingle And Date",5699,Apparel & Clothing,Individual,Poona,Maharashtra,2025-11-23 00:00:00,,INACTIVE,5434.84
MCH1573,"Tailor, Som And Soni",4814,Telecommunication Services,Partnership,Jalandhar,Punjab,2023-12-11 00:00:00,,ACTIVE,540.2
MCH8795,Basak-Bhavsar,5942,Books & Stationery,Sole Proprietorship,Jaipur,Rajasthan,2024-03-15 00:00:00,XXXX0185,INACTIVE,243.16
MCH3272,Gera Group,5699,Apparel & Clothing,Sole Proprietorship,Chennai,Tamil Nadu,2023-04-03 12:44:00,EMXM6349169987807,ACTIVE,2272.01
MCH8644,M0Re-L0Ke,4131,Transportation,Individual,Ludhiana,Punjab,2025-07-20 00:00:00,,ACTIVE,1294.91
MCH2188,"Sundaram, Prakash And Sheth",5699,Apparel & Clothing,Sole Proprietorship,Hyderabad,Telangana,2025-02-11 20:29:00,,ACTIVE,778.36
MCH8492,Narayan Gr0Up,4814,Telecommunication Services,Individual,Kolkata,West Bengal,,XXXX3928,INACTIVE,
MCH7991,Rastogi Plc,5942,Books & Stationery,Partnership,Mumbay,Maharashtra,,,ACTIVE,1076.7
MCH8674,"Mani, Dutta And Issac",5812,Restaurants & Dining,Private Limited,Chennai,Tamil Nadu,2023-05-05 15:05:33,1748773482,ACTIVE,
MCH4637,Mitter-Pandya,5411,Grocery Stores,Individual,Chennai,Tamil Nadu,2023-09-05 20:41:00,XXXX4099,ACTIVE,2198.28
MCH7833,"Chopra, Baral And Hayre",5942,Books & Stationery,Sole Proprietorship,Hyderabad,Telangana,2023-02-10 07:53:34,,SUSPENDED,648.0
MCH4767,Prasad Inc,4814,Telecommunication Services,Private Limited,Pune,Maharashtra,2023-06-20 00:00:00,,INACTIVE,789.87
MCH9298,Jain Ltd,5942,Books & Stationery,Sole Proprietorship,Bengaluru,Karnataka,2024-02-03 12:58:21,XXXX4996,ACTIVE,8519.11
MCH5268,Nagy-Ravel,5999,Miscellaneous Retail,Sole Proprietorship,Kolkata,West Bengal,2025-10-23 00:00:00,AMOJ0905717120034,SUSPENDED,4125.6
MCH6814,Gara-Seth,4814,Telecommunication Services,Private Limited,Jaipur,Rajasthan,2024-07-02 00:00:00,2121833537,ACTIVE,1223.19
MCH9188,Randhawa Plc,4814,Telecommunication Services,Partnership,Jalandhar,Punjab,2024-11-09 00:00:00,XXXX7941,ACTIVE,
MCH3391,Dass Inc,4131,Transportation,Partnership,Lucknow,Uttar Pradesh,,XXXX1148,ACTIVE,1298.0
MCH5445,Ganesan Ltd,5311,Department Stores,Partnership,Delhi,Delhi,2025-10-19 00:00:00,BVDS4788304098373,ACTIVE,2186.0
MCH2960,Malhotra-Buch,4131,Transportation,Private Limited,Chennai,Tamil Nadu,2023-01-06 00:00:00,XXXX6660,ACTIVE,2348.07
MCH4497,Padmanabhan Group,5812,Restaurants & Dining,Individual,Mumbai,Maharashtra,,,ACTIVE,2142.62
MCH6225,"Loyal, Mander And Agrawal",5411,Grocery Stores,Sole Proprietorship,Kolkata,West Bengal,2023-12-17 00:00:00,,ACTIVE,859.91
MCH2510,Sathe Plc,5912,Pharmacies & Healthcare,Partnership,Chennai,Tamil Nadu,2024-02-02 01:49:36,XXXX9018,ACTIVE,596.36
MCH8259,Lall Group,5942,Books & Stationery,Sole Proprietorship,Jalandhar,Punjab,2023-04-13 00:00:00,,ACTIVE,2667.52
MCH1568,Chandran Ltd,7011,Hotels & Lodging,Sole Proprietorship,Lucknow,Uttar Pradesh,2024-09-04 00:00:00,,ACTIVE,3618.31
MCH6950,"Bal, Swaminathan And Desai",5912,Pharmacies & Healthcare,Partnership,Jaipur,Rajasthan,2025-10-04 00:08:00,XXXX4795,ACTIVE,1101.05
MCH2153,"Dara, Vala And Venkatesh",5699,Apparel & Clothing,Partnership,Chennai,Tamil Nadu,2023-06-21 00:00:00,,ACTIVE,1608.19
MCH4225,Karnik Llc,5699,Apparel & Clothing,Individual,Ldh,Punjab,2025-02-05 13:25:31,5426893917,ACTIVE,537.99
MCH3119,Chana-Deshmukh,5311,Department Stores,Private Limited,Hyderabad,Telangana,2024-02-12 00:00:00,,ACTIVE,4993.0
MCH9059,Shroff Ltd,5311,Department Stores,Private Limited,Jalandhar,Punjab,2023-07-18 00:00:00,,ACTIVE,399.71
MCH8329,"Halder, Panchal And Pandit",5999,Miscellaneous Retail,Individual,Lucknow,Uttar Pradesh,2025-10-07 00:00:00,XXXX8898,ACTIVE,422.0
MCH4582,Pai-Shenoy,4814,Telecommunication Services,Individual,Poona,Maharashtra,2025-03-18 00:00:00,XXXX2537,ACTIVE,1857.0
MCH1939,"Lal,Sahniandchopra",7011,Hotels & Lodging,Private Limited,Ludhiana,Punjab,2026-05-02 00:00:00,XXXX8735,ACTIVE,509.0
MCH2799,Kadakia-Nayak,5812,Restaurants & Dining,Sole Proprietorship,Delhi,Delhi,2025-05-04 23:51:09,LDOE2045126421896,ACTIVE,249.35
MCH3818,Gopal-Khalsa,4814,Telecommunication Services,Partnership,Amritsar,Punjab,,,ACTIVE,200.35
MCH1245,"Kumer, Varghese And Dhawan",5912,Pharmacies & Healthcare,Partnership,Poona,Maharashtra,2023-08-23 00:00:00,,ACTIVE,725.32
MCH4649,"Mand,Dattaandsanghvi",7011,Hotels & Lodging,Partnership,Ludhiana,Punjab,2024-10-16 00:00:00,,ACTIVE,666.8
MCH6662,Din-Gour,5999,Miscellaneous Retail,Individual,Poona,Maharashtra,2024-02-26 00:00:00,XXXX2767,ACTIVE,3959.93
MCH9369,Kara Group,7011,Hotels & Lodging,Sole Proprietorship,Kolkata,West Bengal,2024-07-06 20:37:37,,ACTIVE,2036.0
MCH3178,Ganesangroup,5699,Apparel & Clothing,Individual,Delhi,Delhi,2025-12-01 00:00:00,,ACTIVE,136.0
MCH4157,Minhas-Saran,4814,Telecommunication Services,Partnership,Mumbai,Maharashtra,2025-11-02 00:00:00,,ACTIVE,2413.97
MCH4458,"Gola, Dixit And Banik",5411,Grocery Stores,Sole Proprietorship,Amritsar,Punjab,2023-08-25 00:00:00,XXXX8441,ACTIVE,991.85
MCH8472,Guha-Sandhu,4814,Telecommunication Services,Partnership,Amritsar,Punjab,,,ACTIVE,1828.57
MCH9434,Srinivasan-Savant,5812,Restaurants & Dining,Partnership,Chennai,Tamil Nadu,2023-05-01 21:28:13,XXXX0171,ACTIVE,
MCH5015,"Pall, Mand And Balakrishnan",5812,Restaurants & Dining,Sole Proprietorship,Lucknow,Uttar Pradesh,2024-12-23 20:34:32,9471379053,ACTIVE,2215.59
MCH4296,Varty-Varma,5999,Miscellaneous Retail,Private Limited,Amritsar,Punjab,2026-02-24 00:00:00,,ACTIVE,
MCH3069,Magar Inc,5699,Apparel & Clothing,Individual,Mumbay,Maharashtra,2024-10-18 00:00:00,,ACTIVE,5346.85
MCH8165,"Sandhu, Saran And Dhar",5999,Miscellaneous Retail,Sole Proprietorship,Chennai,Tamil Nadu,2023-04-09 00:00:00,XXXX2851,INACTIVE,1269.15
MCH5044,Mahajan-Narasimhan,5942,Books & Stationery,Individual,Chennai,Tamil Nadu,2025-04-09 00:00:00,,ACTIVE,1148.0
MCH1941,Bath-Sunder,4814,Telecommunication Services,Sole Proprietorship,Jaipur,Rajasthan,2024-05-22 00:00:00,,SUSPENDED,
MCH8135,Bhakta Plc,5999,Miscellaneous Retail,Private Limited,Amritsar,Punjab,2024-09-04 00:00:00,,ACTIVE,857.0
MCH5399,Agate-Wali,5999,Miscellaneous Retail,Private Limited,Chennai,Tamil Nadu,2025-12-26 00:00:00,,ACTIVE,1379.64
MCH2139,"Bali, Mahajan And Oza",5942,Books & Stationery,Sole Proprietorship,Bengaluru,Karnataka,2023-02-12 00:00:00,XXXX2161,ACTIVE,512.11
MCH7879,Sawhney-Goda,4814,Telecommunication Services,Individual,Jalandhar,Punjab,2023-12-30 23:35:00,,ACTIVE,1760.85
MCH8835,"Natarajan, Hegde And Varughese",5999,Miscellaneous Retail,Sole Proprietorship,Mumbai,Maharashtra,2025-08-04 15:21:00,FGCL8739381455039,ACTIVE,523.96
MCH9356,Waglellc,5411,Grocery Stores,Partnership,Delhi,Delhi,2025-09-15 00:00:00,XXXX8552,ACTIVE,862.0
MCH9502,Vyas-Hayre,5942,Books & Stationery,Sole Proprietorship,Mumbai,Maharashtra,2023-03-25 00:00:00,,ACTIVE,777.19
MCH4752,"Chaudhuri, Sampath And Wali",5311,Department Stores,Individual,Bengaluru,Karnataka,2024-01-10 00:00:00,0013923003,ACTIVE,399.3
MCH1314,"Pant, Mammen And Doctor",5699,Apparel & Clothing,Individual,Jaipur,Rajasthan,2023-11-12 16:47:12,,ACTIVE,1045.43
MCH1683,"Sampath, Anne And Madan",5812,Restaurants & Dining,Partnership,Chennai,Tamil Nadu,2026-02-14 00:00:00,XXXX9435,ACTIVE,2458.98
MCH3446,Ganesan-Contractor,5411,Grocery Stores,Sole Proprietorship,Lucknow,Uttar Pradesh,2026-01-24 03:27:14,7922786735,INACTIVE,348.14
MCH3614,Morar-Sundaram,5812,Restaurants & Dining,Individual,Mumbai,Maharashtra,2023-08-09 00:00:00,XXXX5060,ACTIVE,1484.85
MCH5222,"Char, Warrior And Cherian",5699,Apparel & Clothing,Partnership,Chennai,Tamil Nadu,2024-03-19 18:57:00,XXXX0689,INACTIVE,352.83
MCH8975,"Shanker, Kothari And Balasubramanian",4814,Telecommunication Services,Individual,Mumbai,Maharashtra,2025-10-24 08:14:24,,ACTIVE,1231.77
MCH6023,Datta Plc,5411,Grocery Stores,Partnership,Ldh,Punjab,2026-01-27 00:00:00,6184043041,ACTIVE,2183.74
MCH7325,Chatterjee-Manda,5999,Miscellaneous Retail,Individual,Kolkata,West Bengal,2023-01-04 13:43:25,8809607607,ACTIVE,1420.0
MCH3387,Boase Ltd,4814,Telecommunication Services,Sole Proprietorship,Chennai,Tamil Nadu,2024-10-20 00:00:00,,ACTIVE,4926.8
MCH6824,"Talwar, Ramesh And Hora",5942,Books & Stationery,Sole Proprietorship,Bengaluru,Karnataka,2023-09-10 00:00:00,XXXX8796,ACTIVE,3249.65
MCH8247,"Pandya, Muni And Hora",4814,Telecommunication Services,Partnership,Lucknow,Uttar Pradesh,2024-10-24 08:45:00,ODLV2829878275215,ACTIVE,1396.47
MCH9428,"Dyal, Varma And Sachdeva",5999,Miscellaneous Retail,Private Limited,Lucknow,Uttar Pradesh,,,ACTIVE,1955.23
MCH3452,"Tandon, Oza And Sharma",5411,Grocery Stores,Sole Proprietorship,Poona,Maharashtra,2025-04-08 00:00:00,,INACTIVE,186.45
MCH9994,"Barad, Lall And Shetty",5942,Books & Stationery,Partnership,Delhi,Delhi,2026-01-13 00:00:00,5940602579,ACTIVE,1588.48
MCH2839,"Brar, Varughese And Cherian",5411,Grocery Stores,Partnership,Poona,Maharashtra,2025-04-21 03:59:43,,ACTIVE,614.31
MCH3415,Keer Inc,5812,Restaurants & Dining,Sole Proprietorship,Chennai,Tamil Nadu,2025-06-05 05:53:37,XXXX8129,ACTIVE,184.25
MCH1593,Wali-Murthy,5999,Miscellaneous Retail,Sole Proprietorship,Bengaluru,Karnataka,2026-02-23 12:14:26,XXXX7216,ACTIVE,15388.22
MCH3270,"Chokshi, Dash And Srivastava",4131,Transportation,Partnership,Chennai,Tamil Nadu,2024-10-07 00:00:00,,ACTIVE,1910.46
MCH2142,"Banerjee, Ghose And Parekh",5942,Books & Stationery,Sole Proprietorship,Delhi,Delhi,2024-08-23 00:00:00,VSPN0134800422309,ACTIVE,3367.02
MCH4245,Dua Group,4131,Transportation,Partnership,Ludhiana,Punjab,2024-07-25 18:42:24,0504410036,ACTIVE,323.1
MCH3002,"Dey, Chopra And Vig",5699,Apparel & Clothing,Individual,Ludhiana,Punjab,2024-10-27 00:00:00,7833308029,ACTIVE,761.12
MCH5052,Pillay-Bora,5999,Miscellaneous Retail,Partnership,Hyderabad,Telangana,2024-01-04 00:00:00,XXXX9697,ACTIVE,1127.0
MCH2258,Walia Group,5311,Department Stores,Sole Proprietorship,Jalandhar,Punjab,2025-10-14 00:00:00,XXXX1416,ACTIVE,1902.49
MCH1308,Subramaniam-Shankar,5912,Pharmacies & Healthcare,Partnership,Bengaluru,Karnataka,2024-12-28 00:00:00,RSHZ2134290298030,INACTIVE,2112.78
MCH1770,Prabhu Inc,5411,Grocery Stores,Partnership,Kolkata,West Bengal,2026-02-19 00:00:00,STER3056508036813,ACTIVE,1130.22
MCH9683,Pillai Inc,5411,Grocery Stores,Partnership,Bengaluru,Karnataka,2024-11-28 00:00:00,,SUSPENDED,1862.68
MCH1953,"Banerjee, Maharaj And Rege",7011,Hotels & Lodging,Sole Proprietorship,Jalandhar,Punjab,2025-12-14 00:00:00,QMMB6426177933216,ACTIVE,1226.94
MCH3630,Chacko Ltd,5812,Restaurants & Dining,Partnership,Mumbai,Maharashtra,2023-06-11 00:00:00,,INACTIVE,2433.39
MCH6570,Venkataraman Ltd,5912,Pharmacies & Healthcare,Private Limited,Delhi,Delhi,2024-01-23 00:00:00,,ACTIVE,332.15
MCH2593,Gour Inc,5999,Miscellaneous Retail,Sole Proprietorship,Jalandhar,Punjab,2025-10-20 00:00:00,4362658883,ACTIVE,1307.82
MCH6028,"Devan, Saha And Nagar",7011,Hotels & Lodging,Partnership,Jalandhar,Punjab,2023-05-02 08:52:59,XXXX4040,ACTIVE,2112.02
MCH9638,"Dara, Badami And Sen",5699,Apparel & Clothing,Sole Proprietorship,Lucknow,Uttar Pradesh,2026-01-22 00:00:00,,ACTIVE,3649.35
MCH2744,"Divan, Narang And Jhaveri",5912,Pharmacies & Healthcare,Partnership,Lucknow,Uttar Pradesh,2025-11-04 23:49:11,2199444279,SUSPENDED,734.64
MCH3107,Kapoor Inc,5912,Pharmacies & Healthcare,Partnership,Pune,Maharashtra,2023-10-28 00:00:00,7807494643,ACTIVE,1009.16
MCH5384,Sibal Inc,5411,Grocery Stores,Private Limited,Jaipur,Rajasthan,,,ACTIVE,951.53
MCH7448,Mittal Inc,4814,Telecommunication Services,Private Limited,Hyderabad,Telangana,2024-07-12 00:00:00,9231182109,INACTIVE,760.79
MCH3686,Prasad Inc,5812,Restaurants & Dining,Sole Proprietorship,Mumbai,Maharashtra,2024-04-09 03:46:00,GHWB3739951927219,ACTIVE,1179.14
MCH8417,Bhalla-Batta,5311,Department Stores,Partnership,Bengaluru,Karnataka,2025-07-07 16:05:00,,ACTIVE,544.37
MCH2344,"Purohit, Rege And Patil",5699,Apparel & Clothing,Private Limited,Jaipur,Rajasthan,,,ACTIVE,
MCH6514,Lalla-Palan,5812,Restaurants & Dining,Individual,Kolkata,West Bengal,2025-03-26 09:22:56,XXXX0164,ACTIVE,
MCH6379,Chana-Mahajan,5942,Books & Stationery,Private Limited,Bengaluru,Karnataka,2025-08-08 17:00:00,XXXX7525,ACTIVE,2923.98
MCH9587,Krishnamurthy-Contractor,4814,Telecommunication Services,Sole Proprietorship,Kolkata,West Bengal,2024-12-09 00:00:00,XXXX7878,ACTIVE,211.86
MCH5133,Sawhney Group,5411,Grocery Stores,Individual,Hyderabad,Telangana,2024-12-10 00:00:00,0959364769,ACTIVE,1388.77
MCH5038,"Din, Som And Bahl",5912,Pharmacies & Healthcare,Partnership,Lucknow,Uttar Pradesh,2024-10-20 00:00:00,DJBJ3245727756471,ACTIVE,1056.12
MCH4158,Sastry Inc,5942,Books & Stationery,Partnership,Delhi,Delhi,2024-08-15 00:00:00,DAYK8556309990572,INACTIVE,480.93
MCH8475,"Karpe, Iyer And Gole",5942,Books & Stationery,Private Limited,Bengaluru,Karnataka,2025-04-20 00:00:00,,ACTIVE,2426.04
MCH5226,Tiwari-Pau,5999,Miscellaneous Retail,Individual,Lucknow,Uttar Pradesh,2023-12-24 02:18:00,6912933947,ACTIVE,271.33
MCH8767,Golla Group,5699,Apparel & Clothing,Sole Proprietorship,Hyderabad,Telangana,2023-11-05 00:00:00,,ACTIVE,397.99
MCH8565,"Mammen, Modi And Sankar",5812,Restaurants & Dining,Sole Proprietorship,Jaipur,Rajasthan,2024-07-27 21:42:00,,ACTIVE,609.89
MCH8003,Tank Ltd,5311,Department Stores,Sole Proprietorship,Hyderabad,Telangana,2023-12-14 00:00:00,RVNR6882512785280,ACTIVE,614.4
MCH1202,Koshy-Borde,5311,Department Stores,Partnership,Ludhiana,Punjab,2023-04-27 14:11:10,QMOB6262370066772,ACTIVE,1998.99
MCH9110,Barad Llc,7011,Hotels & Lodging,Individual,Lucknow,Uttar Pradesh,2024-08-01 13:01:22,XXXX8331,INACTIVE,1477.89
MCH4073,Gopal Plc,5812,Restaurants & Dining,Individual,Jaipur,Rajasthan,2024-12-27 20:52:16,XXXX0031,ACTIVE,
MCH4112,Sodhi-Desai,5311,Department Stores,Sole Proprietorship,Hyderabad,Telangana,2023-06-06 00:00:00,,INACTIVE,3193.0
MCH6935,"Sagar,Badalandjha",5912,Pharmacies & Healthcare,Private Limited,Delhi,Delhi,2025-11-06 00:00:00,,ACTIVE,319.7
MCH1829,Ramaswamy Group,4131,Transportation,Sole Proprietorship,Kolkata,West Bengal,2024-03-15 00:00:00,,ACTIVE,2351.23
MCH3285,"Prasad, Luthra And Suri",5311,Department Stores,Partnership,Bengaluru,Karnataka,2023-02-22 00:00:00,3068852550,ACTIVE,669.58
MCH5009,Arora-Wagle,5699,Apparel & Clothing,Individual,Hyderabad,Telangana,2024-11-06 16:41:40,XXXX1307,INACTIVE,1125.91
MCH1587,Srivastava-Saha,5912,Pharmacies & Healthcare,Private Limited,Kolkata,West Bengal,,XXXX9260,ACTIVE,1502.0
MCH6338,Dutta Plc,5311,Department Stores,Individual,Kolkata,West Bengal,2024-06-29 00:00:00,,ACTIVE,1835.5
MCH1200,Vora And Sons,5699,Apparel & Clothing,Private Limited,Pune,Maharashtra,2023-02-08 00:00:00,MQRX2052089170910,ACTIVE,1072.0
MCH1115,Nadkarni Llc,4131,Transportation,Partnership,Jalandhar,Punjab,,,ACTIVE,6943.0
MCH9853,Dhar-Raval,5912,Pharmacies & Healthcare,Sole Proprietorship,Kolkata,West Bengal,,,ACTIVE,795.17
MCH4353,"Sha, Thaman And Bhasin",5699,Apparel & Clothing,Partnership,Lucknow,Uttar Pradesh,2024-02-05 00:00:00,XXXX4052,INACTIVE,391.43
MCH8054,"Kant, Gara And Grewal",4131,Transportation,Sole Proprietorship,Chennai,Tamil Nadu,2024-12-12 00:00:00,RGWT7200559316561,ACTIVE,
MCH9757,Venkataraman-Vig,5311,Department Stores,Sole Proprietorship,Amritsar,Punjab,2025-03-26 02:02:24,,ACTIVE,1622.73
MCH3111,Cherian-G0Swami,4814,Telecommunication Services,Private Limited,Bengaluru,Karnataka,,,ACTIVE,1311.29
MCH2392,Shetty And Sons,5411,Grocery Stores,Individual,Amritsar,Punjab,2025-12-18 00:00:00,XXXX1862,ACTIVE,655.01
MCH9483,"Yohannan, Ghose And Pal",5699,Apparel & Clothing,Partnership,Hyderabad,Telangana,2023-03-21 23:53:34,,ACTIVE,4425.5
MCH5665,"Parikh, Ray And Lall",5942,Books & Stationery,Partnership,Jaipur,Rajasthan,2023-09-12 00:00:00,XXXX1393,ACTIVE,1428.0
MCH1233,"Upadhyay, Lall And Kala",5942,Books & Stationery,Private Limited,Pune,Maharashtra,2024-07-19 00:00:00,,ACTIVE,1465.98
MCH4331,"Wali, Buch And Nagi",5699,Apparel & Clothing,Sole Proprietorship,Amritsar,Punjab,2025-07-31 20:39:00,5107486763,INACTIVE,1154.33
MCH9935,Sahni-Barad,5999,Miscellaneous Retail,Partnership,Delhi,Delhi,2023-12-06 00:00:00,,ACTIVE,1444.0
MCH4115,"Bandi, Rau And Hayre",4131,Transportation,Sole Proprietorship,Jaipur,Rajasthan,2025-05-03 00:00:00,YBME5428003718558,SUSPENDED,748.37
MCH8864,Lala-Ben,5912,Pharmacies & Healthcare,Individual,Ludhiana,Punjab,2025-12-28 05:23:00,,ACTIVE,869.2
MCH1480,Bala-Magar,5999,Miscellaneous Retail,Individual,Hyderabad,Telangana,,,ACTIVE,
MCH9094,"Yadav, Zacharia And Dutt",5912,Pharmacies & Healthcare,Sole Proprietorship,Ludhiana,Punjab,2023-09-24 00:00:00,2133770313,SUSPENDED,1081.32
MCH9423,Apte Group,7011,Hotels & Lodging,Sole Proprietorship,Chennai,Tamil Nadu,2025-10-24 00:00:00,HHBU3998361677128,ACTIVE,3132.43
MCH8616,Ratti-Jha,5699,Apparel & Clothing,Sole Proprietorship,Pune,Maharashtra,2025-05-30 00:00:00,,ACTIVE,
MCH7191,Bhargava Ltd,5942,Books & Stationery,Sole Proprietorship,Hyderabad,Telangana,2023-07-26 00:00:00,XXXX5061,INACTIVE,528.97
MCH6511,"Doctor, Sur And Badal",5411,Grocery Stores,Sole Proprietorship,Pune,Maharashtra,2024-07-27 20:57:52,XXXX9778,ACTIVE,778.51
MCH2903,Swamy-Parsa,5699,Apparel & Clothing,Individual,Mumbai,Maharashtra,2023-04-14 00:00:00,,INACTIVE,1218.16
MCH1443,Swamy Plc,5999,Miscellaneous Retail,Private Limited,Lucknow,Uttar Pradesh,2023-10-06 00:00:00,,INACTIVE,209.63
MCH8703,Mody Group,5999,Miscellaneous Retail,Partnership,Hyderabad,Telangana,2023-04-09 03:36:19,XXXX1194,SUSPENDED,2908.51
MCH8574,Vohra Group,5912,Pharmacies & Healthcare,Individual,Jaipur,Rajasthan,2026-02-04 00:00:00,NSHE9263060444640,INACTIVE,746.57
MCH2060,Grover-Dugar,7011,Hotels & Lodging,Individual,Chennai,Tamil Nadu,2025-10-02 05:31:26,DZGT5983407724510,ACTIVE,540.0
MCH9190,"Dugar, Babu And Ba1A",5812,Restaurants & Dining,Individual,Chennai,Tamil Nadu,2025-01-24 00:00:00,,ACTIVE,471.43
MCH5441,Sur Group,5411,Grocery Stores,Private Limited,Ldh,Punjab,2023-02-08 00:00:00,UQUC6317470493069,ACTIVE,1094.34
MCH8119,Subramanianandsons,4131,Transportation,Sole Proprietorship,Amritsar,Punjab,2023-06-14 00:00:00,,ACTIVE,1285.93
MCH1144,Morar-Rattan,5699,Apparel & Clothing,Sole Proprietorship,Jaipur,Rajasthan,2025-01-20 00:00:00,,ACTIVE,1182.28
MCH4428,Raja-Kapadia,5942,Books & Stationery,Private Limited,Poona,Maharashtra,2023-01-21 00:00:00,4361145093,ACTIVE,3396.0
MCH6555,Tata-Bajwa,5311,Department Stores,Partnership,Lucknow,Uttar Pradesh,2023-12-24 00:00:00,,ON_HOLD,3890.0
MCH8456,Srinivasan And Sons,5411,Grocery Stores,Individual,Jalandhar,Punjab,2023-04-03 13:45:00,XXXX9275,ACTIVE,3454.0
MCH6554,Vora Llc,7011,Hotels & Lodging,Individual,Bengaluru,Karnataka,2024-10-06 15:25:00,,INACTIVE,3625.66
MCH9032,Johal-Vaidya,5311,Department Stores,Partnership,Mumbai,Maharashtra,2023-07-06 06:53:00,,ACTIVE,821.89
MCH2671,Mohanty-Chakrabarti,5999,Miscellaneous Retail,Partnership,Jalandhar,Punjab,2023-05-08 18:02:00,,ACTIVE,1187.55
MCH2126,Golla And Sons,5311,Department Stores,Partnership,Hyderabad,Telangana,2024-04-15 00:00:00,VOOP9800619907319,ACTIVE,342.0
MCH1391,"Kale, Shroff And Barad",7011,Hotels & Lodging,Individual,Kolkata,West Bengal,2025-10-31 06:57:00,,SUSPENDED,2757.0
MCH4303,"Dhingra, Khurana And Zachariah",4814,Telecommunication Services,Partnership,Mumbai,Maharashtra,2023-08-25 03:02:00,,ACTIVE,2476.0
MCH9881,Kalla-Tara,5411,Grocery Stores,Private Limited,Delhi,Delhi,2025-10-04 00:00:00,,ACTIVE,1174.86
MCH4593,Dube-Ravel,7011,Hotels & Lodging,Partnership,Hyderabad,Telangana,2025-08-30 00:00:00,,ACTIVE,1285.0
MCH2297,Mutti And Sons,5942,Books & Stationery,Partnership,Ldh,Punjab,2026-01-15 05:18:27,,ACTIVE,1134.74
MCH9442,Issac-Batra,7011,Hotels & Lodging,Partnership,Delhi,Delhi,2025-08-12 00:00:00,,ACTIVE,1049.17
MCH1878,Narula Group,7011,Hotels & Lodging,Private Limited,Delhi,Delhi,2025-02-26 00:00:00,XXXX5015,ACTIVE,
MCH7001,Das Llc,4814,Telecommunication Services,Private Limited,Kolkata,West Bengal,2025-02-09 00:00:00,,ACTIVE,3255.38
MCH4263,Kari And Sons,4814,Telecommunication Services,Private Limited,Kolkata,West Bengal,2023-11-27 00:00:00,,ACTIVE,616.52
MCH6167,"Chawla, Andra And Varty",4814,Telecommunication Services,Partnership,Hyderabad,Telangana,2023-05-08 00:00:00,6258351219,ACTIVE,2407.62
MCH2279,Sarma Inc,5912,Pharmacies & Healthcare,Private Limited,Mumbai,Maharashtra,2024-07-29 00:00:00,CIPY5229888115398,ACTIVE,2197.82
MCH2107,"Wali, Srinivas And Vyas",5912,Pharmacies & Healthcare,Private Limited,Chennai,Tamil Nadu,2023-08-29 00:00:00,KNZL1450578164711,ACTIVE,679.27
MCH8445,Chand Inc,5999,Miscellaneous Retail,Partnership,Jaipur,Rajasthan,2025-12-27 10:31:00,,ACTIVE,2873.41
MCH9117,"Kale, Kohli And Chhabra",5942,Books & Stationery,Sole Proprietorship,Jalandhar,Punjab,,,ON_HOLD,206.51
MCH7343,Dixit Ltd,5912,Pharmacies & Healthcare,Partnership,Jaipur,Rajasthan,,XXXX6255,ACTIVE,3142.0
MCH9580,"Murthy, Virk And Lad",5311,Department Stores,Partnership,Ludhiana,Punjab,2025-09-20 00:00:00,,ACTIVE,1520.62
MCH5205,"Yogi, Minhas And Goda",5311,Department Stores,Partnership,Ludhiana,Punjab,2025-06-01 00:00:00,,INACTIVE,455.0
MCH9627,Randhawa Gr0Up,7011,Hotels & Lodging,Private Limited,Chennai,Tamil Nadu,2023-08-31 05:51:15,,ACTIVE,714.24
MCH9246,"Krishna, Wable And Kanda",4814,Telecommunication Services,Sole Proprietorship,Pune,Maharashtra,2023-03-01 00:00:00,XXXX5813,ACTIVE,859.77
MCH8036,"Sarma, Madan And Pandey",5912,Pharmacies & Healthcare,Partnership,Mumbai,Maharashtra,2025-07-12 21:56:39,,ACTIVE,2055.77
MCH3607,Va1A-D0Ra,5812,Restaurants & Dining,Individual,Ldh,Punjab,2024-11-09 00:00:00,,ACTIVE,1953.09
MCH5835,"Kanda, Saraf And Prashad",5699,Apparel & Clothing,Sole Proprietorship,Jalandhar,Punjab,2023-03-06 00:00:00,,ACTIVE,622.64
MCH2971,"Garg, Merchant And Kuruvilla",5699,Apparel & Clothing,Individual,Ludhiana,Punjab,2024-08-28 00:00:00,,ACTIVE,205.16
MCH9263,"Chatterjee, Anand And Mani",5999,Miscellaneous Retail,Partnership,Kolkata,West Bengal,2024-05-05 00:44:32,,ACTIVE,628.47
MCH6524,Chaudry-Lall,7011,Hotels & Lodging,Sole Proprietorship,Delhi,Delhi,2023-12-25 00:00:00,RGKG5701905439053,INACTIVE,
MCH5966,"Bala, Tandon And Keer",5411,Grocery Stores,Individual,Lucknow,Uttar Pradesh,2023-02-06 00:00:00,,ACTIVE,255.77
MCH7200,Madan Plc,5699,Apparel & Clothing,Individual,Delhi,Delhi,2025-03-02 00:00:00,4050915455,ACTIVE,190.57
MCH8988,"Ratti, Rattan And Menon",5942,Books & Stationery,Private Limited,Chennai,Tamil Nadu,2026-02-21 19:46:26,XXXX5339,ACTIVE,1897.88
MCH4326,Morar-Jani,7011,Hotels & Lodging,Partnership,Lucknow,Uttar Pradesh,2025-12-14 00:00:00,,ACTIVE,9768.01
MCH7865,Rout Inc,5311,Department Stores,Individual,Hyderabad,Telangana,2023-11-13 13:57:04,XXXX3299,ACTIVE,2187.26
